case,sample,platform,file_id,file_name,size
TCGA-02-0047,TCGA-02-0047-01A,Illumina Human Methylation 27,6587bdc3-779e-4fa9-8e2e-aee332e3b675,6aceb16e-2157-4e6d-b01a-035edac0f3f0.methylation_array.sesame.level3betas.txt,754794
TCGA-02-0055,TCGA-02-0055-01A,Illumina Human Methylation 27,4322eb77-fe07-4a04-a4f0-a0686c8a76f1,6512ecfb-7762-4deb-bf0a-83f3fb10bdd1.methylation_array.sesame.level3betas.txt,765810
TCGA-02-2483,TCGA-02-2483-01A,Illumina Human Methylation 27,10bc3274-1cce-4fea-860c-1b1ea8fa3400,82da608d-2378-4b3b-8db5-8f30bd2eec13.methylation_array.sesame.level3betas.txt,774984
TCGA-02-2485,TCGA-02-2485-01A,Illumina Human Methylation 27,af0a1e7f-795b-4f0f-8b4a-92aac941af27,e234df16-8669-4cc3-b316-dc23f1bf2121.methylation_array.sesame.level3betas.txt,775848
TCGA-02-2486,TCGA-02-2486-01A,Illumina Human Methylation 27,cdb82937-7f7a-4f51-bcbe-510f853c72ec,f97cc48f-b507-4699-9613-c4f58bb07fb5.methylation_array.sesame.level3betas.txt,774903
TCGA-06-0125,TCGA-06-0125-01A,Illumina Human Methylation 450,408cb2a0-d4c8-4f22-815c-f3fd9c7553a5,e78565c0-3d3c-4982-9283-7ea032803a67.methylation_array.sesame.level3betas.txt,13184849
TCGA-06-0129,TCGA-06-0129-01A,Illumina Human Methylation 27,0e58eca9-da13-4ad2-af16-5cf20e4c7fa9,115cd4f0-1d86-437e-9672-a2d8cfa08ae9.methylation_array.sesame.level3betas.txt,762206
TCGA-06-0130,TCGA-06-0130-01A,Illumina Human Methylation 27,c619ef57-a6f4-41e2-8aac-266ab21f1cb3,7b8d5379-f180-4566-9085-609a7e392bc9.methylation_array.sesame.level3betas.txt,761197
TCGA-06-0139,TCGA-06-0139-01A,Illumina Human Methylation 27,7c3a551b-43c0-406c-8b67-e9771ee3aea3,c9eb1c59-3edc-4e8d-9f5b-8aade094f86c.methylation_array.sesame.level3betas.txt,751437
TCGA-06-0141,TCGA-06-0141-01A,Illumina Human Methylation 27,67d0cc42-1381-436f-974f-cfdaa2b0fd2d,151dc293-be67-469f-8fcc-c85798c6d4f8.methylation_array.sesame.level3betas.txt,762287
TCGA-06-0190,TCGA-06-0190-01A,Illumina Human Methylation 450,2ab5b8c8-ca33-4a50-b407-ba54b35122f7,da32f5ad-d46b-487a-87bb-7746cd74f984.methylation_array.sesame.level3betas.txt,13184791
TCGA-06-0210,TCGA-06-0210-01A,Illumina Human Methylation 450,34108917-ea36-475d-a35c-7274da10f3dc,cdabc9eb-c63a-4b49-becf-b786d1082599.methylation_array.sesame.level3betas.txt,13166766
TCGA-06-0211,TCGA-06-0211-01A,Illumina Human Methylation 450,2c2b941f-301d-4132-88fc-7d0e6bfdf6c1,3f89b03c-484d-46fc-949a-04e9b3c47100.methylation_array.sesame.level3betas.txt,13170474
TCGA-06-0878,TCGA-06-0878-01A,Illumina Human Methylation 27,d0a9e075-4295-4c29-ac91-2b3f2d619d20,62d2be13-55f8-4c16-84ad-557a09b85b8a.methylation_array.sesame.level3betas.txt,765128
TCGA-06-0882,TCGA-06-0882-01A,Illumina Human Methylation 27,ce130be4-87e0-4c55-83a4-1f184b76829d,ec0f2a4a-bea2-496b-812f-8f08bb4826db.methylation_array.sesame.level3betas.txt,769156
TCGA-06-1804,TCGA-06-1804-01A,Illumina Human Methylation 450,647575ef-d4fb-48b6-bccb-5b0bfbb3e5cd,0ffddf00-17a9-4d06-a57f-f370fcca86c6.methylation_array.sesame.level3betas.txt,13008726
TCGA-06-2557,TCGA-06-2557-01A,Illumina Human Methylation 27,47fd780b-9210-452a-bc92-8b5759821c02,14b4f26d-5ae2-4f9a-8ca7-bfa30ab3c7d5.methylation_array.sesame.level3betas.txt,775198
TCGA-06-2558,TCGA-06-2558-01A,Illumina Human Methylation 27,465be4da-c411-4ef6-b147-22220e3630f2,3dc800dc-249f-4dcd-ae87-c8af6b57ed2c.methylation_array.sesame.level3betas.txt,774774
TCGA-06-2559,TCGA-06-2559-01A,Illumina Human Methylation 27,b59fc890-fe1b-45f8-b744-24a5e801340f,8ac42e0b-b119-4d52-9d96-ee3880d00a64.methylation_array.sesame.level3betas.txt,776579
TCGA-06-2561,TCGA-06-2561-01A,Illumina Human Methylation 27,1aa00232-bc8b-4436-be35-f38a85a623f0,56e13c0d-4452-48e1-9929-11099e7d7648.methylation_array.sesame.level3betas.txt,774246
TCGA-06-2562,TCGA-06-2562-01A,Illumina Human Methylation 27,d257bb06-d4f6-471b-a93e-9d1980d3def8,d76097d6-1285-4d74-8e84-8593118cd6c2.methylation_array.sesame.level3betas.txt,774061
TCGA-06-2563,TCGA-06-2563-01A,Illumina Human Methylation 27,5d44b096-ccd5-4593-83e1-ebd352b45ca0,b66f7147-0316-4339-b6c5-b6da4f0b6689.methylation_array.sesame.level3betas.txt,775860
TCGA-06-2564,TCGA-06-2564-01A,Illumina Human Methylation 27,e3d06d74-fa0b-48bb-aa07-480574d92564,667e90bb-eb62-4ef2-bac1-4aa1fedf501c.methylation_array.sesame.level3betas.txt,776981
TCGA-06-2565,TCGA-06-2565-01A,Illumina Human Methylation 27,eeecdf32-6d46-44f4-b025-6ab1b638d910,6b62f7e7-f9d8-4dd6-889d-c28aba79ba45.methylation_array.sesame.level3betas.txt,775406
TCGA-06-2567,TCGA-06-2567-01A,Illumina Human Methylation 27,c9a51995-60d8-4062-bae3-4ee596a4212a,551306ce-7011-4855-b4b8-c73951a63cfd.methylation_array.sesame.level3betas.txt,775562
TCGA-06-2569,TCGA-06-2569-01A,Illumina Human Methylation 27,b29787dc-2c6f-4455-9b4c-ee85b06976ef,ff78d2c4-c3bf-4f40-85d5-e37153176f1f.methylation_array.sesame.level3betas.txt,772377
TCGA-06-2570,TCGA-06-2570-01A,Illumina Human Methylation 27,0b3c47c0-5cfa-455c-bf0a-821be0188bd7,739934e1-6e74-4813-8d78-c1b78127ac5c.methylation_array.sesame.level3betas.txt,776602
TCGA-06-5408,TCGA-06-5408-01A,Illumina Human Methylation 450,851fa572-b952-4203-a307-d5d659bafd38,6ba0171b-46eb-43a3-80dd-c7a1eb13c5c3.methylation_array.sesame.level3betas.txt,13163981
TCGA-06-5410,TCGA-06-5410-01A,Illumina Human Methylation 450,da9d37e0-8c92-41f0-8c08-5b9fa4fe79ad,75b91801-d53b-42a3-b202-09e59c350eb8.methylation_array.sesame.level3betas.txt,13142733
TCGA-06-5411,TCGA-06-5411-01A,Illumina Human Methylation 450,305038a8-1fa0-431e-a8bf-b70c64b1c530,e7aa5415-73d2-4023-b622-bb1d3a6bf530.methylation_array.sesame.level3betas.txt,13095956
TCGA-06-5412,TCGA-06-5412-01A,Illumina Human Methylation 450,dfd4230c-9e04-4ef2-beb0-b78b17f02373,28c3cf31-1550-4060-bb7e-ba21576e8ac0.methylation_array.sesame.level3betas.txt,13170721
TCGA-06-5413,TCGA-06-5413-01A,Illumina Human Methylation 450,113a3563-1d62-43c8-9a46-04e31f08d3c9,9fed810f-84dc-4f0c-951f-6ebb802405ee.methylation_array.sesame.level3betas.txt,12999517
TCGA-06-5414,TCGA-06-5414-01A,Illumina Human Methylation 450,f4647797-56d8-46d7-97b4-d7fde78b9fe2,91f982ce-d8d4-44e1-9f49-8b20852fe5c6.methylation_array.sesame.level3betas.txt,13075281
TCGA-06-5415,TCGA-06-5415-01A,Illumina Human Methylation 450,15f6261b-2efd-46ee-a016-837b2d002e3f,6f386377-954e-41d2-8b75-970aac05cb0c.methylation_array.sesame.level3betas.txt,12986152
TCGA-06-5416,TCGA-06-5416-01A,Illumina Human Methylation 450,5ee3f21a-11e5-413a-90c0-1d211d98785a,4c148f26-5cc1-4c64-8a42-379a7bb93f48.methylation_array.sesame.level3betas.txt,13024889
TCGA-06-5417,TCGA-06-5417-01A,Illumina Human Methylation 450,18d06783-8b32-4d26-b204-6d8887762f04,59d1b598-2de3-43eb-b763-49ee299b54a5.methylation_array.sesame.level3betas.txt,13054770
TCGA-06-5418,TCGA-06-5418-01A,Illumina Human Methylation 450,90c8f84d-274c-4dbd-a5f9-027b60ca6ba4,c8a4dec9-686c-43e1-9a06-62a51aa64d87.methylation_array.sesame.level3betas.txt,13131868
TCGA-06-5856,TCGA-06-5856-01A,Illumina Human Methylation 450,c2699f9b-d636-4781-8560-6e8c44e0f0be,a2c33ee2-3852-40ee-8142-9137c9b45e98.methylation_array.sesame.level3betas.txt,13138449
TCGA-06-5858,TCGA-06-5858-01A,Illumina Human Methylation 450,2c11de41-720b-4f9f-af5b-ceb2458269b0,33acc379-2bf1-4217-a03f-a134e14973d3.methylation_array.sesame.level3betas.txt,13158195
TCGA-06-5859,TCGA-06-5859-01A,Illumina Human Methylation 450,f300d7a1-a46e-41a4-9ca0-6f6b346c0d89,2ca02105-233b-4632-bb60-ea3fc46169dc.methylation_array.sesame.level3betas.txt,13059200
TCGA-06-6698,TCGA-06-6698-01A,Illumina Human Methylation 450,2328e7c8-c9af-4031-a164-0b9e034b2419,78fafc18-49e3-4dde-bda2-3eb446eb5685.methylation_array.sesame.level3betas.txt,13207587
TCGA-12-0821,TCGA-12-0821-01A,Illumina Human Methylation 27,3b8ce6ba-cf37-406c-8eff-e26e50296909,467d12d9-073d-4333-93f2-b29bb2b019e0.methylation_array.sesame.level3betas.txt,769842
TCGA-12-1597,TCGA-12-1597-01B,Illumina Human Methylation 27,0199f6d1-055b-4123-8522-b2a8afaec6a9,1d172504-25e1-440e-a3ba-65f2bf3670ec.methylation_array.sesame.level3betas.txt,767742
TCGA-12-3650,TCGA-12-3650-01A,Illumina Human Methylation 27,4882d8d7-49b8-4152-8b38-807bf65479d1,9a8315ba-db55-426e-8a3c-14947651d063.methylation_array.sesame.level3betas.txt,763170
TCGA-12-3652,TCGA-12-3652-01A,Illumina Human Methylation 27,66d51514-0906-48ee-aaad-0938f055987e,6b97a90f-83e3-440d-9c8d-20fe160e362d.methylation_array.sesame.level3betas.txt,766054
TCGA-12-3653,TCGA-12-3653-01A,Illumina Human Methylation 27,83007c9d-79b0-4494-8837-173982c56d25,5e4bbc4d-b404-4a37-abed-ce7e1de13ce7.methylation_array.sesame.level3betas.txt,768491
TCGA-12-5295,TCGA-12-5295-01A,Illumina Human Methylation 450,07bb84e7-7b7a-4e58-b5b2-28865ee01653,9daef1ae-dc9f-4690-b8d7-caf48d4aea4d.methylation_array.sesame.level3betas.txt,13098862
TCGA-12-5299,TCGA-12-5299-01A,Illumina Human Methylation 450,83e601c5-3a72-4732-8de0-4bab55762304,e5571b0a-2232-449e-8372-eafa56aa0ea8.methylation_array.sesame.level3betas.txt,12942792
TCGA-14-0781,TCGA-14-0781-01B,Illumina Human Methylation 450,1c25f778-5153-4a4e-8eb3-3f75fcf39d77,d52b10d1-5aa1-4441-9ee1-e064a1c95be1.methylation_array.sesame.level3betas.txt,13051669
TCGA-14-0787,TCGA-14-0787-01A,Illumina Human Methylation 27,efd3ba23-0342-4486-87da-be664a9a14de,46a5c115-bf2a-471f-b110-d4d431f8ed14.methylation_array.sesame.level3betas.txt,763534
TCGA-14-0789,TCGA-14-0789-01A,Illumina Human Methylation 27,f62a762a-e4ca-4495-92ec-dbc97417f5c2,2b0a0fde-69d9-44f1-885c-b5bbd5302546.methylation_array.sesame.level3betas.txt,764654
TCGA-14-0790,TCGA-14-0790-01B,Illumina Human Methylation 27,92bf2bd6-590d-4f0b-957c-5752d195933f,14a226e0-1de2-443c-a96b-1941e9627406.methylation_array.sesame.level3betas.txt,775450
TCGA-14-0817,TCGA-14-0817-01A,Illumina Human Methylation 27,2727c77f-c34e-4ce8-a26b-181d377c1905,3c52e53a-4fc4-4a53-999d-93516248d605.methylation_array.sesame.level3betas.txt,766635
TCGA-14-0871,TCGA-14-0871-01A,Illumina Human Methylation 27,c6ac0210-aa8d-4640-a300-cf75b40f8ba5,839c6309-c201-4503-a5f9-b470b30f38b3.methylation_array.sesame.level3betas.txt,766324
TCGA-14-1034,TCGA-14-1034-01A,Illumina Human Methylation 27,07248f0c-b2c6-4ef9-964b-9efd4edc0496,f5a31d67-3f9a-4356-a0db-769714cb8e59.methylation_array.sesame.level3betas.txt,770407
TCGA-14-1823,TCGA-14-1823-01A,Illumina Human Methylation 27,6aa010e8-7282-4afe-ab0a-fe41a19b5fde,7869f02c-5f17-4bca-8862-2f906113a843.methylation_array.sesame.level3betas.txt,775741
TCGA-14-1825,TCGA-14-1825-01A,Illumina Human Methylation 27,b41c18e2-67c2-47f5-a964-bc541981497c,964c30a3-04ed-4939-bb00-2c28ca9c038b.methylation_array.sesame.level3betas.txt,780517
TCGA-14-1829,TCGA-14-1829-01A,Illumina Human Methylation 27,8a478fd7-e321-4c2d-a831-9249a8a9466c,bd2c32a7-eb05-40f5-bfc1-9c40d19098c2.methylation_array.sesame.level3betas.txt,776822
TCGA-14-2554,TCGA-14-2554-01A,Illumina Human Methylation 27,869acc39-87f9-4921-abeb-100235e657ce,2f03645b-26dc-4f3a-a4f2-d716ef3b5e97.methylation_array.sesame.level3betas.txt,776338
TCGA-15-1444,TCGA-15-1444-01A,Illumina Human Methylation 450,1eff957a-c7c0-4c23-b446-0776cf17cbe5,c3b83a84-1457-4c9b-9e9c-ed984decd58a.methylation_array.sesame.level3betas.txt,13064565
TCGA-16-0846,TCGA-16-0846-01A,Illumina Human Methylation 27,c07608e4-5e8c-41c7-92d2-5567e51ecaf4,24ab98eb-02eb-4866-b107-cc5967eedc58.methylation_array.sesame.level3betas.txt,748888
TCGA-16-1045,TCGA-16-1045-01B,Illumina Human Methylation 27,50e353b3-5d4e-43e3-b94b-9102af9908be,71c38ad4-1e2e-4ac8-a39c-45e4a19016a2.methylation_array.sesame.level3betas.txt,765836
TCGA-19-1390,TCGA-19-1390-01A,Illumina Human Methylation 27,4fe74aec-5631-4133-ab32-88e18d898c35,32019f0d-b756-48f2-bbba-917cb23fa2fa.methylation_array.sesame.level3betas.txt,761837
TCGA-19-1787,TCGA-19-1787-01B,Illumina Human Methylation 27,7581b6c6-f41b-409c-8a27-708b32533b09,4cfee232-dedf-4a70-8a29-bf4ad0de9afd.methylation_array.sesame.level3betas.txt,767528
TCGA-19-2619,TCGA-19-2619-01A,Illumina Human Methylation 27,08fb15d8-671e-4090-b8ce-83fc1624ac7d,600cca17-2a77-444e-9643-5b11e7150f1c.methylation_array.sesame.level3betas.txt,766679
TCGA-19-2620,TCGA-19-2620-01A,Illumina Human Methylation 27,8ba93d16-eb6e-4099-a4c5-51bde56b7746,c6657006-15b2-4af9-81b9-0cea914c30f2.methylation_array.sesame.level3betas.txt,761869
TCGA-19-2624,TCGA-19-2624-01A,Illumina Human Methylation 27,9d2098c1-a5dc-4fea-85ed-00d3ccdfb0c4,d77ff6b8-7e26-4f72-bf18-bd5cc3e0b132.methylation_array.sesame.level3betas.txt,764201
TCGA-19-2625,TCGA-19-2625-01A,Illumina Human Methylation 27,2927a828-9630-4bd7-a334-e6cd318d3540,f2932643-c60f-46dc-ac26-9357263984e3.methylation_array.sesame.level3betas.txt,762511
TCGA-19-2629,TCGA-19-2629-01A,Illumina Human Methylation 27,d4b2480f-45f1-4f4d-9f12-47120f167e63,f0e4757f-0ac1-4ee8-bc77-43ed6f614bf5.methylation_array.sesame.level3betas.txt,763042
TCGA-19-4065,TCGA-19-4065-01A,Illumina Human Methylation 450,6ae0e2eb-6deb-4dc6-8e55-9253f3aeca66,de22380d-96d2-43ea-b75e-5a825b1fe83c.methylation_array.sesame.level3betas.txt,13202894
TCGA-19-5960,TCGA-19-5960-01A,Illumina Human Methylation 450,25a4f750-1305-4582-90aa-8647f1c19fb1,1e9dcf52-0142-4add-b862-33aa35604179.methylation_array.sesame.level3betas.txt,13105891
TCGA-26-1442,TCGA-26-1442-01A,Illumina Human Methylation 450,65ed557c-76c9-434e-8745-412a76aee939,d740a6eb-46a2-47d1-844a-fc279928ce93.methylation_array.sesame.level3betas.txt,13028244
TCGA-26-5132,TCGA-26-5132-01A,Illumina Human Methylation 450,005984f2-6e30-435c-a299-e6b5e5c4680c,0b69999f-da07-474f-9170-dfc71fd1d16b.methylation_array.sesame.level3betas.txt,13008417
TCGA-26-5133,TCGA-26-5133-01A,Illumina Human Methylation 450,58ca7e85-c14c-4978-8bbd-a6726ab837a8,82c95944-9bb1-45bb-907f-a24158399335.methylation_array.sesame.level3betas.txt,13023086
TCGA-26-5134,TCGA-26-5134-01A,Illumina Human Methylation 450,8638e3c1-9b66-422f-9ac9-dca04702b0e4,37ab77c2-82ba-4c63-9b4f-daf004141c44.methylation_array.sesame.level3betas.txt,13039371
TCGA-26-5135,TCGA-26-5135-01A,Illumina Human Methylation 450,d399cf5e-9d51-4002-a417-0c199f120299,1254942e-3742-48d2-9322-1169a446ebcc.methylation_array.sesame.level3betas.txt,12981710
TCGA-26-5136,TCGA-26-5136-01B,Illumina Human Methylation 450,91329f18-8c9d-41aa-8839-db509fce9ea1,789283ce-5e62-4652-81d1-806eab084d9f.methylation_array.sesame.level3betas.txt,13020921
TCGA-26-5139,TCGA-26-5139-01A,Illumina Human Methylation 450,222a1e15-cb21-428a-b4cf-07b87174bf29,4de8ab15-d49a-42b5-80ec-ab0267de8a3b.methylation_array.sesame.level3betas.txt,12925772
TCGA-27-1830,TCGA-27-1830-01A,Illumina Human Methylation 27,c6fa385e-6855-4be6-89a2-fbee6611a2ec,1fea0b6e-29c2-45e3-934a-0687153dbaa8.methylation_array.sesame.level3betas.txt,767206
TCGA-27-1831,TCGA-27-1831-01A,Illumina Human Methylation 27,b46cd75f-41d0-4ce3-ad91-e702662bfabf,e68ad148-ce9e-42d9-a094-e1cf9b73ba34.methylation_array.sesame.level3betas.txt,776286
TCGA-27-1832,TCGA-27-1832-01A,Illumina Human Methylation 27,6e248348-67be-4349-b796-4df7e419be08,3bad0876-b9c4-4172-9c46-fff00271a429.methylation_array.sesame.level3betas.txt,776180
TCGA-27-1834,TCGA-27-1834-01A,Illumina Human Methylation 27,4bd92512-3ddb-40a5-ab08-9de111330a0f,e35c26c2-5fd1-4e68-9bb7-d5d586c16c76.methylation_array.sesame.level3betas.txt,776570
TCGA-27-1835,TCGA-27-1835-01A,Illumina Human Methylation 27,729bbd4c-0c40-45fd-adeb-e9d5a73ecde2,7933d530-ffda-4b60-b8f7-7777dee107e1.methylation_array.sesame.level3betas.txt,776689
TCGA-27-1837,TCGA-27-1837-01A,Illumina Human Methylation 27,fb478f60-4f1c-4280-bcf1-150bb149b11b,6abd70ff-6455-4c0b-8d34-53b946ef17e5.methylation_array.sesame.level3betas.txt,777431
TCGA-27-2519,TCGA-27-2519-01A,Illumina Human Methylation 27,c86b751f-3725-49a8-a25b-4ed19c17278d,aad4cdb2-c7bf-4d93-935d-6fd5a9566290.methylation_array.sesame.level3betas.txt,776387
TCGA-27-2521,TCGA-27-2521-01A,Illumina Human Methylation 27,0aaf79bd-905a-42a2-87fe-16bba8bb8ed0,1b8aee34-7605-49ff-94cf-3f6b4a90d7bc.methylation_array.sesame.level3betas.txt,776649
TCGA-27-2523,TCGA-27-2523-01A,Illumina Human Methylation 27,7f52af96-42fb-4182-a839-e6d594bb3d59,bf146a6b-f84c-487b-9a01-f42d0f74dc53.methylation_array.sesame.level3betas.txt,775858
TCGA-27-2524,TCGA-27-2524-01A,Illumina Human Methylation 27,a87ae5b3-a007-488e-880f-f05577b6969b,ca84ccf3-7d17-4917-a1e4-7fc7e8bfe046.methylation_array.sesame.level3betas.txt,774608
TCGA-27-2526,TCGA-27-2526-01A,Illumina Human Methylation 27,658df258-b899-48e5-8c7f-fbdc34bcdecf,edfdabe5-7d6a-469a-98ab-697a8881b08e.methylation_array.sesame.level3betas.txt,775628
TCGA-27-2528,TCGA-27-2528-01A,Illumina Human Methylation 27,fb8bae31-52d6-4103-8c55-62b4beee875b,6c8442da-2a36-4294-8730-0288028fc588.methylation_array.sesame.level3betas.txt,776943
TCGA-28-1747,TCGA-28-1747-01C,Illumina Human Methylation 27,593a9737-ebb5-4b5b-8a19-8f1d10a124b1,3ee544b8-184d-48f1-982c-592504a19b66.methylation_array.sesame.level3betas.txt,777823
TCGA-28-1753,TCGA-28-1753-01A,Illumina Human Methylation 27,a77ee025-5e5d-4dee-bddb-f94044550c6a,c6fad5e2-81d0-4396-a942-5588f7836d7e.methylation_array.sesame.level3betas.txt,773737
TCGA-28-2499,TCGA-28-2499-01A,Illumina Human Methylation 27,671e6b6e-8d71-4195-9021-04bc1a746d39,820590e4-b8fd-4296-b03e-bae1a2a81830.methylation_array.sesame.level3betas.txt,775315
TCGA-28-2509,TCGA-28-2509-01A,Illumina Human Methylation 27,a7e9f256-5fa8-4ef9-9875-d5e4a2b2446f,e0e9c5a0-1e0e-4b5d-b200-218da49426c4.methylation_array.sesame.level3betas.txt,773919
TCGA-28-2510,TCGA-28-2510-01A,Illumina Human Methylation 450,07e0615e-4129-4130-a7dd-669be4457742,aa9cd003-ea5c-44ce-ac0f-08975ada62cc.methylation_array.sesame.level3betas.txt,13084084
TCGA-28-2513,TCGA-28-2513-01A,Illumina Human Methylation 27,347dfb97-6555-401f-b1df-2861fa67661d,dd780bf7-d0e2-499e-b663-8e2a9e3451e3.methylation_array.sesame.level3betas.txt,776522
TCGA-28-2514,TCGA-28-2514-01A,Illumina Human Methylation 27,db4d92b0-b70e-4c57-ad61-d6df8e6f12f2,d5c350db-c556-425d-9799-a410325b3119.methylation_array.sesame.level3betas.txt,776637
TCGA-28-5204,TCGA-28-5204-01A,Illumina Human Methylation 450,063a67d9-b89c-4871-997b-eba528783d0d,33edb3fc-6573-4e7e-8a7e-277e5a7f58bb.methylation_array.sesame.level3betas.txt,12990248
TCGA-28-5207,TCGA-28-5207-01A,Illumina Human Methylation 450,1c80ac56-5237-4a89-915c-6595b1199c51,41badc95-1e62-4af4-ad19-fcfae9769d24.methylation_array.sesame.level3betas.txt,12942594
TCGA-28-5208,TCGA-28-5208-01A,Illumina Human Methylation 450,cbc0c286-7548-4609-8211-e9301bd696f4,30ef2ff4-0d88-420e-a828-02a2f933176e.methylation_array.sesame.level3betas.txt,13078863
TCGA-28-5209,TCGA-28-5209-01A,Illumina Human Methylation 450,f419e7ae-06d6-47c3-8f31-86560caafda3,cc0aa5b5-187d-499c-89bb-3f76c4ad4181.methylation_array.sesame.level3betas.txt,13092989
TCGA-28-5213,TCGA-28-5213-01A,Illumina Human Methylation 450,2d6e4afa-65f2-410e-9850-b371aea15695,e0839446-38fd-442e-9eae-2a8f14ca55a1.methylation_array.sesame.level3betas.txt,12987739
TCGA-28-5215,TCGA-28-5215-01A,Illumina Human Methylation 450,f8856a8c-b0af-499a-b4df-fa60a0c15979,7dfdceca-a534-4849-87d4-10200d369000.methylation_array.sesame.level3betas.txt,13069183
TCGA-28-5216,TCGA-28-5216-01A,Illumina Human Methylation 450,566009b5-b368-4ee1-9a3d-12b30027b85a,293acc99-d23a-4b70-980d-27d4f7dcfdf4.methylation_array.sesame.level3betas.txt,12971777
TCGA-28-5218,TCGA-28-5218-01A,Illumina Human Methylation 450,b30dc292-016b-41af-8129-9893f0117ae0,3fe3c906-a666-4c24-84df-15ff2b2e28b4.methylation_array.sesame.level3betas.txt,13026635
TCGA-28-5220,TCGA-28-5220-01A,Illumina Human Methylation 450,6e61e566-ce0d-4e8e-9b85-54f31231961f,df47e3fe-5cab-4d0e-8958-f5fd2bb9d2cf.methylation_array.sesame.level3betas.txt,13141416
TCGA-32-1970,TCGA-32-1970-01A,Illumina Human Methylation 27,f2772e2f-b24c-4e03-bce5-ad694c13c150,90b5abf9-0f75-4c7d-aca7-9164a1aecb74.methylation_array.sesame.level3betas.txt,775631
TCGA-32-1980,TCGA-32-1980-01A,Illumina Human Methylation 450,bc1f3de8-e566-4edc-ab9b-70cdb0de7802,09cb404b-1e46-4fc4-9fe7-39fefb4320ec.methylation_array.sesame.level3betas.txt,13085226
TCGA-32-1982,TCGA-32-1982-01A,Illumina Human Methylation 27,020eb43b-9957-4641-91e8-69977727f3a2,33d9e25f-25a3-4c04-b11b-7b456095df41.methylation_array.sesame.level3betas.txt,775783
TCGA-32-2615,TCGA-32-2615-01A,Illumina Human Methylation 27,4e7c57cc-1ba7-4b48-9745-35c698cfc322,3b13ab45-bb85-4839-aaed-1c29b31d99ff.methylation_array.sesame.level3betas.txt,762254
TCGA-32-2616,TCGA-32-2616-01A,Illumina Human Methylation 27,26ca0340-0dcd-44f3-a955-fad5f0b85552,abc32710-b9a6-4651-ab63-5594d7f54702.methylation_array.sesame.level3betas.txt,764587
TCGA-32-2632,TCGA-32-2632-01A,Illumina Human Methylation 27,2437185b-c0f2-46a7-826a-4deab91ce75f,70631f26-0d47-46cf-8d73-1a5cb184cfac.methylation_array.sesame.level3betas.txt,768654
TCGA-32-2634,TCGA-32-2634-01A,Illumina Human Methylation 27,fa3aa956-c1d3-4953-906d-3f65f22d2759,6c39317f-24a3-4f60-8dcd-0a7b6c4a790b.methylation_array.sesame.level3betas.txt,761591
TCGA-32-2638,TCGA-32-2638-01A,Illumina Human Methylation 27,41cedb3d-e7e0-4cd8-8dcf-6b42bb65e1ee,750a1b77-31cd-4d4f-b1b7-593e5749428b.methylation_array.sesame.level3betas.txt,763757
TCGA-32-4213,TCGA-32-4213-01A,Illumina Human Methylation 27,61fdc0ee-31d6-4051-bc1c-64feaa2e4042,fbc63a44-89c8-411c-87c9-05fd4138647a.methylation_array.sesame.level3betas.txt,774069
TCGA-32-5222,TCGA-32-5222-01A,Illumina Human Methylation 450,9ac3dcf0-f163-4a05-9796-15ccaf87a161,c5343441-106b-4888-85f7-b08b97e1cc35.methylation_array.sesame.level3betas.txt,13014919
TCGA-41-2571,TCGA-41-2571-01A,Illumina Human Methylation 27,bc56dde4-87a4-4249-acf8-2f237cd99906,a17c84ce-f10d-445b-8c78-c87bfb072218.methylation_array.sesame.level3betas.txt,764835
TCGA-41-2572,TCGA-41-2572-01A,Illumina Human Methylation 27,bd9731ce-60bd-46bc-9aa7-ac60a606af93,b168a49a-4b88-4bc7-b98e-60561536030f.methylation_array.sesame.level3betas.txt,775652
TCGA-41-3915,TCGA-41-3915-01A,Illumina Human Methylation 27,c23dd3b7-cbfe-45a8-8f90-d46187147d23,64290030-6f1c-406b-a4c9-f3d461ac1149.methylation_array.sesame.level3betas.txt,776671
TCGA-41-4097,TCGA-41-4097-01A,Illumina Human Methylation 27,88b02c32-064b-45ab-96d9-ae6807123afd,38f574d5-c3f3-4ec7-af0f-bfc91a7827f9.methylation_array.sesame.level3betas.txt,773617
TCGA-41-5651,TCGA-41-5651-01A,Illumina Human Methylation 450,2a58be4d-665f-4e54-b1cf-17589302ff0f,6caf9626-5fd2-4421-bba7-62683ffb0f30.methylation_array.sesame.level3betas.txt,13097408
TCGA-76-4925,TCGA-76-4925-01A,Illumina Human Methylation 450,2de55ab3-852b-41ce-8a58-c9d239035cb4,858e64bc-196d-4575-9fa8-b1a70f0011d4.methylation_array.sesame.level3betas.txt,13048488
TCGA-76-4926,TCGA-76-4926-01B,Illumina Human Methylation 450,abbfcb45-92ce-4502-a145-cff5dd8bdd12,20cf2d85-72c8-458f-95ec-c4084936e849.methylation_array.sesame.level3betas.txt,13058273
TCGA-76-4927,TCGA-76-4927-01A,Illumina Human Methylation 450,7b0157b1-ec2e-4ffd-837f-b79812d098db,d06bb036-3577-4faa-bc21-664e9e322c6b.methylation_array.sesame.level3betas.txt,12959266
TCGA-76-4928,TCGA-76-4928-01B,Illumina Human Methylation 450,fdee3ab0-ad69-47d2-8b65-22a1a4e1b849,5cf01ba2-4385-426b-ba70-5cb6869ee782.methylation_array.sesame.level3betas.txt,13000856
TCGA-76-4929,TCGA-76-4929-01A,Illumina Human Methylation 450,c9fd4808-f320-4341-8b4e-e26c6528b1ed,7c3722c4-09e6-46f2-99f4-024266ed4844.methylation_array.sesame.level3betas.txt,12968224
TCGA-76-4931,TCGA-76-4931-01A,Illumina Human Methylation 450,83ca5e2e-cca9-4089-a68d-2049061dc961,61da217e-f98b-43b2-aa5e-d8329fc5b671.methylation_array.sesame.level3betas.txt,12974822
TCGA-76-4932,TCGA-76-4932-01A,Illumina Human Methylation 450,f82e4b61-4a3f-4d65-a829-1d9fe55d8803,531f3a73-5a24-4ca8-9dce-673c9bb28144.methylation_array.sesame.level3betas.txt,12924949
