donor_id,tumor_name,idh1_mutant,idh1_source,codel_1p19q,codel_1p19q_source
12111,W10-1-1,0,GBM prior (assumed wild-type),0,"GBM prior (codeletion absent in GBM, WHO CNS5)"
12112,W11-1-1,0,GBM prior (assumed wild-type),0,"GBM prior (codeletion absent in GBM, WHO CNS5)"
10865,W1-1-2,0,GBM prior (assumed wild-type),0,"GBM prior (codeletion absent in GBM, WHO CNS5)"
12165,W12-1-1,0,GBM prior (assumed wild-type),0,"GBM prior (codeletion absent in GBM, WHO CNS5)"
12877,W13-1-1,0,GBM prior (assumed wild-type),0,"GBM prior (codeletion absent in GBM, WHO CNS5)"
12996,W16-1-1,0,GBM prior (assumed wild-type),0,"GBM prior (codeletion absent in GBM, WHO CNS5)"
159992499,W18-1-1,0,GBM prior (assumed wild-type),0,"GBM prior (codeletion absent in GBM, WHO CNS5)"
159994896,W19-1-1,0,GBM prior (assumed wild-type),0,"GBM prior (codeletion absent in GBM, WHO CNS5)"
277805907,W20-2-1,0,GBM prior (assumed wild-type),0,"GBM prior (codeletion absent in GBM, WHO CNS5)"
10926,W2-1-1,0,GBM prior (assumed wild-type),0,"GBM prior (codeletion absent in GBM, WHO CNS5)"
12995,W21-1-1,0,GBM prior (assumed wild-type),0,"GBM prior (codeletion absent in GBM, WHO CNS5)"
12997,W22-1-1,0,GBM prior (assumed wild-type),0,"GBM prior (codeletion absent in GBM, WHO CNS5)"
268091685,W22-2-1,0,GBM prior (assumed wild-type),0,"GBM prior (codeletion absent in GBM, WHO CNS5)"
13988,W26-1-1,0,GBM prior (assumed wild-type),0,"GBM prior (codeletion absent in GBM, WHO CNS5)"
277857061,W27-2-1,0,GBM prior (assumed wild-type),0,"GBM prior (codeletion absent in GBM, WHO CNS5)"
14220,W28-1-1,0,GBM prior (assumed wild-type),0,"GBM prior (codeletion absent in GBM, WHO CNS5)"
14221,W29-1-1,0,GBM prior (assumed wild-type),0,"GBM prior (codeletion absent in GBM, WHO CNS5)"
14545,W30-1-1,0,GBM prior (assumed wild-type),0,"GBM prior (codeletion absent in GBM, WHO CNS5)"
12102,W3-1-1,0,GBM prior (assumed wild-type),0,"GBM prior (codeletion absent in GBM, WHO CNS5)"
14734,W31-1-1,0,GBM prior (assumed wild-type),0,"GBM prior (codeletion absent in GBM, WHO CNS5)"
14737,W32-1-1,0,GBM prior (assumed wild-type),0,"GBM prior (codeletion absent in GBM, WHO CNS5)"
14738,W33-1-1,0,GBM prior (assumed wild-type),0,"GBM prior (codeletion absent in GBM, WHO CNS5)"
14762,W34-1-1,0,GBM prior (assumed wild-type),0,"GBM prior (codeletion absent in GBM, WHO CNS5)"
292023102,W35-1-1,0,GBM prior (assumed wild-type),0,"GBM prior (codeletion absent in GBM, WHO CNS5)"
14763,W36-1-1,0,GBM prior (assumed wild-type),0,"GBM prior (codeletion absent in GBM, WHO CNS5)"
15343,W38-1-1,0,GBM prior (assumed wild-type),0,"GBM prior (codeletion absent in GBM, WHO CNS5)"
15350,W39-1-1,0,GBM prior (assumed wild-type),0,"GBM prior (codeletion absent in GBM, WHO CNS5)"
15400,W40-1-1,0,GBM prior (assumed wild-type),0,"GBM prior (codeletion absent in GBM, WHO CNS5)"
12106,W4-1-1,0,GBM prior (assumed wild-type),0,"GBM prior (codeletion absent in GBM, WHO CNS5)"
113597455,W42-1-1,0,GBM prior (assumed wild-type),0,"GBM prior (codeletion absent in GBM, WHO CNS5)"
113597961,W43-1-1,0,GBM prior (assumed wild-type),0,"GBM prior (codeletion absent in GBM, WHO CNS5)"
159446123,W45-1-1,0,GBM prior (assumed wild-type),0,"GBM prior (codeletion absent in GBM, WHO CNS5)"
161243620,W48-1-1,0,GBM prior (assumed wild-type),0,"GBM prior (codeletion absent in GBM, WHO CNS5)"
180682564,W50-1-1,0,GBM prior (assumed wild-type),0,"GBM prior (codeletion absent in GBM, WHO CNS5)"
12109,W5-1-1,0,GBM prior (assumed wild-type),0,"GBM prior (codeletion absent in GBM, WHO CNS5)"
268091642,W53-1-1,0,GBM prior (assumed wild-type),0,"GBM prior (codeletion absent in GBM, WHO CNS5)"
286825896,W54-1-1,0,GBM prior (assumed wild-type),0,"GBM prior (codeletion absent in GBM, WHO CNS5)"
292023109,W55-1-1,0,GBM prior (assumed wild-type),0,"GBM prior (codeletion absent in GBM, WHO CNS5)"
12107,W6-1-1,0,GBM prior (assumed wild-type),0,"GBM prior (codeletion absent in GBM, WHO CNS5)"
12105,W7-1-1,0,GBM prior (assumed wild-type),0,"GBM prior (codeletion absent in GBM, WHO CNS5)"
12108,W8-1-1,0,GBM prior (assumed wild-type),0,"GBM prior (codeletion absent in GBM, WHO CNS5)"
12110,W9-1-1,0,GBM prior (assumed wild-type),0,"GBM prior (codeletion absent in GBM, WHO CNS5)"
