sample_id,tumor_name,donor_id,structure,zone,molecular_subtype,age,kps,mgmt_methylated,idh1_mutant,codel_1p19q,egfr_amplified,time_days,event
305273026,W31-1-1,14734,CT,CT,Proneural,17.0,90,0.0,0.0,0,0.0,871.0,1
305405294,W29-1-1,14221,PNZ,PAN/PNZ,"Classical, Neural",73.0,100,0.0,0.0,0,1.0,260.0,1
305952560,W4-1-1,12106,CT,CT,"Mesenchymal, Neural",50.0,90,0.0,0.0,0,0.0,540.0,1
306124462,W38-1-1,15343,HBV,HBV/MVP,Proneural,64.0,70,1.0,0.0,0,0.0,311.0,1
300173630,W1-1-2,10865,CT,CT,Classical,66.0,100,0.0,0.0,0,1.0,105.0,1
300173636,W1-1-2,10865,CT,CT,Classical,66.0,100,0.0,0.0,0,1.0,105.0,1
300629315,W1-1-2,10865,CT,CT,Classical,66.0,100,0.0,0.0,0,1.0,105.0,1
300629344,W2-1-1,10926,CT,CT,"Classical, Neural",64.0,90,1.0,0.0,0,1.0,1096.0,1
300629350,W2-1-1,10926,CT,CT,"Classical, Neural",64.0,90,1.0,0.0,0,1.0,1096.0,1
300629358,W2-1-1,10926,CT,CT,"Classical, Neural",64.0,90,1.0,0.0,0,1.0,1096.0,1
300629403,W5-1-1,12109,CT,CT,"Classical, Neural",64.0,90,0.0,0.0,0,1.0,,0
300629424,W5-1-1,12109,CT,CT,"Classical, Neural",64.0,90,0.0,0.0,0,1.0,,0
300629432,W5-1-1,12109,CT,CT,"Classical, Neural",64.0,90,0.0,0.0,0,1.0,,0
301287570,W9-1-1,12110,CT,CT,Proneural,50.0,90,0.0,0.0,0,0.0,145.0,1
301287582,W9-1-1,12110,CT,CT,Proneural,50.0,90,0.0,0.0,0,0.0,145.0,1
302262300,W9-1-1,12110,CT,CT,Proneural,50.0,90,0.0,0.0,0,0.0,145.0,1
301287613,W11-1-1,12112,CT,CT,"Classical, Mesenchymal",57.0,100,1.0,0.0,0,0.0,1076.0,1
301287630,W11-1-1,12112,CT,CT,"Classical, Mesenchymal",57.0,100,1.0,0.0,0,0.0,1076.0,1
301287636,W11-1-1,12112,CT,CT,"Classical, Mesenchymal",57.0,100,1.0,0.0,0,0.0,1076.0,1
301626681,W26-1-1,13988,CT,CT,Neural,57.0,100,1.0,0.0,0,,1293.0,1
301626685,W26-1-1,13988,CT,CT,Neural,57.0,100,1.0,0.0,0,,1293.0,1
301626689,W26-1-1,13988,CT,CT,Neural,57.0,100,1.0,0.0,0,,1293.0,1
301626693,W31-1-1,14734,CT,CT,Proneural,17.0,90,0.0,0.0,0,0.0,871.0,1
301287698,W31-1-1,14734,CT,CT,Proneural,17.0,90,0.0,0.0,0,0.0,871.0,1
301287708,W31-1-1,14734,CT,CT,Proneural,17.0,90,0.0,0.0,0,0.0,871.0,1
301626597,W8-1-1,12108,CT,CT,"Classical, Mesenchymal",49.0,70,0.0,0.0,0,0.0,442.0,1
301626605,W8-1-1,12108,CT,CT,"Classical, Mesenchymal",49.0,70,0.0,0.0,0,0.0,442.0,1
302264000,W8-1-1,12108,CT,CT,"Classical, Mesenchymal",49.0,70,0.0,0.0,0,0.0,442.0,1
304950286,W32-1-1,14737,CT,CT,Proneural,56.0,90,1.0,0.0,0,0.0,,0
304950292,W32-1-1,14737,CT,CT,Proneural,56.0,90,1.0,0.0,0,0.0,,0
304357555,W32-1-1,14737,CT,CT,Proneural,56.0,90,1.0,0.0,0,0.0,,0
303748303,W55-1-1,292023109,CT,CT,Classical,52.0,100,1.0,0.0,0,,,0
303748309,W55-1-1,292023109,CT,CT,Classical,52.0,100,1.0,0.0,0,,,0
303748328,W55-1-1,292023109,CT,CT,Classical,52.0,100,1.0,0.0,0,,,0
303748260,W8-1-1,12108,CT,CT,"Classical, Mesenchymal",49.0,70,0.0,0.0,0,0.0,442.0,1
303748330,W9-1-1,12110,CT,CT,Proneural,50.0,90,0.0,0.0,0,0.0,145.0,1
303748264,W11-1-1,12112,CT,CT,"Classical, Mesenchymal",57.0,100,1.0,0.0,0,0.0,1076.0,1
303748334,W16-1-1,12996,CT,CT,"Neural, Proneural",76.0,100,0.0,0.0,0,1.0,353.0,1
303748338,W21-1-1,12995,CT,CT,Proneural,54.0,80,0.0,0.0,0,1.0,446.0,1
304950300,W22-1-1,12997,CT,CT,"Classical, Neural",52.0,90,1.0,0.0,0,1.0,,0
303748342,W36-1-1,14763,CT,CT,Mesenchymal,61.0,80,0.0,0.0,0,0.0,544.0,1
304357561,W40-1-1,15400,CT,CT,Neural,64.0,100,0.0,0.0,0,1.0,184.0,1
304357565,W19-1-1,159994896,CT,CT,Proneural,67.0,80,0.0,0.0,0,0.0,615.0,1
304357518,W53-1-1,268091642,CT,CT,Classical,54.0,90,1.0,0.0,0,,,0
304950326,W1-1-2,10865,CT,CT,Classical,66.0,100,0.0,0.0,0,1.0,105.0,1
304950249,W12-1-1,12165,CT,CT,Classical,61.0,70,0.0,0.0,0,1.0,80.0,1
304950261,W43-1-1,113597961,CT,CT,"Mesenchymal, Neural",61.0,90,0.0,0.0,0,,300.0,1
304357589,W29-1-1,14221,CT,CT,"Classical, Neural",73.0,100,0.0,0.0,0,1.0,260.0,1
304357591,W2-1-1,10926,CT,CT,"Classical, Neural",64.0,90,1.0,0.0,0,1.0,1096.0,1
304357595,W3-1-1,12102,CT,CT,"Classical, Mesenchymal",65.0,100,0.0,0.0,0,1.0,982.0,1
304357599,W4-1-1,12106,CT,CT,"Mesenchymal, Neural",50.0,90,0.0,0.0,0,0.0,540.0,1
304357603,W16-1-1,12996,CT,CT,"Neural, Proneural",76.0,100,0.0,0.0,0,1.0,353.0,1
304477573,W28-1-1,14220,CT,CT,"Mesenchymal, Neural",68.0,100,0.0,0.0,0,,300.0,1
304477577,W29-1-1,14221,CT,CT,"Classical, Neural",73.0,100,0.0,0.0,0,1.0,260.0,1
304477581,W33-1-1,14738,CT,CT,Classical,60.0,80,1.0,0.0,0,1.0,,0
304703655,W39-1-1,15350,CT,CT,Classical,67.0,60,1.0,0.0,0,1.0,880.0,1
304950409,W54-1-1,286825896,CT,CT,Proneural,57.0,70,0.0,0.0,0,,62.0,1
305272792,W34-1-1,14762,CT,CT,"Classical, Mesenchymal",73.0,90,0.0,0.0,0,0.0,351.0,1
305272798,W40-1-1,15400,CT,CT,Neural,64.0,100,0.0,0.0,0,1.0,184.0,1
305272994,W22-1-1,12997,CT,CT,"Classical, Neural",52.0,90,1.0,0.0,0,1.0,,0
305273000,W31-1-1,14734,CT,CT,Proneural,17.0,90,0.0,0.0,0,0.0,871.0,1
305273032,W34-1-1,14762,CT,CT,"Classical, Mesenchymal",73.0,90,0.0,0.0,0,0.0,351.0,1
305273040,W6-1-1,12107,CT,CT,Mesenchymal,72.0,90,0.0,0.0,0,0.0,633.0,1
305461070,W54-1-1,286825896,CT,CT,Proneural,57.0,70,0.0,0.0,0,,62.0,1
305461082,W13-1-1,12877,CT,CT,Mesenchymal,59.0,90,0.0,0.0,0,1.0,250.0,1
305405292,W29-1-1,14221,CT,CT,"Classical, Neural",73.0,100,0.0,0.0,0,1.0,260.0,1
305405298,W43-1-1,113597961,CT,CT,"Mesenchymal, Neural",61.0,90,0.0,0.0,0,,300.0,1
305405304,W53-1-1,268091642,CT,CT,Classical,54.0,90,1.0,0.0,0,,,0
305461103,W21-1-1,12995,CT,CT,Proneural,54.0,80,0.0,0.0,0,1.0,446.0,1
305952558,W4-1-1,12106,CT,CT,"Mesenchymal, Neural",50.0,90,0.0,0.0,0,0.0,540.0,1
305461107,W10-1-1,12111,CT,CT,Proneural,44.0,100,1.0,0.0,0,0.0,,0
305952566,W33-1-1,14738,CT,CT,Classical,60.0,80,1.0,0.0,0,1.0,,0
306124406,W28-1-1,14220,CT,CT,"Mesenchymal, Neural",68.0,100,0.0,0.0,0,,300.0,1
306124414,W53-1-1,268091642,CT,CT,Classical,54.0,90,1.0,0.0,0,,,0
306124418,W3-1-1,12102,CT,CT,"Classical, Mesenchymal",65.0,100,0.0,0.0,0,1.0,982.0,1
306124422,W9-1-1,12110,CT,CT,Proneural,50.0,90,0.0,0.0,0,0.0,145.0,1
306124452,W10-1-1,12111,CT,CT,Proneural,44.0,100,1.0,0.0,0,0.0,,0
306124460,W38-1-1,15343,CT,CT,Proneural,64.0,70,1.0,0.0,0,0.0,311.0,1
306124486,W3-1-1,12102,CT,CT,"Classical, Mesenchymal",65.0,100,0.0,0.0,0,1.0,982.0,1
306124488,W48-1-1,161243620,CT,CT,Neural,51.0,80,0.0,0.0,0,,456.0,1
305952554,W4-1-1,12106,CT,CT,"Mesenchymal, Neural",50.0,90,0.0,0.0,0,0.0,540.0,1
304357512,W16-1-1,12996,CT,CT,"Neural, Proneural",76.0,100,0.0,0.0,0,1.0,353.0,1
304703663,W53-1-1,268091642,CT,CT,Classical,54.0,90,1.0,0.0,0,,,0
305461115,W42-1-1,113597455,CT,CT,"Neural, Proneural",59.0,70,1.0,0.0,0,,197.0,1
305272986,W42-1-1,113597455,CT,CT,"Neural, Proneural",59.0,70,1.0,0.0,0,,197.0,1
306124511,W32-1-1,14737,CT,CT,Proneural,56.0,90,1.0,0.0,0,0.0,,0
305461119,W7-1-1,12105,CT,CT,Mesenchymal,60.0,100,1.0,0.0,0,0.0,437.0,1
301287644,W11-1-1,12112,MVP,HBV/MVP,"Classical, Mesenchymal",57.0,100,1.0,0.0,0,0.0,1076.0,1
300173634,W1-1-2,10865,MVP,HBV/MVP,Classical,66.0,100,0.0,0.0,0,1.0,105.0,1
300629309,W1-1-2,10865,MVP,HBV/MVP,Classical,66.0,100,0.0,0.0,0,1.0,105.0,1
300173646,W1-1-2,10865,MVP,HBV/MVP,Classical,66.0,100,0.0,0.0,0,1.0,105.0,1
300629348,W2-1-1,10926,MVP,HBV/MVP,"Classical, Neural",64.0,90,1.0,0.0,0,1.0,1096.0,1
300629376,W2-1-1,10926,MVP,HBV/MVP,"Classical, Neural",64.0,90,1.0,0.0,0,1.0,1096.0,1
300629384,W2-1-1,10926,MVP,HBV/MVP,"Classical, Neural",64.0,90,1.0,0.0,0,1.0,1096.0,1
301287568,W5-1-1,12109,MVP,HBV/MVP,"Classical, Neural",64.0,90,0.0,0.0,0,1.0,,0
300629422,W5-1-1,12109,MVP,HBV/MVP,"Classical, Neural",64.0,90,0.0,0.0,0,1.0,,0
300629436,W5-1-1,12109,MVP,HBV/MVP,"Classical, Neural",64.0,90,0.0,0.0,0,1.0,,0
302262290,W9-1-1,12110,MVP,HBV/MVP,Proneural,50.0,90,0.0,0.0,0,0.0,145.0,1
301287632,W11-1-1,12112,MVP,HBV/MVP,"Classical, Mesenchymal",57.0,100,1.0,0.0,0,0.0,1076.0,1
301626679,W11-1-1,12112,MVP,HBV/MVP,"Classical, Mesenchymal",57.0,100,1.0,0.0,0,0.0,1076.0,1
301287692,W31-1-1,14734,MVP,HBV/MVP,Proneural,17.0,90,0.0,0.0,0,0.0,871.0,1
301287700,W31-1-1,14734,MVP,HBV/MVP,Proneural,17.0,90,0.0,0.0,0,0.0,871.0,1
301287736,W31-1-1,14734,MVP,HBV/MVP,Proneural,17.0,90,0.0,0.0,0,0.0,871.0,1
302264006,W8-1-1,12108,MVP,HBV/MVP,"Classical, Mesenchymal",49.0,70,0.0,0.0,0,0.0,442.0,1
302264008,W55-1-1,292023109,MVP,HBV/MVP,Classical,52.0,100,1.0,0.0,0,,,0
302264010,W55-1-1,292023109,MVP,HBV/MVP,Classical,52.0,100,1.0,0.0,0,,,0
303748199,W55-1-1,292023109,MVP,HBV/MVP,Classical,52.0,100,1.0,0.0,0,,,0
304950290,W32-1-1,14737,MVP,HBV/MVP,Proneural,56.0,90,1.0,0.0,0,0.0,,0
304950296,W32-1-1,14737,MVP,HBV/MVP,Proneural,56.0,90,1.0,0.0,0,0.0,,0
304357559,W32-1-1,14737,MVP,HBV/MVP,Proneural,56.0,90,1.0,0.0,0,0.0,,0
303748201,W9-1-1,12110,MVP,HBV/MVP,Proneural,50.0,90,0.0,0.0,0,0.0,145.0,1
301287738,W9-1-1,12110,MVP,HBV/MVP,Proneural,50.0,90,0.0,0.0,0,0.0,145.0,1
300173642,W1-1-2,10865,PAN,PAN/PNZ,Classical,66.0,100,0.0,0.0,0,1.0,105.0,1
300629317,W1-1-2,10865,PAN,PAN/PNZ,Classical,66.0,100,0.0,0.0,0,1.0,105.0,1
300629321,W1-1-2,10865,PAN,PAN/PNZ,Classical,66.0,100,0.0,0.0,0,1.0,105.0,1
300629346,W2-1-1,10926,PAN,PAN/PNZ,"Classical, Neural",64.0,90,1.0,0.0,0,1.0,1096.0,1
300629370,W2-1-1,10926,PAN,PAN/PNZ,"Classical, Neural",64.0,90,1.0,0.0,0,1.0,1096.0,1
300629360,W2-1-1,10926,PAN,PAN/PNZ,"Classical, Neural",64.0,90,1.0,0.0,0,1.0,1096.0,1
300629405,W5-1-1,12109,PAN,PAN/PNZ,"Classical, Neural",64.0,90,0.0,0.0,0,1.0,,0
300629426,W5-1-1,12109,PAN,PAN/PNZ,"Classical, Neural",64.0,90,0.0,0.0,0,1.0,,0
300629434,W5-1-1,12109,PAN,PAN/PNZ,"Classical, Neural",64.0,90,0.0,0.0,0,1.0,,0
302262292,W9-1-1,12110,PAN,PAN/PNZ,Proneural,50.0,90,0.0,0.0,0,0.0,145.0,1
302262298,W9-1-1,12110,PAN,PAN/PNZ,Proneural,50.0,90,0.0,0.0,0,0.0,145.0,1
301287611,W11-1-1,12112,PAN,PAN/PNZ,"Classical, Mesenchymal",57.0,100,1.0,0.0,0,0.0,1076.0,1
301287615,W11-1-1,12112,PAN,PAN/PNZ,"Classical, Mesenchymal",57.0,100,1.0,0.0,0,0.0,1076.0,1
301287634,W11-1-1,12112,PAN,PAN/PNZ,"Classical, Mesenchymal",57.0,100,1.0,0.0,0,0.0,1076.0,1
301626683,W26-1-1,13988,PAN,PAN/PNZ,Neural,57.0,100,1.0,0.0,0,,1293.0,1
301626687,W26-1-1,13988,PAN,PAN/PNZ,Neural,57.0,100,1.0,0.0,0,,1293.0,1
301626599,W8-1-1,12108,PAN,PAN/PNZ,"Classical, Mesenchymal",49.0,70,0.0,0.0,0,0.0,442.0,1
301626607,W8-1-1,12108,PAN,PAN/PNZ,"Classical, Mesenchymal",49.0,70,0.0,0.0,0,0.0,442.0,1
302264002,W8-1-1,12108,PAN,PAN/PNZ,"Classical, Mesenchymal",49.0,70,0.0,0.0,0,0.0,442.0,1
304950288,W32-1-1,14737,PAN,PAN/PNZ,Proneural,56.0,90,1.0,0.0,0,0.0,,0
304950294,W32-1-1,14737,PAN,PAN/PNZ,Proneural,56.0,90,1.0,0.0,0,0.0,,0
304357557,W32-1-1,14737,PAN,PAN/PNZ,Proneural,56.0,90,1.0,0.0,0,0.0,,0
301287740,W9-1-1,12110,PAN,PAN/PNZ,Proneural,50.0,90,0.0,0.0,0,0.0,145.0,1
301626595,W26-1-1,13988,PAN,PAN/PNZ,Neural,57.0,100,1.0,0.0,0,,1293.0,1
304477583,W33-1-1,14738,HBV,HBV/MVP,Classical,60.0,80,1.0,0.0,0,1.0,,0
304703661,W42-1-1,113597455,CT,CT,"Neural, Proneural",59.0,70,1.0,0.0,0,,197.0,1
304950411,W54-1-1,286825896,CT,CT,Proneural,57.0,70,0.0,0.0,0,,62.0,1
305405300,W43-1-1,113597961,PNZ,PAN/PNZ,"Mesenchymal, Neural",61.0,90,0.0,0.0,0,,300.0,1
305461074,W54-1-1,286825896,HBV,HBV/MVP,Proneural,57.0,70,0.0,0.0,0,,62.0,1
306124408,W28-1-1,14220,CT,CT,"Mesenchymal, Neural",68.0,100,0.0,0.0,0,,300.0,1
304950328,W48-1-1,161243620,PNZ,PAN/PNZ,Neural,51.0,80,0.0,0.0,0,,456.0,1
304950263,W7-1-1,12105,CT,CT,Mesenchymal,60.0,100,1.0,0.0,0,0.0,437.0,1
304477575,W28-1-1,14220,CT,CT,"Mesenchymal, Neural",68.0,100,0.0,0.0,0,,300.0,1
305272990,W40-1-1,15400,CT,CT,Neural,64.0,100,0.0,0.0,0,1.0,184.0,1
305952568,W33-1-1,14738,PNZ,PAN/PNZ,Classical,60.0,80,1.0,0.0,0,1.0,,0
303748262,W8-1-1,12108,PAN,PAN/PNZ,"Classical, Mesenchymal",49.0,70,0.0,0.0,0,0.0,442.0,1
304357514,W53-1-1,268091642,PAN,PAN/PNZ,Classical,54.0,90,1.0,0.0,0,,,0
304357520,W12-1-1,12165,PAN,PAN/PNZ,Classical,61.0,70,0.0,0.0,0,1.0,80.0,1
306124412,W32-1-1,14737,PAN,PAN/PNZ,Proneural,56.0,90,1.0,0.0,0,0.0,,0
303748340,W21-1-1,12995,CT,CT,Proneural,54.0,80,0.0,0.0,0,1.0,446.0,1
305273028,W31-1-1,14734,CT,CT,Proneural,17.0,90,0.0,0.0,0,0.0,871.0,1
305461084,W13-1-1,12877,HBV,HBV/MVP,Mesenchymal,59.0,90,0.0,0.0,0,1.0,250.0,1
305405302,W43-1-1,113597961,HBV,HBV/MVP,"Mesenchymal, Neural",61.0,90,0.0,0.0,0,,300.0,1
305952562,W10-1-1,12111,PNZ,PAN/PNZ,Proneural,44.0,100,1.0,0.0,0,0.0,,0
300173640,W1-1-2,10865,IT,LE/IT,Classical,66.0,100,0.0,0.0,0,1.0,105.0,1
300173644,W1-1-2,10865,IT,LE/IT,Classical,66.0,100,0.0,0.0,0,1.0,105.0,1
300629323,W1-1-2,10865,IT,LE/IT,Classical,66.0,100,0.0,0.0,0,1.0,105.0,1
300629356,W2-1-1,10926,IT,LE/IT,"Classical, Neural",64.0,90,1.0,0.0,0,1.0,1096.0,1
300629374,W2-1-1,10926,IT,LE/IT,"Classical, Neural",64.0,90,1.0,0.0,0,1.0,1096.0,1
300629382,W2-1-1,10926,IT,LE/IT,"Classical, Neural",64.0,90,1.0,0.0,0,1.0,1096.0,1
300629401,W5-1-1,12109,IT,LE/IT,"Classical, Neural",64.0,90,0.0,0.0,0,1.0,,0
300629409,W5-1-1,12109,IT,LE/IT,"Classical, Neural",64.0,90,0.0,0.0,0,1.0,,0
300629430,W5-1-1,12109,IT,LE/IT,"Classical, Neural",64.0,90,0.0,0.0,0,1.0,,0
301287572,W9-1-1,12110,IT,LE/IT,Proneural,50.0,90,0.0,0.0,0,0.0,145.0,1
301287584,W9-1-1,12110,IT,LE/IT,Proneural,50.0,90,0.0,0.0,0,0.0,145.0,1
301287607,W11-1-1,12112,IT,LE/IT,"Classical, Mesenchymal",57.0,100,1.0,0.0,0,0.0,1076.0,1
301287638,W11-1-1,12112,IT,LE/IT,"Classical, Mesenchymal",57.0,100,1.0,0.0,0,0.0,1076.0,1
301287704,W31-1-1,14734,IT,LE/IT,Proneural,17.0,90,0.0,0.0,0,0.0,871.0,1
301287728,W31-1-1,14734,IT,LE/IT,Proneural,17.0,90,0.0,0.0,0,0.0,871.0,1
301287734,W31-1-1,14734,IT,LE/IT,Proneural,17.0,90,0.0,0.0,0,0.0,871.0,1
301626603,W8-1-1,12108,IT,LE/IT,"Classical, Mesenchymal",49.0,70,0.0,0.0,0,0.0,442.0,1
301626609,W8-1-1,12108,IT,LE/IT,"Classical, Mesenchymal",49.0,70,0.0,0.0,0,0.0,442.0,1
302263998,W8-1-1,12108,IT,LE/IT,"Classical, Mesenchymal",49.0,70,0.0,0.0,0,0.0,442.0,1
303748195,W55-1-1,292023109,IT,LE/IT,Classical,52.0,100,1.0,0.0,0,,,0
301287599,W9-1-1,12110,IT,LE/IT,Proneural,50.0,90,0.0,0.0,0,0.0,145.0,1
303748305,W55-1-1,292023109,IT,LE/IT,Classical,52.0,100,1.0,0.0,0,,,0
303748315,W55-1-1,292023109,IT,LE/IT,Classical,52.0,100,1.0,0.0,0,,,0
304477571,W16-1-1,12996,MVP,HBV/MVP,"Neural, Proneural",76.0,100,0.0,0.0,0,1.0,353.0,1
305952570,W33-1-1,14738,HBV,HBV/MVP,Classical,60.0,80,1.0,0.0,0,1.0,,0
306124484,W38-1-1,15343,HBV,HBV/MVP,Proneural,64.0,70,1.0,0.0,0,0.0,311.0,1
300173638,W1-1-2,10865,LE,LE/IT,Classical,66.0,100,0.0,0.0,0,1.0,105.0,1
300629352,W2-1-1,10926,LE,LE/IT,"Classical, Neural",64.0,90,1.0,0.0,0,1.0,1096.0,1
300629372,W2-1-1,10926,LE,LE/IT,"Classical, Neural",64.0,90,1.0,0.0,0,1.0,1096.0,1
300629399,W5-1-1,12109,LE,LE/IT,"Classical, Neural",64.0,90,0.0,0.0,0,1.0,,0
300629407,W5-1-1,12109,LE,LE/IT,"Classical, Neural",64.0,90,0.0,0.0,0,1.0,,0
302262284,W9-1-1,12110,LE,LE/IT,Proneural,50.0,90,0.0,0.0,0,0.0,145.0,1
301287609,W11-1-1,12112,LE,LE/IT,"Classical, Mesenchymal",57.0,100,1.0,0.0,0,0.0,1076.0,1
301287640,W11-1-1,12112,LE,LE/IT,"Classical, Mesenchymal",57.0,100,1.0,0.0,0,0.0,1076.0,1
301626695,W31-1-1,14734,LE,LE/IT,Proneural,17.0,90,0.0,0.0,0,0.0,871.0,1
301287706,W31-1-1,14734,LE,LE/IT,Proneural,17.0,90,0.0,0.0,0,0.0,871.0,1
301287730,W31-1-1,14734,LE,LE/IT,Proneural,17.0,90,0.0,0.0,0,0.0,871.0,1
301626601,W8-1-1,12108,LE,LE/IT,"Classical, Mesenchymal",49.0,70,0.0,0.0,0,0.0,442.0,1
302263996,W8-1-1,12108,LE,LE/IT,"Classical, Mesenchymal",49.0,70,0.0,0.0,0,0.0,442.0,1
302264004,W8-1-1,12108,LE,LE/IT,"Classical, Mesenchymal",49.0,70,0.0,0.0,0,0.0,442.0,1
300629325,W1-1-2,10865,LE,LE/IT,Classical,66.0,100,0.0,0.0,0,1.0,105.0,1
300629386,W1-1-2,10865,LE,LE/IT,Classical,66.0,100,0.0,0.0,0,1.0,105.0,1
301287601,W9-1-1,12110,IT,LE/IT,Proneural,50.0,90,0.0,0.0,0,0.0,145.0,1
303748307,W55-1-1,292023109,LE,LE/IT,Classical,52.0,100,1.0,0.0,0,,,0
303748311,W55-1-1,292023109,LE,LE/IT,Classical,52.0,100,1.0,0.0,0,,,0
303748317,W55-1-1,292023109,LE,LE/IT,Classical,52.0,100,1.0,0.0,0,,,0
304357569,W53-1-1,268091642,CT,CT,Classical,54.0,90,1.0,0.0,0,,,0
304357516,W53-1-1,268091642,CT,CT,Classical,54.0,90,1.0,0.0,0,,,0
305272996,W22-1-1,12997,PAN,PAN/PNZ,"Classical, Neural",52.0,90,1.0,0.0,0,1.0,,0
305405296,W29-1-1,14221,PNZ,PAN/PNZ,"Classical, Neural",73.0,100,0.0,0.0,0,1.0,260.0,1
305273034,W34-1-1,14762,CT,CT,"Classical, Mesenchymal",73.0,90,0.0,0.0,0,0.0,351.0,1
305405306,W53-1-1,268091642,CT,CT,Classical,54.0,90,1.0,0.0,0,,,0
304357563,W40-1-1,15400,CT,CT,Neural,64.0,100,0.0,0.0,0,1.0,184.0,1
304950322,W1-1-2,10865,PNZ,PAN/PNZ,Classical,66.0,100,0.0,0.0,0,1.0,105.0,1
304950265,W7-1-1,12105,PAN,PAN/PNZ,Mesenchymal,60.0,100,1.0,0.0,0,0.0,437.0,1
304357593,W2-1-1,10926,PAN,PAN/PNZ,"Classical, Neural",64.0,90,1.0,0.0,0,1.0,1096.0,1
305272800,W42-1-1,113597455,PNZ,PAN/PNZ,"Neural, Proneural",59.0,70,1.0,0.0,0,,197.0,1
306124420,W3-1-1,12102,PNZ,PAN/PNZ,"Classical, Mesenchymal",65.0,100,0.0,0.0,0,1.0,982.0,1
303748332,W16-1-1,12996,PAN,PAN/PNZ,"Neural, Proneural",76.0,100,0.0,0.0,0,1.0,353.0,1
304357522,W12-1-1,12165,PNZ,PAN/PNZ,Classical,61.0,70,0.0,0.0,0,1.0,80.0,1
305272802,W42-1-1,113597455,PAN,PAN/PNZ,"Neural, Proneural",59.0,70,1.0,0.0,0,,197.0,1
305272998,W22-1-1,12997,PNZ,PAN/PNZ,"Classical, Neural",52.0,90,1.0,0.0,0,1.0,,0
305273036,W34-1-1,14762,PNZ,PAN/PNZ,"Classical, Mesenchymal",73.0,90,0.0,0.0,0,0.0,351.0,1
305273042,W6-1-1,12107,PNZ,PAN/PNZ,Mesenchymal,72.0,90,0.0,0.0,0,0.0,633.0,1
305461105,W21-1-1,12995,PNZ,PAN/PNZ,Proneural,54.0,80,0.0,0.0,0,1.0,446.0,1
305952564,W10-1-1,12111,CT,CT,Proneural,44.0,100,1.0,0.0,0,0.0,,0
305952556,W4-1-1,12106,PNZ,PAN/PNZ,"Mesenchymal, Neural",50.0,90,0.0,0.0,0,0.0,540.0,1
305461109,W12-1-1,12165,CT,CT,Classical,61.0,70,0.0,0.0,0,1.0,80.0,1
304950415,W43-1-1,113597961,PNZ,PAN/PNZ,"Mesenchymal, Neural",61.0,90,0.0,0.0,0,,300.0,1
304950259,W43-1-1,113597961,CT,CT,"Mesenchymal, Neural",61.0,90,0.0,0.0,0,,300.0,1
304950336,W29-1-1,14221,HBV,HBV/MVP,"Classical, Neural",73.0,100,0.0,0.0,0,1.0,260.0,1
304357597,W3-1-1,12102,HBV,HBV/MVP,"Classical, Mesenchymal",65.0,100,0.0,0.0,0,1.0,982.0,1
305272794,W34-1-1,14762,CT,CT,"Classical, Mesenchymal",73.0,90,0.0,0.0,0,0.0,351.0,1
305272992,W40-1-1,15400,HBV,HBV/MVP,Neural,64.0,100,0.0,0.0,0,1.0,184.0,1
305405290,W13-1-1,12877,HBV,HBV/MVP,Mesenchymal,59.0,90,0.0,0.0,0,1.0,250.0,1
306124416,W53-1-1,268091642,HBV,HBV/MVP,Classical,54.0,90,1.0,0.0,0,,,0
306124448,W9-1-1,12110,HBV,HBV/MVP,Proneural,50.0,90,0.0,0.0,0,0.0,145.0,1
306124454,W10-1-1,12111,HBV,HBV/MVP,Proneural,44.0,100,1.0,0.0,0,0.0,,0
304477579,W29-1-1,14221,PNZ,PAN/PNZ,"Classical, Neural",73.0,100,0.0,0.0,0,1.0,260.0,1
305461072,W54-1-1,286825896,PNZ,PAN/PNZ,Proneural,57.0,70,0.0,0.0,0,,62.0,1
306124450,W9-1-1,12110,PAN,PAN/PNZ,Proneural,50.0,90,0.0,0.0,0,0.0,145.0,1
306124456,W10-1-1,12111,PNZ,PAN/PNZ,Proneural,44.0,100,1.0,0.0,0,0.0,,0
306124482,W38-1-1,15343,PNZ,PAN/PNZ,Proneural,64.0,70,1.0,0.0,0,0.0,311.0,1
303748336,W16-1-1,12996,HBV,HBV/MVP,"Neural, Proneural",76.0,100,0.0,0.0,0,1.0,353.0,1
304950302,W22-1-1,12997,HBV,HBV/MVP,"Classical, Neural",52.0,90,1.0,0.0,0,1.0,,0
304357567,W19-1-1,159994896,HBV,HBV/MVP,Proneural,67.0,80,0.0,0.0,0,0.0,615.0,1
304357571,W53-1-1,268091642,HBV,HBV/MVP,Classical,54.0,90,1.0,0.0,0,,,0
304950324,W1-1-2,10865,HBV,HBV/MVP,Classical,66.0,100,0.0,0.0,0,1.0,105.0,1
304950330,W48-1-1,161243620,HBV,HBV/MVP,Neural,51.0,80,0.0,0.0,0,,456.0,1
304357587,W29-1-1,14221,MVP,HBV/MVP,"Classical, Neural",73.0,100,0.0,0.0,0,1.0,260.0,1
305272796,W34-1-1,14762,HBV,HBV/MVP,"Classical, Mesenchymal",73.0,90,0.0,0.0,0,0.0,351.0,1
305273030,W31-1-1,14734,MVP,HBV/MVP,Proneural,17.0,90,0.0,0.0,0,0.0,871.0,1
305461068,W6-1-1,12107,HBV,HBV/MVP,Mesenchymal,72.0,90,0.0,0.0,0,0.0,633.0,1
303748254,W3-1-1,12102,PAN,PAN/PNZ,"Classical, Mesenchymal",65.0,100,0.0,0.0,0,1.0,982.0,1
303748266,W11-1-1,12112,PAN,PAN/PNZ,"Classical, Mesenchymal",57.0,100,1.0,0.0,0,0.0,1076.0,1
303748344,W36-1-1,14763,PNZ,PAN/PNZ,Mesenchymal,61.0,80,0.0,0.0,0,0.0,544.0,1
304357601,W4-1-1,12106,PNZ,PAN/PNZ,"Mesenchymal, Neural",50.0,90,0.0,0.0,0,0.0,540.0,1
304703657,W39-1-1,15350,PNZ,PAN/PNZ,Classical,67.0,60,1.0,0.0,0,1.0,880.0,1
305273038,W34-1-1,14762,PAN,PAN/PNZ,"Classical, Mesenchymal",73.0,90,0.0,0.0,0,0.0,351.0,1
306124458,W10-1-1,12111,PNZ,PAN/PNZ,Proneural,44.0,100,1.0,0.0,0,0.0,,0
