sample_id,Classical,Mesenchymal,Neural,Proneural,subtype_call,zone
305273026,-1.803176233923087,-1.619889254702683,-0.28748641338754244,1.7343658751066708,Proneural,CT
305405294,0.5478017819445018,0.15323352925431524,-0.5184993686029814,-0.7424809358433688,Classical,PAN/PNZ
305952560,0.6130252683355708,1.1583606503509545,-1.0065018432997725,-0.7611227271267053,Mesenchymal,CT
306124462,0.09720418319123468,0.40269583200803394,-0.6052755055952802,0.1873405159439415,Mesenchymal,HBV/MVP
300173630,1.4267847035379568,-0.3967745390370488,-0.3370574127632608,0.6469495233792285,Classical,CT
300173636,2.2657219572184157,-0.23524897848376558,-0.3560644599410007,0.23655426155010453,Classical,CT
300629315,1.847345391030094,-0.13809152734864272,-0.6503713759045523,-0.599839252776338,Classical,CT
300629344,1.4444560647023927,-0.37978543082329586,-0.4595321935277285,-0.21466078666964955,Classical,CT
300629350,1.6643726408211053,-0.23399109776106253,-0.2262629959441361,-0.11175566480428781,Classical,CT
300629358,1.1229748870822758,0.6948756648335852,0.5624038728874514,-0.4492904163608586,Classical,CT
300629403,1.1522509307255875,-0.7586532717812106,1.3264497255845495,0.8372887301403755,Neural,CT
300629424,0.9812404397441975,-0.1720423858483514,0.7439219774495072,0.8770582802116813,Classical,CT
300629432,1.488652025928233,-0.7104696876785334,-0.04224810241127414,0.10368371268810087,Classical,CT
301287570,0.12319449785641738,-0.9255552122972076,-0.27352345923991184,1.8819364261167877,Proneural,CT
301287582,-0.24728056546333022,-0.9156429543320599,0.106635130803569,2.0731600542526545,Proneural,CT
302262300,-0.15000166874642043,-0.6120623427099993,-0.08154407207078747,2.01752161751972,Proneural,CT
301287613,1.5048170400206937,0.3683301473516246,-0.7141541381557889,-0.4944087900440701,Classical,CT
301287630,1.4485057663160918,0.24467131872043443,-0.4709477637019082,-0.03858362573292379,Classical,CT
301287636,1.8598591809812173,-0.24609351102704624,-0.22628379974641882,0.01050055324554246,Classical,CT
301626681,1.1649656303882876,-0.09479758884731075,-0.6069162452898536,0.3430988784559382,Classical,CT
301626685,1.1731941124635412,-0.6098157023986325,-0.6065021341645116,0.3732623487044928,Classical,CT
301626689,1.1618242157808796,-0.7021548302431098,-0.5014295174325207,0.12997705553618488,Classical,CT
301626693,-2.431321864285653,-2.3292035981334545,-0.26222786393418823,1.6571631215694622,Proneural,CT
301287698,-1.4155559050991284,-2.0161524325239295,0.3701642041137569,2.278362332530279,Proneural,CT
301287708,-3.077342578571165,-2.455234084248125,-0.20296882793970286,1.501046995935876,Proneural,CT
301626597,0.6579281218537766,0.036684282511928006,1.0445695458476325,-0.6350793892557812,Neural,CT
301626605,1.1675632138721252,0.010209197331123101,-0.03070715665248516,-0.32455218025138116,Classical,CT
302264000,0.7942134212539378,0.20245432808869643,0.6327982674647231,-0.21684946876717404,Classical,CT
304950286,-0.37848392378050055,-0.7322024691813966,-0.3298833071667205,1.9160137589012696,Proneural,CT
304950292,-0.5711337061740158,-1.1637437547015965,0.2578857013028103,2.273516648563726,Proneural,CT
304357555,-0.2490970123526014,-1.050161498866895,1.222912316483388,1.8925664544918641,Proneural,CT
303748303,1.2393678285236756,-0.0302449193451208,1.1601256056824727,0.42269830152059923,Classical,CT
303748309,1.4364364867162656,0.2659614091878429,0.006844465610171602,0.4590690685830108,Classical,CT
303748328,1.3984641764899657,0.5885905118911371,0.41012879977650213,0.03307899040890884,Classical,CT
303748260,0.8699724450643089,-0.08583855938167964,-0.18613235040425924,-0.8131191266561967,Classical,CT
303748330,-0.65408531812002,-0.13722049513282267,0.07729840418287166,2.0057275521104208,Proneural,CT
303748264,1.7650166099153897,0.09858554443107659,-0.5576024596865178,-0.21810978280106835,Classical,CT
303748334,0.7256507295415092,0.3804346577992507,0.650208481465864,0.6084984647481414,Classical,CT
303748338,0.7120957576012032,-1.028358516474935,0.7107334700474986,1.1925913777640766,Proneural,CT
304950300,1.5169140327831427,-0.5293429762789612,1.440355421049296,0.0754149664782334,Classical,CT
303748342,-0.8842649899748958,0.3062949980552325,-1.6203570357722323,-1.8148150352254646,Mesenchymal,CT
304357561,0.13674510442505122,-0.6447245802558115,-0.7297879272479135,0.37029175542093107,Proneural,CT
304357565,0.21694813227107249,-1.2545217762097616,-0.14590065839536914,1.2370697869878016,Proneural,CT
304357518,1.2956706604289947,-0.4979012840496847,-0.8309748970362532,-0.11698331731216668,Classical,CT
304950326,1.1378057134920363,-0.4759451747953773,-0.38977661671532926,0.35854324592558007,Classical,CT
304950249,0.9240445033058853,-0.015267289114486752,-0.4644898910458389,0.6563521505099884,Classical,CT
304950261,-0.7575812688060021,0.5383831071259741,-0.3530591478448305,-0.21950887483455464,Mesenchymal,CT
304357589,1.4827165736908556,-0.6547839665651369,0.6187163831789316,0.10484754751161085,Classical,CT
304357591,1.242596008459992,0.019042439366800935,-0.3075125015928371,-0.23487581848871805,Classical,CT
304357595,1.5713948142942378,-0.2547398950037432,-0.3519997471839179,-0.479051575275841,Classical,CT
304357599,0.48473698117060315,0.14157952240232866,-0.5010060336297646,0.16268183365001582,Classical,CT
304357603,-0.2660664795749567,-1.289995441078918,1.307840549531009,1.0688966797762725,Neural,CT
304477573,-0.5036031923264493,1.1226376181197177,-0.3553144099802118,0.14908346202029002,Mesenchymal,CT
304477577,1.0559837876059242,-0.7498124891173009,-0.28282670477252386,0.11990964856050132,Classical,CT
304477581,1.4358208348987591,-0.18100164823452272,0.5263608347624649,0.01885596851543181,Classical,CT
304703655,1.553119757715389,-0.11732658381157615,0.7102197323217762,-0.10811195674340482,Classical,CT
304950409,-1.6095813489406077,-0.3948839593627195,1.0203286435301513,1.4186901279647863,Proneural,CT
305272792,1.357598862423239,-0.0828117591388692,-0.5463262066178003,-0.005777219602604577,Classical,CT
305272798,0.19992117703037707,-1.14876327958705,0.46846112809486645,0.927826534779251,Proneural,CT
305272994,1.1575793320802719,0.15471369194675821,-0.6010042737123489,-0.5506624951327453,Classical,CT
305273000,-2.252860252364083,-2.607199561282784,-0.22682460076650335,1.7662528191070719,Proneural,CT
305273032,0.6902699585782818,0.8594469799622105,-0.6161911711223511,-0.16017675497322562,Mesenchymal,CT
305273040,0.37041684029492494,0.2609548043680816,-0.4135693928597257,0.0973474949413475,Classical,CT
305461070,-1.3953282018019424,-0.9804483112578383,0.7995715261051612,1.760854020451444,Proneural,CT
305461082,-0.29195070653940997,0.9571867705758635,-0.5168418155790652,-1.4545952615933508,Mesenchymal,CT
305405292,1.3351356728135302,-0.7817194216608578,-0.3952571348425229,0.006061647538046533,Classical,CT
305405298,-0.015209801761273747,-0.4928448204348754,-0.06267164931374816,0.647894962410884,Proneural,CT
305405304,1.4394748008925915,-0.8910990664193705,-1.0485274621980452,-0.3836220934862693,Classical,CT
305461103,-0.6933210569143141,-0.6349067505465358,-0.27692664330935296,1.5785119204954388,Proneural,CT
305952558,1.5382634806919961,-0.9191670803208675,-0.13873983604215162,0.7954178192918516,Classical,CT
305461107,-1.0945351484405759,-0.9613304857539476,-0.38072892148575377,1.2945514779177232,Proneural,CT
305952566,1.7045997182035453,-0.40490452893848466,0.855321880331872,0.21938479581638498,Classical,CT
306124406,-0.46039743641145736,-0.7687114039578314,2.0426476719084827,1.5224787126065944,Neural,CT
306124414,1.6615932811792593,-0.34449810980468304,-0.9142729242333058,-0.1735276678739293,Classical,CT
306124418,1.0978845662947172,0.6265429413587107,-0.6333713731742717,-0.9327099286069507,Classical,CT
306124422,-0.2689724941763085,-0.7846488351165741,0.409328925485974,2.098625592508764,Proneural,CT
306124452,-1.439421894272121,-0.6183716849804604,-0.41669060750505404,1.1167194044351505,Proneural,CT
306124460,-0.10775434858714288,-0.7249114766340512,-0.25006317768571756,0.7339897395064603,Proneural,CT
306124486,1.3812697060627182,0.0011600218965727438,-0.5963909826462566,0.1511663069393121,Classical,CT
306124488,1.2210823489720488,-0.03684445128438205,-0.3011686363057936,0.5351748105926278,Classical,CT
305952554,0.804381765337573,0.06974407456552964,-0.395021444591514,0.31040983691360063,Classical,CT
304357512,1.1641437625508104,-0.4748032272417434,1.0977474117413573,0.9018597103634248,Classical,CT
304703663,1.2532180107217608,-0.35369125972896803,-0.7265251315635552,-0.5387306439309845,Classical,CT
305461115,0.8748614224659401,-1.1259562605247704,1.1016647959162829,0.6625162165944091,Neural,CT
305272986,-0.1791807233706395,-1.5392348799567372,0.5179371768583292,1.8194556353593938,Proneural,CT
306124511,-0.07288413301466322,-1.0202892039731173,1.678438852623729,1.9514798212799094,Proneural,CT
305461119,1.0043776900073407,0.13479514238717757,-0.37853122122214233,0.10852470896131561,Classical,CT
301287644,-0.5181536632176307,0.7216401047559261,-1.4484572672488731,-1.902281985404719,Mesenchymal,HBV/MVP
300173634,-0.12830198377061214,0.41423493257356025,-1.1069630823996623,-1.2477134315261682,Mesenchymal,HBV/MVP
300629309,1.0484462552791238,0.416061358436755,-0.7760582667163031,-1.0315540801997414,Classical,HBV/MVP
300173646,0.19909540032835135,0.26598456617834787,-0.742717671215393,-1.3328168979639086,Mesenchymal,HBV/MVP
300629348,-0.6204175032962638,0.5967683653587562,-0.33684131248139815,-1.9172642812182594,Mesenchymal,HBV/MVP
300629376,-1.0719639395564646,0.35498421677099967,-0.7361824486439009,-1.9560538761661244,Mesenchymal,HBV/MVP
300629384,-0.32973641713537866,0.2652583943466559,-1.0494621437684761,-1.4867262158832708,Mesenchymal,HBV/MVP
301287568,-0.17903307558598294,0.5997153245235635,-0.5388910123218071,-0.39990099869511164,Mesenchymal,HBV/MVP
300629422,-0.5139059458697997,0.06856017119600484,-0.4430005536714609,-0.4612181266627372,Mesenchymal,HBV/MVP
300629436,0.01830442262139989,0.03210827392765049,-0.945968331262533,-0.8449310404289749,Mesenchymal,HBV/MVP
302262290,-0.9058977281128491,0.1744480068126048,-0.5488695692930022,-0.4716381372306451,Mesenchymal,HBV/MVP
301287632,-0.5508255773046491,0.9481835341023519,-1.1620434954469636,-1.696668907257919,Mesenchymal,HBV/MVP
301626679,-0.7033635107947503,0.6545239641341788,-1.0975769791251389,-0.9092936495395906,Mesenchymal,HBV/MVP
301287692,-1.3742386091260714,-0.1712904567556932,-0.5566353424896251,-0.3973852293676535,Mesenchymal,HBV/MVP
301287700,-1.544938837860753,-0.02489542397362345,-0.48105646974637645,-0.17411115778226385,Mesenchymal,HBV/MVP
301287736,-1.053927031276147,-0.3189064330589518,-0.4123544197198204,-0.02086611618937038,Proneural,HBV/MVP
302264006,-0.3959919957435371,0.5099832693848093,-1.152592546943735,-1.6649646788635073,Mesenchymal,HBV/MVP
302264008,-0.70639264694554,0.2214075841410808,-0.9355762996862691,-1.8408800733440887,Mesenchymal,HBV/MVP
302264010,-0.6293846636649689,0.22699004520020863,-0.8781024891118748,-1.6422575043744005,Mesenchymal,HBV/MVP
303748199,-0.6727895623545639,0.09766032483179336,-1.0457641034929503,-1.7027604376212695,Mesenchymal,HBV/MVP
304950290,-1.0811342518868208,0.08309375593545985,-0.7630144460866486,0.18341467160078348,Proneural,HBV/MVP
304950296,-0.7837571794950188,-0.39171520872567617,-0.43926038813631446,0.9463632908922783,Proneural,HBV/MVP
304357559,-0.7639405106565605,-0.02514176462733684,-0.6274532440758317,0.5579454841989776,Proneural,HBV/MVP
303748201,-0.5434327212234515,0.5870665405162055,-0.6317261691749219,0.034269446581484383,Mesenchymal,HBV/MVP
301287738,-0.4962182963371364,0.6002702838187638,-0.4167463500637952,-0.28614813346901563,Mesenchymal,HBV/MVP
300173642,1.3188342452527657,0.880963153041349,-0.5093907138440494,-0.5300596991739487,Classical,PAN/PNZ
300629317,1.300124898378999,0.9932359629860668,-0.12139467118923503,-0.4831065375336414,Classical,PAN/PNZ
300629321,1.4793114777186782,0.3414831954330296,-0.030640166534563838,-0.3854824551765564,Classical,PAN/PNZ
300629346,0.8804916054460651,0.9270945944756127,-0.43661183829628564,-0.9697961692818575,Mesenchymal,PAN/PNZ
300629370,1.019644283509924,0.8346966208021934,-0.538109103181405,-0.8567653125496789,Classical,PAN/PNZ
300629360,0.31545963449815695,0.7182689553550142,-0.04039478420625021,-0.824853489235386,Mesenchymal,PAN/PNZ
300629405,-0.5976009712559296,1.038927561165636,-0.7709574194519552,-0.8479371256190638,Mesenchymal,PAN/PNZ
300629426,-0.12721656366600226,0.6748047572554994,-0.15567224992145517,-0.2674385430386728,Mesenchymal,PAN/PNZ
300629434,0.5071920760636023,0.29469192005719685,-0.5069878495956484,-0.7018556890179197,Classical,PAN/PNZ
302262292,-0.6736437655697932,0.9817782247071275,0.004991924853365376,0.7413077640980941,Mesenchymal,PAN/PNZ
302262298,-0.6153896620221154,1.058042126692953,0.059458829182857005,1.0610761463404572,Proneural,PAN/PNZ
301287611,0.19842478499944138,1.23290483846524,-0.37521782380967433,-1.0819952320267847,Mesenchymal,PAN/PNZ
301287615,0.03240798058810364,1.641812971381518,-0.681302389955794,-1.2536667358990328,Mesenchymal,PAN/PNZ
301287634,-0.7500769489823274,1.4272193902423185,-0.8447451837461117,-1.4552420630776073,Mesenchymal,PAN/PNZ
301626683,0.3621561907808866,0.3613612314649984,-0.6434540149018608,-0.7152464579687382,Classical,PAN/PNZ
301626687,0.07645491513828913,0.4066590181259642,-0.7340875152750345,-0.6056930382955498,Mesenchymal,PAN/PNZ
301626599,0.44145916088734305,0.29238667967217113,-1.0423948964565448,-0.9514260943276664,Classical,PAN/PNZ
301626607,0.26177354060339514,0.732275115746034,-0.8355651993121844,-1.0448011211232764,Mesenchymal,PAN/PNZ
302264002,0.12241189901606313,0.750660174616581,-0.9082214531414373,-1.1295120346759324,Mesenchymal,PAN/PNZ
304950288,-1.084265278998743,0.1767634592559546,-0.19252774773724252,1.1281430393738385,Proneural,PAN/PNZ
304950294,-0.9016893437412392,0.33150791682107367,0.042544793289096376,1.2612873214261575,Proneural,PAN/PNZ
304357557,-1.0836092381792122,0.49894489993733,-0.28814782169168973,0.42704605806113727,Mesenchymal,PAN/PNZ
301287740,-0.9694845593550008,0.692866402404997,0.08001335093978612,1.290814537720073,Proneural,PAN/PNZ
301626595,-0.017917386063056723,0.8183959416554554,-0.747160216388683,-0.8301080797540932,Mesenchymal,PAN/PNZ
304477583,0.26195477484636326,1.2861159127491906,-0.742557820864199,-0.7638635382413829,Mesenchymal,HBV/MVP
304703661,-2.028909102600632,-0.7081483499886163,0.022625158254434966,0.9383178543497733,Proneural,CT
304950411,-1.0072252131267312,0.18542551114440647,0.12246069000285706,0.8702563900444052,Proneural,CT
305405300,-0.8145225525206334,1.1209793316246868,-0.45541782899269984,-0.43477486274178495,Mesenchymal,PAN/PNZ
305461074,-0.7941512812843644,0.22512252908081654,0.15798428567885184,0.3213197308133502,Proneural,HBV/MVP
306124408,-0.5292396135226793,0.44710553209196485,0.5884598105892441,1.0972516262477672,Proneural,CT
304950328,0.5936528652907095,0.9125026040462213,-0.5257987869457232,-0.02010754857587592,Mesenchymal,PAN/PNZ
304950263,0.7233870893215381,0.18453220814674218,-0.6729489598280489,-0.2991457456015113,Classical,CT
304477575,0.04169773329010854,0.8136387333065674,-0.30397600817181064,0.8406238616172773,Proneural,CT
305272990,-0.7506013791968557,0.8900256750951778,-0.0765267628303765,0.5634436051200615,Mesenchymal,CT
305952568,0.9914477762862663,1.0681079714627497,-0.6223396728133085,-0.13909413827982142,Mesenchymal,PAN/PNZ
303748262,0.5006754177334598,0.584623953159174,-0.894056212499924,-1.1396446552229103,Mesenchymal,PAN/PNZ
304357514,0.48055838731430806,-0.06604079639280108,-0.9556729357019544,-0.8069563845245401,Classical,PAN/PNZ
304357520,0.11408035860755948,1.0583621390040963,-0.7507326388637036,-1.0445287389560316,Mesenchymal,PAN/PNZ
306124412,-0.8381311648568037,0.46424799466122874,-0.1865552800730228,0.8879077248892021,Proneural,PAN/PNZ
303748340,-1.2589086132230922,0.8406279028704804,-0.029300349467796062,0.4144636910215318,Mesenchymal,CT
305273028,-2.2412727238848835,-2.131568130548152,-0.4576914505389672,1.6739063970875838,Proneural,CT
305461084,0.1623204741546487,1.31770148652813,-0.6897990989285858,-1.613085691916683,Mesenchymal,HBV/MVP
305405302,-0.2459638140326675,0.6384992803764866,-0.7681078491967493,-1.054260071525431,Mesenchymal,HBV/MVP
305952562,-1.671834038593144,0.7542394614979462,-0.27038313457861346,0.7495977842675338,Mesenchymal,PAN/PNZ
300173640,1.2503137354323102,-1.318021685841105,2.310544261963579,0.8901718998703081,Neural,LE/IT
300173644,1.3433453661119654,-0.8573651033697699,2.0115169257746364,0.8888860955548662,Neural,LE/IT
300629323,1.352854499900299,-0.7687372701629607,2.1631438705166444,1.0398767760485694,Neural,LE/IT
300629356,1.109708585261735,-0.7955788924863245,1.8490502938356486,0.6207556150676709,Neural,LE/IT
300629374,0.26564572277994547,-1.5181753768915802,1.8762251456488073,0.8512444617289857,Neural,LE/IT
300629382,0.8918569607633763,-1.2483152260157406,2.0194722386688793,0.8017403848501,Neural,LE/IT
300629401,0.9485170451143364,-1.4045507771558132,1.9777874534445803,0.37876373029118615,Neural,LE/IT
300629409,1.0291773327692761,-1.2268040712876385,1.8806908472808463,0.4815085081164576,Neural,LE/IT
300629430,-0.1720935430487744,-0.4894237558096817,1.8926399484210046,0.776623780736948,Neural,LE/IT
301287572,-0.3333843207025094,-1.1034229904617632,1.0364439339541247,1.683793277946285,Proneural,LE/IT
301287584,-0.6086323758055344,-1.3177101649484817,1.1186627583733832,1.8361553303270683,Proneural,LE/IT
301287607,-0.009602005804852582,1.0017153070833338,0.9357677337364622,-0.6803133614309183,Mesenchymal,LE/IT
301287638,0.3748384339515828,0.4304852012557338,0.7327659277078649,-0.5271289805743123,Neural,LE/IT
301287704,-0.4608355582767473,-1.681529538212421,1.8578868811865579,1.478385997712846,Neural,LE/IT
301287728,-0.9802023311036383,-1.617246595093751,1.8310619586238763,1.4724560152120565,Neural,LE/IT
301287734,-0.8452282173156015,-0.9068803881151118,1.42458754992977,1.442351072994685,Proneural,LE/IT
301626603,0.30054268242740806,0.6570708556045848,-0.6846068568544789,-1.131031329850615,Mesenchymal,LE/IT
301626609,0.2428672222946187,0.015008929046020575,1.720472065959281,0.10684647416263778,Neural,LE/IT
302263998,0.28204040630901267,-0.645294928872112,1.8502907556010146,0.18461479603456815,Neural,LE/IT
303748195,0.8018506774458812,-0.4331687799575384,1.645836143699539,0.24425836901114645,Neural,LE/IT
301287599,-0.2986662893570618,-1.1895555465431522,0.9640507546239001,1.968488555808241,Proneural,LE/IT
303748305,0.6764435313122633,-0.3195875549060682,1.7541427542689774,0.33831726237274773,Neural,LE/IT
303748315,1.1612157280730717,-0.21214748308387407,1.9937723747699219,0.5599697661055402,Neural,LE/IT
304477571,-1.4254826244245982,0.17056784137478392,-0.9934772941642493,-1.7014612091529975,Mesenchymal,HBV/MVP
305952570,-0.017885696012872238,0.5622552960746929,-0.9243933442383547,-1.567392144452364,Mesenchymal,HBV/MVP
306124484,-0.32038053962746793,0.5391069136776504,0.10217122055895089,0.04746220300286642,Mesenchymal,HBV/MVP
300173638,-1.634557824616712,-2.417667415002078,2.3519966434351804,0.45864152207054715,Neural,LE/IT
300629352,-0.13763851876021937,-2.1787881753715257,2.378507117984807,0.7125351082130085,Neural,LE/IT
300629372,-1.4586696132304902,-2.1855332497643607,1.9711493116698298,0.4336652864455128,Neural,LE/IT
300629399,-1.704441464140157,-2.2799227645575666,2.0771708098368045,0.546475379321827,Neural,LE/IT
300629407,-1.7526473472666513,-2.402482187445187,2.1155977636278576,0.7263215491877134,Neural,LE/IT
302262284,-1.2435959955180256,-1.6341281844263282,1.7839637644241109,1.5676594773996686,Neural,LE/IT
301287609,-1.7701625746859482,-0.17946248658871153,1.7688778162842882,-0.44254409894163044,Neural,LE/IT
301287640,-1.4949353837095278,-0.8275551777991832,1.9903345216738269,0.00451338749265118,Neural,LE/IT
301626695,-1.409986548221321,-1.873191093915169,2.0603068952463244,0.39563998603719114,Neural,LE/IT
301287706,-1.6183090387208467,-2.4348155011248904,2.1070133387910093,0.4659647974358865,Neural,LE/IT
301287730,-1.6483079425445761,-1.5927338184463253,1.8709605516130672,0.4113024365132881,Neural,LE/IT
301626601,-0.6332241952358205,-1.5926465817164375,2.0788751191174306,0.3563235904463439,Neural,LE/IT
302263996,-1.1958958672859032,-1.7671954436848853,2.1617002462709265,0.45860191520328075,Neural,LE/IT
302264004,-1.5617287663726773,-2.00809569767497,2.033960062907661,0.5571078357391979,Neural,LE/IT
300629325,-1.4490499462044382,-2.8888390894385716,2.3569903326340143,0.5424443849443092,Neural,LE/IT
300629386,-1.3514923198080606,-2.4089369408061416,2.089127428133331,0.7609531073225474,Neural,LE/IT
301287601,-0.2759065958752591,-0.765324801313642,1.1161664053000173,1.7909659377160254,Proneural,LE/IT
303748307,-0.4912200243785356,-1.3453711765217573,2.149431566712871,0.4803446752268835,Neural,LE/IT
303748311,0.8782964493252597,-0.6741674033408829,2.019610759792978,0.46401250674674493,Neural,LE/IT
303748317,0.79713378652528,-0.4853056497294713,1.9920653157742778,0.3960740678839888,Neural,LE/IT
304357569,0.301745685608393,0.5455785945468956,-1.2223078517080257,-0.947416285676702,Mesenchymal,CT
304357516,0.597030158530449,0.8202810241621123,-1.220678688824571,-0.9999531140204719,Mesenchymal,CT
305272996,0.40820261342759545,0.8850071633101678,-0.6060479635909783,-1.1802411279421356,Mesenchymal,PAN/PNZ
305405296,0.7210603405128869,0.26198317505212165,-0.6152563657831115,-0.8579011871350181,Classical,PAN/PNZ
305273034,0.35208455534096006,1.0650777073145434,-0.8989005666822704,-0.48015079523835474,Mesenchymal,CT
305405306,1.3605054698138435,-0.22554378586577536,-1.0983592381593712,-0.5560510838293697,Classical,CT
304357563,-0.22215624775799547,0.4055684581370727,-0.32225099964575554,-0.5056013351654176,Mesenchymal,CT
304950322,0.2090691603145897,0.845848208127738,-0.6348741992153725,-0.5408579883137489,Mesenchymal,PAN/PNZ
304950265,0.37151293398138463,0.4478550893894281,-0.5120267695269444,-0.850171965273854,Mesenchymal,PAN/PNZ
304357593,0.4379799340753096,0.8737504638452628,-0.5066516670483339,-1.1621391311404097,Mesenchymal,PAN/PNZ
305272800,-0.18575357852628138,1.3234041826885103,-0.08519597973481248,-0.01834738967853431,Mesenchymal,PAN/PNZ
306124420,0.7639481169206654,1.2769843490380013,-0.7155777574836328,-1.047226411523424,Mesenchymal,PAN/PNZ
303748332,0.08060480754997694,1.2678885242813107,-0.6283504801422917,-1.2834127159072013,Mesenchymal,PAN/PNZ
304357522,-0.08713813302521324,1.5569949328134243,-0.22196309967180627,-1.0875632415929213,Mesenchymal,PAN/PNZ
305272802,-1.0016156428037053,1.544921611680866,-0.11341550982331221,-0.3258127238398998,Mesenchymal,PAN/PNZ
305272998,-0.0501128307981263,1.5854969715232188,-0.8110278998283958,-1.3346565419911725,Mesenchymal,PAN/PNZ
305273036,-0.1677908000216955,1.5977441937432286,-0.8883015569606653,-1.0207375679915713,Mesenchymal,PAN/PNZ
305273042,-1.0067573010525546,1.5534844587744614,-0.8414017373749428,-0.99387818004968,Mesenchymal,PAN/PNZ
305461105,-1.112319781092156,1.4313818295248595,-0.14071210009830626,0.46246950874915566,Mesenchymal,PAN/PNZ
305952564,-1.3701016341073458,1.3237050161266668,-0.2892076757497524,0.2788194218944549,Mesenchymal,CT
305952556,-0.46045614999118106,1.8779953396288742,-1.1733583282166884,-1.164034603495034,Mesenchymal,PAN/PNZ
305461109,-0.00595241665514815,1.5967774873988796,-0.354755835959757,-1.1848486802893186,Mesenchymal,CT
304950415,-0.3845544050798161,1.354732863076267,-0.8180765105050067,-0.7611610378693519,Mesenchymal,PAN/PNZ
304950259,-0.4093806913266287,1.2394319160697356,-0.7329694929540527,-0.6927779915631053,Mesenchymal,CT
304950336,-0.5995938884209032,0.5615411619155927,-1.0796343546466922,-1.291170927842345,Mesenchymal,HBV/MVP
304357597,-0.05411652542572261,1.244791160442859,-0.9689533129813374,-1.0430456227274405,Mesenchymal,HBV/MVP
305272794,0.07479411403198132,0.9746188684510674,-1.17637364414254,-0.5848597375232918,Mesenchymal,CT
305272992,-0.6654565188603726,0.8385781837833213,-0.4635141734247386,-0.9743450901802668,Mesenchymal,HBV/MVP
305405290,0.029021924126369947,1.1800258772052519,-0.6878275014142347,-1.6046052398942965,Mesenchymal,HBV/MVP
306124416,1.1666131684160832,0.8243153531498559,-1.2203347445658395,-0.5163467801422474,Classical,HBV/MVP
306124448,-0.005770166149386197,1.2239604302431666,-0.5729896128645655,-0.589015301998087,Mesenchymal,HBV/MVP
306124454,-1.0113531846052122,1.1147508988339017,-0.8788517526641062,-0.5119607222317036,Mesenchymal,HBV/MVP
304477579,0.7343250630204742,-0.2675957122231556,-0.28358425799004067,-0.2617368900786383,Classical,PAN/PNZ
305461072,-1.1734069639948705,-0.5077419420451683,0.5725016182608696,1.4566234619861655,Proneural,PAN/PNZ
306124450,-0.632357514892404,0.1810491331140631,0.33395711952475293,1.7517165136093962,Proneural,PAN/PNZ
306124456,-1.119384239245245,0.4891039126481565,-0.15904223643437,0.5717192905483636,Proneural,PAN/PNZ
306124482,-0.1476848765749158,0.15854150096473874,-0.4990335544483141,0.6371857656396913,Proneural,PAN/PNZ
303748336,0.02467218189298111,0.5151799075704496,-0.33852104437875624,-0.5267843516474258,Mesenchymal,HBV/MVP
304950302,-0.5648750165336214,1.2537568190429593,-1.1833212047526478,-1.8932098251841718,Mesenchymal,HBV/MVP
304357567,0.13396119140270493,0.00417724314184172,-0.4248839090999825,-0.10645312440003037,Classical,HBV/MVP
304357571,0.8691813242974294,0.08033527381310818,-0.8238665666795261,-0.7020001275274799,Classical,HBV/MVP
304950324,0.41403715705951155,0.42767633585211207,-0.663011504607535,-0.9906123618163268,Mesenchymal,HBV/MVP
304950330,0.21446370063090867,0.622136648375092,-0.6732343133755474,-0.3565977201859566,Mesenchymal,HBV/MVP
304357587,0.1940942868615358,0.15690458335249768,-0.6336990707217602,-0.7072561035686797,Classical,HBV/MVP
305272796,0.0037614584947169684,0.6764568594495384,-1.22491317410112,-1.1026389232377554,Mesenchymal,HBV/MVP
305273030,-1.4625310258212765,-0.41918398147580743,-0.5047230529898729,0.6050241530023369,Proneural,HBV/MVP
305461068,-0.5673565660215396,1.3017398214216043,-1.145558235560256,-1.3148998064391717,Mesenchymal,HBV/MVP
303748254,0.22486960527377942,1.2205847159393794,-0.7760958647349953,-0.8126365280142849,Mesenchymal,PAN/PNZ
303748266,-0.5209437837240005,1.6571155369410622,-0.5692072522597867,-1.2887151762628195,Mesenchymal,PAN/PNZ
303748344,-1.8862421050620766,1.6180768735884643,-1.5291069756853455,-2.171359694733809,Mesenchymal,PAN/PNZ
304357601,-0.6557649770416145,1.634341925855849,-0.9978635764612819,-1.0011309654942007,Mesenchymal,PAN/PNZ
304703657,0.3723089136554261,1.5097042105445035,-0.5655853530229555,-1.088548505368197,Mesenchymal,PAN/PNZ
305273038,0.000654236953066723,1.591663227108082,-1.0543208254341128,-0.7925935536888853,Mesenchymal,PAN/PNZ
306124458,-1.7095051736404843,1.134936610733509,-0.34667601689716665,-0.10648562075745217,Mesenchymal,PAN/PNZ
