sample,Classical,Mesenchymal,Neural,Proneural,subtype_call
TCGA-27-2521-01A,-1.2528502272643924,-1.3694567365285466,-0.8876283925029126,1.453863675414587,Proneural
TCGA-19-1390-01A,-2.1112939748323165,-1.662275767002403,-0.867083057255402,1.348892542905362,Proneural
TCGA-32-1970-01A,0.918449756251662,-0.8643162462324123,1.5792638512411021,0.4478151004394971,Neural
TCGA-14-0790-01B,0.5266053301105638,-1.3148070791262256,-0.7003435743156634,-0.25890128318350736,Classical
TCGA-27-1835-01A,0.8032791976015339,-0.7603879428299499,-1.0184019264480972,-1.8863598179060534,Classical
TCGA-06-2563-01A,1.1719022002338686,0.10936476488882703,1.6637349868126543,-1.132614732094591,Neural
TCGA-06-6698-01A,-1.6776244242522036,0.8004987490084586,-2.6936340111721906,-1.9164291542925596,Mesenchymal
TCGA-06-2569-01A,-0.8753330779566773,-1.7110144907407938,-0.8581877154889316,-2.2881269427657713,Neural
TCGA-06-5414-01A,0.6379335037594529,2.195136143944106,-1.5124044326009352,-0.955432176897728,Mesenchymal
TCGA-06-5417-01A,-1.3419157833625908,-0.2868029766386899,-0.8284530701034911,0.2817592864084489,Proneural
TCGA-19-5960-01A,0.001012205607904735,-2.527690192716495,1.7849161820123312,0.4959665252901392,Neural
TCGA-06-2570-01A,-1.442550088859194,0.11900061305498988,1.1633007457342819,1.5849715553419084,Proneural
TCGA-12-5295-01A,-0.5564194744864067,0.46770068911891755,-0.9417968299056269,-1.0669578627666336,Mesenchymal
TCGA-76-4932-01A,0.7613721810026786,0.9148319021432219,-0.1627381904975123,-0.6247935109181897,Mesenchymal
TCGA-06-0743-01A,0.4567045415423001,1.0475933623093379,-0.13638083321211286,-0.3885137551517318,Mesenchymal
TCGA-12-3650-01A,0.1364804910003025,-0.365155804214193,1.0811789897235422,0.5312428841488741,Neural
TCGA-26-5133-01A,-1.1048803710177217,-0.3027588900637619,-0.5505288924028324,0.9775793282854013,Proneural
TCGA-41-5651-01A,-1.069504353691646,-1.879262684007353,1.5885519118731686,1.7604264676461845,Proneural
TCGA-06-2565-01A,0.8050833861921044,0.03128958670535876,-0.48855341761221444,0.16240538051699946,Classical
TCGA-19-2629-01A,-2.047000130676392,-0.13687837648346093,-0.08036018751707924,0.9790713768646812,Proneural
TCGA-32-5222-01A,-0.1671576426737753,1.0416105828457363,-0.35142176227066246,-0.33868276638350414,Mesenchymal
TCGA-06-0211-01B,0.9595795503898701,-0.06445783862141735,1.306363039757181,0.2410455770585431,Neural
TCGA-06-0129-01A,-1.5256325082994853,-1.1658114839741203,-0.5068330448599517,1.6267259290241411,Proneural
TCGA-15-1444-01A,-1.3137172516643723,-0.6437297437795,-0.9354512013869734,0.9351826929397956,Proneural
TCGA-27-2523-01A,0.05890032460106555,-0.28858658581146196,0.6460537899175863,0.274263738785043,Neural
TCGA-12-3653-01A,0.9874692397001023,-0.2941817057676628,-1.208681778272525,-0.8610591982097732,Classical
TCGA-06-0747-01A,0.7626899811860551,0.303189735074165,0.5985282004398796,-0.7258543039327366,Classical
TCGA-06-5859-01A,-0.6344580938012222,1.326151196178158,-0.7612400943964969,-0.28854835826316166,Mesenchymal
TCGA-28-5204-01A,0.9982207151491006,0.24570919520969725,0.14483973805626707,-0.27077934556154726,Classical
TCGA-02-2485-01A,0.8437415273009772,-0.038432017203890126,1.229393191120372,0.6715711407681291,Neural
TCGA-06-0157-01A,0.8822943663208305,0.5795837262703043,-0.24563811344222697,0.4545334170492833,Classical
TCGA-15-0742-01A,0.7132540756586319,-0.1246590961023945,0.7582948009994792,-0.4433591954007481,Neural
TCGA-28-5208-01A,0.1864722899796677,0.686051969954293,0.3054354178137493,0.0444476447652893,Mesenchymal
TCGA-06-2557-01A,0.5788479409654,0.7080512801746607,-0.056290081482114875,0.31876392916289664,Mesenchymal
TCGA-06-0744-01A,0.8855218974036169,-0.09107804267366922,0.9913998290658519,-0.24419811812931175,Neural
TCGA-27-2526-01A,0.3777103678960066,0.9885692297874122,-1.249001080876167,-1.16724329085074,Mesenchymal
TCGA-19-2619-01A,1.1093904095664822,1.488336691490895,0.4670244006575291,0.06681075942350902,Mesenchymal
TCGA-06-0125-01A,0.9605702046522181,0.7277379142497095,0.3450894321059484,-0.04603070219309786,Classical
TCGA-41-2572-01A,0.6968879880506196,1.2376963750531498,0.16472682433529762,-1.5623166529695023,Mesenchymal
TCGA-28-1747-01C,0.3407549159996862,0.19082832143522907,1.2054131303078883,0.4552683881722622,Neural
TCGA-26-5134-01A,-1.346254243734023,-0.5787427928382038,0.5519843620347009,1.7144517846587453,Proneural
TCGA-28-5209-01A,0.9054630584497471,1.2615544644599463,-0.5344411359866893,-0.36085795719885705,Mesenchymal
