collection,Term,NES,NOM p-val,FDR q-val,Lead_genes
Positional,chr16q23,2.572561250131262,0.0,0.0,TERF2IP;HSBP1;C16orf46;PSMD7;CMC2;VAT1L;ZFP1;MON1B;CFDP1;ZNRF1;NUDT7;RFWD3;MPHOSPH6;SLC38A8;ATMIN;TMEM170A;CENPN;GLG1;MLYCD;CDH13;FA2H;DYNLRB2;OSGIN1;GCSH;WWOX;NECAB2;LDHD;BCAR1;GABARAPL2;GAN;TMEM231;WDR59
Hallmark,HALLMARK_MYC_TARGETS_V1,2.471245919708568,0.0,0.0,PSMD7;NCBP2;PSMD3;TXNL4A;SNRPA1;ODC1;GOT2;VDAC1;SF3B3;XRCC6;SLC25A3;EIF4H;NDUFAB1;CCT5;PHB2;PSMD1;HSP90AB1;KPNB1;NPM1;NOLC1;TCP1;RAD23B;CSTF2;HDGF;PSMB2;HDDC2;RAN;EXOSC7;UBE2L3;IFRD1;PSMC4;PPIA;HPRT1;SSBP1;CDC45;VBP1;PGK1;SNRPD1;CTPS1;PSMB3;HNRNPR;AP3S1;PRDX3;PSMA2;PSMA1;YWHAQ;ACP1;CANX;HNRNPA1;C1QBP;RRM1;CCT4;CDC20;CNBP;HSPD1;PSMD8;RPL22;TRIM28;MCM7;SNRPA;SNRPD2;VDAC3;NOP16;GNL3;SF3A1;RANBP1;RSL1D1;GSPT1;NME1;SMARCC1;HDAC2;KPNA2;G3BP1;ABCE1;SNRPG;RFC4;TYMS;ILF2;XPOT;CCT3;HNRNPC;PSMD14;HNRNPD;CCNA2;U2AF1;COX5A;RRP9;CCT2;SERBP1;BUB3;CBX3;SNRPD3;RPL6;CDK4;PSMA4;MAD2L1;CAD;UBE2E1;ETF1;PSMA6;CUL1;EIF4A1;PRDX4;PTGES3;RPL14;TRA2B;PA2G4;TUFM;SRSF3;PSMA7;CDK2
Positional,chr3q29,2.2713809951403694,0.0,0.0,NCBP2;RNF168;PPP1R2;SENP5;FGF12;ACAP2;BDH1;OPA1;FYTTD1;WDR53;UBXN7;TCTEX1D2;APOD;CEP19;MB21D2;FBXO45;RPL35A;LRRC15;PAK2;IQCG;PIGZ;LSG1;ATP13A5;DLG1;PCYT1A;TFRC;LRCH3
Hallmark,HALLMARK_OXIDATIVE_PHOSPHORYLATION,2.2342495920662566,0.0,0.0,NDUFV2;GOT2;VDAC1;CS;SLC25A3;ACAT1;NDUFAB1;NDUFS1;ETFA;ISCU;SDHA;AFG3L2;OPA1;PHB2;MTX2;IMMT;NDUFB4;COX17;NDUFS2;MDH1;SDHB;PDHA1;UQCRH;NDUFB6;BCKDHA;ATP6V1E1;GPI;SUPV3L1;MRPS22;UQCRC2;HADHB;MDH2;LDHB;ATP6AP1;VDAC2;ATP6V0B;NDUFS4;COX11;PDHB;TIMM10;PDHX;ACO2;ACAA2;ATP6V0E1;NDUFA9;SDHC;UQCRC1;NDUFA8;ECHS1;IDH3G;ATP1B1;CYCS;MGST3;COX7A2;SUCLG1;PRDX3;ISCA1;ALAS1;DECR1;SLC25A4;HCCS;DLD;PMPCA;NDUFB5;NDUFB2;ECH1;COX7A2L;VDAC3;NDUFB8;ATP6V1G1;SUCLA2;ACADVL;NDUFA5;NDUFB3;UQCRB;TIMM17A;ACADM;PDP1;SLC25A5;SLC25A20;NDUFA4;COX5A;GLUD1;MRPL35;COX7C;UQCRFS1;ATP6V1F;HADHA;ETFDH;CYB5R3;SLC25A11;AIFM1;COX6A1;MTRR;FH;ETFB
Hallmark,HALLMARK_MTORC1_SIGNALING,2.1078892824464566,0.0,0.00030408729093998747,GMPS;MLLT11;ACACA;ELOVL6;SLC6A6;TXNRD1;PIK3R3;GOT1;CD9;IMMT;UCHL5;PLK1;INSIG1;NUFIP1;GPI;PRDX1;PGM1;VLDLR;HMGCR;ME1;RAB1A;CACYBP;PSPH;IGFBP5;SERP1;TPI1;PSMD12;M6PR;EDEM1;TBK1;IFRD1;PSMC4;PPIA;HPRT1;PSMC2;ALDOA;TMEM97;PGK1;STARD4;CCNF;ENO1;PSME3;PPP1R15A;SQLE;SLC2A3;TUBG1;RPN1;GCLC;CANX;HSPA5;PDK1;EBP;CCT6A;USO1;HSPD1;NFYC;ATP2A2;PLOD2;GLA;SORD;GBE1;HSP90B1;TOMM40;SEC11A;EGLN3;GSK3B;QDPR;PSMD14;PNP;SLC2A1;TUBA4A;RRP9;UFM1;STIP1;TRIB3;DDIT3;PSMB5;GAPDH;TFRC;PSMA4;P4HA1;HK2;GSR;SLC9A3R1;ETF1;MTHFD2;STC1;ASNS;PITPNB;EEF1E1
Positional,chr18p11,2.152385745603079,0.0,0.000740674028894051,NDUFV2;CIDEA;CHMP1B;APCDD1;NAPG;MYL12A;AFG3L2;LPIN2;DLGAP1;MYL12B;PTPRM;USP14;ZNF519;SPIRE1;THOC1;RNMT;ROCK1P1;IMPA2;NDC80;ADCYAP1;RAB12;VAPA;CEP192;EPB41L3;SEH1L;FAM210A;PSMG2;YES1;PPP4R1;TYMS;EMILIN2
Positional,chrXp11,2.1625451137162868,0.0,0.0009875653718587347,MAGED1;PIM2;NUDT11;TSPYL2;GSPT2;NUDT10;FTSJ1;FOXR2;TRO;MAGED4B;EFHC2;UBQLN2;CDK16;HUWE1;ATP6AP2;USP11;OTUD5;PPP1R3F;CASK;MAOA;TBC1D25;USP9X;SUV39H1;KCND1;TIMM17B;PCSK1N;SPIN3;DYNLT3;MAGED4;MAGEH1;SYN1;UBA1;ELK1;FUNDC1;SNORA11D;MAGED2;TSR2;SPACA5B;NDUFB11;EBP;GPR173;APEX2;ARAF;FGD1;CLCN5;MED14;SYP;WNK3;FAM120C;USP27X;CCNB3;RPGR;OTC;PORCN;CCDC120;GRIPAP1;RGN;IQSEC2;SPIN2B;PRICKLE3;RRAGB;UXT;WDR45;ZXDB;BCOR;HDAC6;TFE3;FAM104B;ZNF81
Positional,chr3q22,2.086168528819239,0.0,0.0014813480577881022,TRH;PPP2R3A;EPHB1;MSL2;ARMC8;TMCC1;CEP70;PCCB;CEP63;DBR1;SLC35G2;IL20RB;ACAD11;FAM86HP;PIK3CB;MRPL3;PIK3R4;UBA5;KY;TF;ASTE1;SRPRB;ANAPC13;ATP2C1;TMEM108;FAIM;NCK1
Positional,chr17q24,2.088142616222229,0.0,0.0017776176693457225,C17orf58;CACNG1;ABCA5;CACNG4;APOH;MAP2K6;AMZ2P1;AXIN2;KCNJ16;PSMD12;ABCA6;AMZ2;LINC00511;PRKAR1A
Hallmark,HALLMARK_PROTEIN_SECRETION,1.8208972420433889,0.0,0.0020525892138449154,COPB2;SEC22B;NAPG;AP1G1;ARFGAP3;LMAN1;SNX2;CAV2;SOD1;M6PR;AP2B1;ICA1;SCAMP1;ATP6V1B1;AP2M1;CLTC;GOSR2;BET1;YIPF6;AP3S1;VPS4B;BNIP3;TMED2;USO1;LAMP2;GLA;SCAMP3;STAM;SH3GL2;STX12;VAMP4;ATP1A1;SEC24D;VAMP7;ZW10;RAB14;CLN5;DNM1L;RER1;RAB2A;TOM1L1;ARF1;COG2;YKT6;TPD52;SGMS1;PAM
Positional,chr18q11,2.009818085626522,0.0,0.00211621151112586,CABYR;ANKRD29;TTC39C;SS18;NPC1;RIOK3;SNRPD1;MIB1;OSBPL1A;IMPACT;ZNF521;ESCO1;RBBP8;TMEM241
Positional,chr9p24,1.9891658110490313,0.0,0.0023454677581644947,DMRT2;RLN1;SLC1A1;GLDC;PLGRKT;ERMP1;SPATA6L;VLDLR;RANBP6;RCL1;AK3;CBWD1;KANK1;SMARCA2;CDC37L1
Positional,chr3q23,1.9731941053039943,0.0,0.0026335076582899588,COPB2;ATP1B3;RBP1;PCOLCE2;RNF7;PAQR9;SPSB4;CLSTN2;TRPC1;MRPS22;XRN1;ZBTB38;SLC25A36
Hallmark,HALLMARK_UNFOLDED_PROTEIN_RESPONSE,1.7641543552085435,0.0013908205841446453,0.0036490474912798496,TSPYL2;DNAJA4;IMP3;ALDH18A1;BAG3;NPM1;NOLC1;SPCS1;ATP6V0D1;SERP1;EXOSC9;EDEM1;LSM1;SPCS3;YWHAZ;DCTN1;GOSR2;DCP1A;HSPA5;EXOSC5;DNAJB9;EIF4G1;SRPRB;HSP90B1;PAIP1;CKS1B;SEC11A;CNOT6;EIF2AK3;PDIA6;XPOT;RRP9;TATDN2;HYOU1;EIF4A2;MTHFD2;EIF4EBP1;EIF4A1;ASNS;STC2;SLC1A4;DDX10;NFYB;EXOSC2
Hallmark,HALLMARK_GLYCOLYSIS,1.7431034453046916,0.0,0.0038010911367498436,COPB2;P4HA2;GOT2;GFPT1;TPBG;PPFIA4;MED24;GOT1;FAM162A;MDH1;STMN1;MPI;ECD;SLC35A3;VLDLR;ME1;SLC25A13;MDH2;SOD1;TPI1;ENO2;AK3;GAL3ST1;TKTL1;DPYSL4;TXN;B4GALT4;PSMC4;PPIA;ALDOA;SDHC;PGK1;PMM2;NOL3;PYGB;ENO1;PGAM1;RRAGD;FKBP4;POLR3K;GCLC;HSPA5;DLD;GNPDA1;ME2;PLOD2;PKP2;EGLN3;NSDHL;GLCE;DEPDC1;TGFA;PFKP;KIF2A;HS6ST2;ALDH9A1;MXI1;P4HA1;PGM2;HK2;SPAG4;DSC2;QSOX1;NASP;STC1;CHPF;COG2;HS2ST1;STC2;LDHC;EFNA3;ABCB6;PAM;ALDOB;PKM;TSTA3;NDUFV3;AGRN;DCN;CTH;KDELR3;ANKZF1;B3GALT6;PDK3
Positional,chr1q32,1.9377446406544867,0.0,0.004542800710550179,PPP1R15B;SNRPE;ZC3H11A;DSTYK;ETNK2;PIK3C2B;PLEKHA6;MDM4;NFASC;ZBED6;RBBP5;SOX13;KIF21B;GOLT1A;CHIT1;TMCC2;RPS6KC1;PPFIA4;KDM5B;LAX1;UBE2T;TMEM183A;LRRN2;G0S2;IL24;LEMD1;PFKFB2;CNTN2;RNPEP;VASH2;CD34;NEK2;PPP1R12B;CDK18;MIR29C;YOD1
Hallmark,HALLMARK_FATTY_ACID_METABOLISM,1.689807204866032,0.0,0.006125186860362605,FABP1;PTPRG;CIDEA;AOC3;ODC1;BLVRA;SDHA;SMS;CD36;MDH1;PDHA1;ME1;HADHB;MDH2;MAOA;GLUL;GABARAPL1;ERP29;G0S2;ENO2;PDHB;PTS;AADAT;ACO2;ACAA2;HSPH1;ALDOA;ALDH3A1;MLYCD;SDHC;ACAT2;MCEE;ECHS1;IDH3G;OSTC;SUCLG1;DECR1;UROS;HCCS;EHHADH;SLC22A5;DLD;ECH1;HSD17B7;CBR1;PRDX6;RDH16;SUCLA2;ACADVL;UGDH;NSDHL
Positional,chr13q12,1.8522580231969623,0.0,0.00938187103265798,ATP8A2;MIPEPP3;POLR1D;SAP18;POMP;FGF9;KATNAL1;GTF3A;ZDHHC20;CENPJ;UBL3;HSPH1;GPR12;ANKRD26P3;PAN3-AS1;LINC00426;PAN3;LINC00539;MTMR6;ZMYM2;SKA3;TPTE2P6;RPL21;CRYL1;MTIF3;PABPC3;RNF6;USPL1;XPO4;IFT88;TEX26;MTUS2;CDK8
Positional,chr5p15,1.871053875906496,0.0,0.009426760367742468,IRX2;IRX1;C5orf49;SDHA;CCT5;CLPTM1L;FASTKD3;SEMA5A;UBE2QL1;ROPN1L;ZNF622;NSUN2;CCDC127;MRPL36;BASP1;FBXL7;ANKRD33B;EXOC3;MED10;CEP72;TPPP;MTRR;ANKH;ADCY2;LPCAT1;TRIP13;NKD2;AHRR
Positional,chr17q22,1.861218381694707,0.0030627871362940277,0.009723720584455234,CA10;TEX14;SMG8;YPEL2;COX11;RAD51C;NOG;MRPS23;TRIM37;DYNLL2;SCPEP1;SUPT4H1;TOM1L1;MMD;PPM1E;SKA2;TMEM100
Positional,chr3p25,1.8633750690153577,0.0,0.010122545061552031,SEC13;FBLN2;OXNAD1;SLC6A6;CHCHD4;EMC3;TAMM41;IQSEC1;EAF1;TSEN2;JAGN1;LSM3;TIMP4;BRK1;HACL1;SYN2;ATP2B2;SH3BP5;ARPC4-TTLL3;LMCD1;CRELD1;MKRN2;RPUSD3;RAF1;FANCD2;TMEM40;BTD;ANKRD28;TATDN2
Hallmark,HALLMARK_E2F_TARGETS,1.603396924353541,0.0,0.011768178159377514,XRCC6;CIT;PLK1;STMN1;UBE2T;NOLC1;RAD1;SUV39H1;NCAPD2;POLA2;RAN;HMGA1;PTTG1;RBBP7;RAD51C;POP7;SPAG5;CTPS1;CCP110;CENPM;RAD21;CHEK2;TUBG1;MLH1;DIAPH3;CDC20;MYBL2;RACGAP1;MCM7;NUDT21;CKS2;CKS1B;EXOSC8;KIF4A;RANBP1;RFC3;GSPT1;NME1;CSE1L;KIF18B;UBE2S;GINS3;KPNA2;KIF22;DEPDC1;HMGB2;HMGB3;PRIM2;HNRNPD;DONSON;ORC6;ZW10;PDS5B;AURKB;RPA3;PPM1D;CDK4;TFRC;DSCC1;PLK4;DCTPP1;MAD2L1;MELK;TIMELESS;LYAR;CDCA8;MSH2;MTHFD2;NASP;PRDX4;TRA2B;CDKN1B;MKI67;PSMC3IP;ESPL1;PA2G4;SMC4;SYNCRIP;LMNB1;NAA38;TACC3;POLD1;RAD51AP1;SRSF2;TRIP13;BUB1B
Hallmark,HALLMARK_PANCREAS_BETA_CELLS,1.6211149013661876,0.012618296529968454,0.011973437080762006,DCX;PAK3;NKX2-2;NEUROD1;SPCS1;STXBP1;SCGN;INSM1;GCG;CHGA;SRPRB;SEC11A;SST
Hallmark,HALLMARK_REACTIVE_OXYGEN_SPECIES_PATHWAY,1.6096922100246196,0.007363770250368188,0.012264854067912827,PDLIM1;TXNRD1;NDUFB4;NDUFS2;MSRA;PRDX1;SOD1;TXN;CDKN2D;GCLC;MBP;GPX3;PRDX6;PFKP;CAT;HMOX2;GSR;ABCC1;PRDX4
Positional,chr12q24,1.8153989284133982,0.0,0.012282844312493012,PPTC7;PRKAB1;CUX2;BCL7A;UBC;FBXO21;MAPKAPK5;SBNO1;KCTD10;TBX5;CIT;MMP17;TMEM132C;ULK1;FAM222A;WSB2;SRSF9;KSR2;FAM222A-AS1;ARPC3;AACS;ERP29;ANKRD13A;ANAPC5;RAN;GLT1D1;PEBP1;ZNF891;C12orf76;RFC5;PPP1CC;BRAP;CABP1;ANKLE2;MAPKAPK5-AS1;GPN3;TBX5-AS1;RAD9B;LRCOL1;SCARB1;SVOP;GTF2H3;RNU4-1;TMED2;RNF10;VPS29;HVCN1;GIT2;ATP2A2;EIF2B1;SIRT4;DTX1;TRIAP1;PSMD9;PLBD2;SRRM4;ZNF10;GOLGA3;RASAL1;ALKBH2;USP30;GLTP;OASL;RPL6;SLC15A4;C12orf49;RNFT2;DYNLL1;MVK;TBX3;DAO;UNC119B;COX6A1;COQ5;MLXIP;CORO1C;HCAR2;ZNF26;DIABLO;ZNF664;TMEM116;KDM2B;TMEM233;IFT81;WDR66;HRK
Positional,chr18q22,1.8055335197980806,0.0016051364365971107,0.012780257753465977,NETO1;CDH19;TIMM21;CDH7;ZADH2;DOK6;TSHZ1;FBXO15;TMX3;CBLN2;ZNF407;CNDP2;SOCS6
Positional,chrXq28,1.8173280128361748,0.0013966480446927375,0.012904187525620798,CXorf40A;PRRG3;PNMA3;L1CAM;RAB39B;ATP6AP1;FUNDC2;TMEM185A;CXorf40B;SLC6A8;TKTL1;IDS;GABRA3;VBP1;MAMLD1;IDH3G;MTM1;ZNF275;BRCC3;PNCK;SRPK3;TMEM187;DUSP9;MAGEA12;CSAG1;BCAP31;PLXNB3;NSDHL;TMLHE;HMGB3;CD99L2;VAMP7;F8A1;CETN2;IKBKG
Positional,chrXq22,1.77554472792226,0.0014285714285714286,0.015855910692620795,TMSB15A;HNRNPH2;ARMCX5-GPRASP2;TIMM8A;BEX4;BEX2;MORF4L2;TCEAL7;TSC22D3;TCEAL6;CSTF2;ZCCHC18;BHLHB9;ATG4A;ARMCX5;GPRASP1;BEX5;TMSB15B;PSMD10;TCEAL5;GLA;RAB9B;GPRASP2;TBC1D8B;RPL36A-HNRNPH2;RNF128;PLP1;MID2;TSPAN6;BEX1;TCEAL8;NOX1;ARMCX3-AS1
Hallmark,HALLMARK_DNA_REPAIR,1.5425640391892077,0.005284015852047556,0.019323365124277386,GTF2B;NCBP2;POLR2C;POLR1D;DGUOK;ZNF707;USP11;COX17;EIF1B;ADA;VPS37D;POLA2;CLP1;AK3;RNMT;RFC5;HPRT1;TAF9;GTF2A2;TAF12;POLR2H;POLR2D;BRF2;ZNRD1;TAF13;TAF6;GTF2H3;TMED2;UMPS;DDB2;SF3A3;NUDT21;RFC3;BCAP31;RAD51;GMPR2;RAE1;NME1;DAD1;CDA;RFC4;STX3;RAD52;TYMS;SUPT4H1;PNP
Positional,chr15q24,1.7056553269586827,0.0014858841010401188,0.032797565770676926,ISL2;SCAMP5;ETFA;IMP3;ISLR;EDC3;ODF3L1;MPI;LINGO1;CD276;RCN2;PPCDC;CSPG4;FBXO22;NPTN;STRA6;UBL7;SNUPN;CLK3;LOXL1-AS1
Hallmark,HALLMARK_ESTROGEN_RESPONSE_LATE,1.4630226437310196,0.005076142131979695,0.034600789604814296,TPSAB1;CCNA1;SLC27A2;TNNC1;DHRS2;SIAH2;FLNB;TPBG;CD9;DNAJC12;ARL3;SFN;MDK;PRKAR2B;CLIC3;PPIF;SNX10;PGR;TSPAN13;BTG3;MAPT;CAV1;HPRT1;DYNLT3;SLC16A1;TRIM29;DLG5;CA12;IGFBP4;IMPA2;BAG1;HOMER2;FKBP4;CACNA2D2;NPY1R;SCARB1;DUSP2;PCP4;SLC22A5;RBBP8;CDC20;LTF;FDFT1;ACOX2;FAM102A;PERP;GLA;SORD;LLGL2;UGDH;SLC2A8;ATP2B4;FKBP5;GAL;UNC13B;NMU;SLC29A1;RABEP1;PLAC1;SCUBE2;TOB1;PAPSS2;PLK4;CDC6;CYP26B1;SLC9A3R1;CXCL12
Hallmark,HALLMARK_G2M_CHECKPOINT,1.4757863477674291,0.0012468827930174563,0.03512208210356855,DR1;ODC1;SLC38A1;MTF2;PLK1;STMN1;KPNB1;NOLC1;SS18;RAD23B;SUV39H1;POLA2;HMGA1;PTTG1;EWSR1;HOXC10;ORC5;CDC45;SLC12A2;CCNF;SNRPD1;CDC27;NDC80;RAD21;TROAP;NUP50;SQLE;AMD1;EXO1;NEK2;CDC20;MYBL2;RACGAP1;HIRA;CKS2;CCNT1;CKS1B;KIF4A;GSPT1;SMARCC1;UBE2S;KPNA2;G3BP1;KIF22;DBF4;POLQ;HMGB3;RAD54L;E2F4;TPX2;PRIM2;HNRNPD;KIF11;CCNA2;HSPA8;ORC6;PDS5B;BUB3;E2F2;AURKB;CDK4;PLK4;CDC6;E2F3;PRC1;MAD2L1;PAFAH1B1;HMGN2;TTK;INCENP;NASP;CUL1;NUP98;TRA2B;CDKN1B;MKI67;ESPL1;ODF2;SMC4;SYNCRIP;LMNB1;TRAIP;GINS2;TACC3;KIF15;SRSF2;CDC7;KIF5B;STAG1;CDK1;MT2A;CDKN3;SLC7A1;TMPO;MARCKS;CENPE;DTYMK;CCNB2;SMC2;MCM2;CUL3;BIRC5
Hallmark,HALLMARK_MYC_TARGETS_V2,1.4685809636952722,0.027737226277372264,0.03515716909867701,PLK1;NPM1;NOLC1;SUPV3L1;MRTO4;RCL1;TMEM97;NDUFAF4;MPHOSPH10;DUSP2;EXOSC5;HSPD1;NOP16;SORD;GNL3;RRP12;RRP9;CBX3;NOP2;CDK4;PLK4;DCTPP1;HK2
Hallmark,HALLMARK_ADIPOGENESIS,1.4161119674429243,0.010062893081761006,0.051086664877917895,PPP1R15B;ATP1B3;SULT1A1;NKIRAS1;CIDEA;ELOVL6;UBC;ORM1;CS;NDUFAB1;COQ3;IMMT;CD36;SDHB;GHITM;BCKDHA;CCNG2;YWHAG;PGM1;SPARCL1;ME1;MDH2;SOD1;JAGN1;ATL2;ACO2;ACAA2;ALDOA;SDHC;RIOK3;RNF11;UQCRC1;ECHS1;G3BP2;IDH3G;CHUK;MGST3;SUCLG1;PRDX3;SNCG;DECR1;SCARB1;PLIN2;GPX3;DLD;TKT;DNAJB9;ECH1;PEMT;CMPK1;GBE1;NDUFA5;ARAF;MYLK;UBQLN1;ACADM;ENPP2;QDPR;CAT
Positional,chr18q21,1.6299313325695255,0.0029282576866764276,0.06824076719543856,SNORA37;ZNF532;LMAN1;DCC;TXNL1;ACAA2;RAB27B;C18orf54;PHLPP1;VPS4B;MBD1;ONECUT2;ELAC1;ME2;ALPK2;MYO5B;FECH;KDSR;MAPK4;MALT1;GRP;RNF152;POLI;WDR7;SCARNA17;ST8SIA3;NEDD4L;SMAD4;RNF165;IER3IP1;CTIF;TCF4;SEC11C;MRO;MBD2;DYM
Hallmark,HALLMARK_HEME_METABOLISM,1.360095038576931,0.028132992327365727,0.08102025757982292,P4HA2;GMPS;OSBP2;HTATIP2;TMCC2;FBXO7;BLVRA;LPIN2;MOSPD1;CCDC28A;BPGM;HAGH;HDGF;MINPP1;SLC6A8;RCL1;EIF2AK1;ATG4A;RNF123;RIOK3;SELENBP1;CDC27;CDR2;NUDT4;MGST3;MKRN1;CA1;TYR;ISCA1;GCLC;UROS;LAMP2;YPEL5;HBQ1;FECH;RANBP10;ATP6V0A1;SLC25A38;XPO7;BNIP3L;OPTN;PSMD9;GDE1;HBB;CAT;AGPAT4;RHCE;HEBP1;SLC2A1;ADIPOR1;AHSP;ENDOD1;E2F2;TFRC;MXI1;GYPA;MYL4;FN3K
Positional,chr2p25,1.5983818846306193,0.013412816691505217,0.08322482724664064,RNF144A;ODC1;MYT1L;RNASEH1;SNORA80B;SOX11;FAM110C;KLF11;NOL10;COLEC11;YWHAQ;ACP1;IAH1;HPCAL1;PDIA6;GRHL1;E2F6;RPS7;CPSF3
Positional,chr3q25,1.603080136146192,0.008875739644970414,0.08361386815070619,GMPS;PFN2;TM4SF1;VEPH1;SIAH2;GFM1;DHX36;MLF1;EIF2A;PPM1L;SERP1;MIR16-2;SSR3;SLC33A1;SCARNA7;COMMD2;RAP2B;SCHIP1;RNF13;LEKR1;TIPARP;TMEM183B;CCNL1;ANKUB1;IFT80;IGSF10;RSRC1;TRIM59;SMC4;KPNA4;MFSD1
Positional,chr10q24,1.592134687967337,0.0028089887640449437,0.08407186948258272,TLX1;KCNIP2;GOT1;INA;KAZALD1;ALDH18A1;ARL3;MARVELD1;NOLC1;PYROXD2;PSD;ZFYVE27;CNNM1;LDB1;HPSE2;HPS1;PGAM1;CHUK;R3HCC1L;MMS19;MORN4;LOXL4;SEMA4G;ELOVL3;TCTN3;NDUFB8;WBP1L;CWF19L1;DPCD;BLOC1S2;ERLIN1;CUEDC2;TM9SF3;ACTR1A;FRAT2;RRP12
Hallmark,HALLMARK_HYPOXIA,1.3475983725357434,0.02457956015523933,0.08484035417225651,P4HA2;SLC6A6;SIAH2;TPBG;PPFIA4;FAM162A;CCNG2;KIF5A;GPI;PGM1;VLDLR;JMJD6;TPI1;ENO2;XPNPEP1;TKTL1;DPYSL4;ANXA2;IDS;CAV1;ALDOA;CA12;PGK1;SELENBP1;ENO1;GCNT2;PPP1R3C;TMEM45A;PPP1R15A;RBPJ;RRAGD;SLC2A3;SCARB1;ETS1;PLIN2;HSPA5;PDK1;EFNA1;NDRG1;GBE1;PCK1;BNIP3L;PGF;PFKP;BTG1;HK1;TIPARP;PLAUR;SLC2A1;ALDOC;DDIT3;PYGM;GAPDH;CHST3;MXI1;P4HA1;PGM2;HK2;NEDD4L;TGM2;INHA;STC1;KDM3A;CDKN1B;BHLHE40;STC2;GRHPR;TPD52;LDHC;EFNA3;SLC25A1;PAM;CDKN1C;ALDOB;DCN;KDELR3;HMOX1;ANKZF1;B3GALT6;PDK3
Positional,chr3q13,1.5551923703443025,0.005891016200294551,0.096781406442156,TAGLN3;ATP6V1A;CD47;LSAMP;STXBP5L;ABHD10;NDUFB4;COX17;NAA50;CD200;CBLB;TIMMDC1;B4GALT4;MYH15;GRAMD1C;PLCXD2;PHLDB2;GTPBP8;SLC35A5;POGLUT1;POLQ;GSK3B;GPR156;RABL3;IFT57;TMEM39A;DZIP3
Hallmark,HALLMARK_XENOBIOTIC_METABOLISM,1.3263677590770253,0.04236200256739409,0.096851802164386,FABP1;MCCC2;MPP2;CYP26A1;SLC6A6;PTGDS;LPIN2;CYFIP2;CD36;ITIH1;ARG2;NPC1;MAOA;GABARAPL1;GCKR;PTS;HPRT1;ACO2;SSR3;ALDH3A1;HACL1;TMEM97;IGFBP4;GCNT2;DDC;TYR;LEAP2;GCLC;ACP1;AOX1;ALAS1;GSTT2;ABHD6;SPINT2;ADH5;ECH1;ACOX2;CBR1;ATP2A2;PEMT;PTGR1;UGDH;BCAR1;CDA;RBP4;GART;GSTM4;CAT;ETS2;TMBIM6;ALDH9A1;CNDP2;SLC35B1;PMM1;PGD;PAPSS2;LONP1;GSR;HSD11B1;ETFDH;CES1
Positional,chr9q31,1.5671423242410667,0.021244309559939303,0.0991268742003205,PTPN3;FRRS1L;TAL2;MSANTD3;ERP44;RAD23B;EPB41L4B;TXN;MSANTD3-TMEFF1;FSD1L;NIPSNAP3B;PTGR1;MRPL50;TMEM38B;LPAR1;SLC44A1
Positional,chr10q26,1.5619189338933739,0.010174418604651164,0.09962559471310917,CPXM2;INPP5A;ZRANB1;BAG3;BCCIP;PRAP1;EBF3;DPYSL4;PSTK;CACUL1;ECHS1;ATE1;GLRX3;PRDX3;NSMCE4A;FAM24B;UROS;WDR11;SPRN;BNIP3;IKZF5;SNORA19;NANOS1;BUB3;CHST15;CASC2;JAKMIP3;STK32C;KNDC1;INPP5F;MKI67;CYP2E1;CLRN3;CUZD1;CALY;ADAM8;C10orf90;FGFR2;OAT;TUBGCP2;FAM204A;TIAL1
Positional,chr7q33,1.5569497095104734,0.026981450252951095,0.09978208584126524,LRGUK;BPGM;SLC35B4;DGKI;CHCHD3;AKR1B1;LUZP6;MTPN;AKR1B15
Hallmark,HALLMARK_SPERMATOGENESIS,1.3092732538579177,0.0718232044198895,0.10735881829607558,DDX4;CCNA1;RPL39L;IL12RB2;SNAP91;MLF1;CLGN;DCC;NPY5R;PEBP1;TKTL1;PCSK1N;IP6K1;SLC12A2;ADCYAP1;GSTM3;ACRV1;NEK2;ELOVL3;CCT6B;VDAC3;DBF4;OAZ3;RFC4;TSN;RAD17;PGS1;TEKT2;TOPBP1;TTK;HSPA1L;IFT88;LDHC;IL13RA2;HTR5A;SYCP1;CDK1;CDKN3;TALDO1;GAD1;NF2;SCG5;CCNB2;CHFR;ARL4A;PSMG1;NCAPH;BUB1;DMRT1;AGFG1;COIL;KIF2C;PACRG;ACRBP;NEFH;GRM8
Positional,chr17q11,1.5347416950400214,0.008695652173913044,0.11212393989781848,ANKRD13B;BLMH;SLC46A1;CDK5R1;RHBDL3;PSMD11;RAB11FIP4;SNORD42A;IFT20;TMEM97;MYO18A;SPAG5;TRAF4;RPL23A;SDF2;POLDIP2;TMEM199;PIGS;UTP6;ZNF207;KSR1;ERAL1;TAOK1;SUZ12P1;TNFAIP1;DHRS13;ALDOC;SUPT6H;SEZ6;TMEM98;LRRC37BP1;GIT1;SPAG5-AS1;GOSR1;RHOT1;EFCAB5;KRT18P55;UNC119;ATAD5;NUFIP2;FAM222B;PROCA1
Positional,chr1q24,1.518710507016841,0.01911764705882353,0.12021962460093663,SFT2D2;SLC19A2;TIPRL;POGK;TBX19;NME7;ATP1B1;MGST3;SCYL3;KIFAP3;TADA1;F5;MPZL1;METTL11B;VAMP4;DPT;PIGC;DNM3;ALDH9A1
Positional,chr12p13,1.519093085373253,0.005089058524173028,0.1240245891141211,GRIN2B;DUSP16;KLRC4-KLRK1;DYRK4;FAM66C;TAS2R8;GPR162;DDX12P;KCNA5;DDX47;GPR19;MRPL51;KLRG1;CD9;PHB2;SCARNA12;LRP6;NECAP1;GNB3;CD27-AS1;TPI1;GABARAPL1;NCAPD2;M6PR;ITFG2;ENO2;FOXM1;USP5;CD27;ATF7IP;CCDC77;NDUFA9;MANSC1;KLRC4;FKBP4;SLC2A3;SCARNA10;DCP1B;IQSEC3;CLEC4D;MLF2;CD163L1;C12orf57;PRR4;CLSTN3;FAM86FP;GPRC5A;TAS2R31;TAS2R14;SLC6A13;ZNF384;RAD52;ANO2;HEBP1;A2MP1;KLRC2;PARP11;CLEC1A;NOP2;GAPDH;PRMT8;RBP5;TAS2R30
Hallmark,HALLMARK_COAGULATION,1.2762641200370928,0.08411214953271028,0.13579017976925142,KLKB1;DUSP14;CPB2;KLK8;ARF4;ISCU;CD9;USP11;MMP1;ITIH1;FN1;APOA1;MMP9;S100A1;CTSK;FGG;PF4;GSN;SIRT2;PEF1;TF;LAMP2;ACOX2;C8G;PREP;ITGB3;HPN;MMP15
Positional,chr5p13,1.495814361800033,0.020155038759689922,0.1388007201673712,RAI14;SKP2;OSMR;GDNF;LMBRD2;C5orf22;BRIX1;RAD1;NPR3;AMACR;SUB1;TTC23L;NUP155;EGFLAM;DROSHA;RICTOR;ZFR;NIPBL;SPEF2
Positional,chr8q22,1.4530651488602806,0.028409090909090908,0.181113503954214,CTHRC1;OSR2;RIMS2;LRP12;KCNS2;ZFPM2;YWHAZ;NDUFAF6;NCALD;LAPTM4B;ESRP1;UQCRB;FZD6;BAALC;PDP1;GDF6;ZNF706;INTS8;POLR2K;ANKRD46;POP1;DCAF13;RBM12B-AS1;SNORA72
Positional,chr12q13,1.4561038486591997,0.0012970168612191958,0.18260700954025416,NACA;NEUROD4;ARF3;CS;SLC38A1;COPZ1;SLC4A8;ERBB3;TFCP2;KIF5A;LARP4;RND1;SARNP;NDUFA4L2;ZBTB39;MYL6B;BCDIN3D-AS1;B4GALNT1;HOXC10;ACVR1B;EIF4B;FAIM2;CNPY2;R3HDM2;TROAP;SPATS2;ITGA5;GLS2;HNRNPA1;CELA1;HOXC6;SMAGP;RACGAP1;ZNF740;COX14;NXPH4;RDH16;CCNT1;WNT10B;SMARCD1;MAP3K12;C1QL4;SLC38A2;ATF1;BCDIN3D;HOXC4;DNAJC14;DGKA;SENP1;NR4A1;KANSL2;HOXC9;SLC38A4;TUBA1B;TMBIM6;POU6F1;IGFBP6;TUBA1A;PRKAG1;DDIT3;RPS26;RHEBL1;MUCL1;HOXC11;ASIC1;TMEM106C;DAZAP2;RAB5B;TIMELESS;GRASP;MIP;PTGES3;GPD1;ASB8;KRT75;ESPL1;PA2G4;CDK2;RPL41;PRR13;MMP19;ITGB7
Hallmark,HALLMARK_KRAS_SIGNALING_DN,1.2179333610292913,0.10951760104302477,0.20512859825980298,NUDT11;TLX1;SOX10;CACNG1;CCNA1;SPTBN2;KLK8;GPR19;DLK2;STAG3;PNMT;GDNF;ACTC1;DTNB;ITIH3;ITGB1BP2;KCND1;ARHGDIG;DCC;MYH7
Positional,chrXq21,1.4224780436452447,0.056338028169014086,0.20840372583363354,PGAM4;PABPC5;NAP1L3;PCDH11X;PGK1;ITM2A;DACH2
Positional,chr3q27,1.4239903964542884,0.04316546762589928,0.21243941956355467,RPL39L;DNAJB11;RTP1;PSMD2;SNORA63;DGKG;AP2M1;SNORD2;POLR2H;EHHADH;ECE2;EIF4G1;EIF2B5;PARL;AHSG;SST;MAGEF1;RFC4;VPS8;MCCC1;ABCF3;EIF4A2;TRA2B;DVL3
Positional,chr16p12,1.4277474200431137,0.045133991537376586,0.2126460613934646,UBFD1;LCMT1;SBK1;POLR3E;NDUFAB1;ARHGAP17;PLK1;COG7;UQCRC2;USP31;GPRC5B;ZKSCAN2;NOMO2;XYLT1;LYRM1;CDR2;CCP110;DCTN5;PALB2;EARS2;NSMCE1
Positional,chr1p13,1.4118597623047182,0.034106412005457026,0.21958649498058946,NHLH2;KCNA3;LRIF1;SYT6;PROK1;ATXN7L2;TSPAN2;BCAS2;AKR7A2P1;CSDE1;VANGL1;SLC22A15;GSTM2;HIPK1;SLC16A1;TMEM167B;CASQ2;AMPD2;NRAS;GSTM3;PSMA5;KCNA2;TAF13;PPM1J;GPSM2;NTNG1;PHTF1;DDX20;ATP1A1;GSTM4;RSBN1;WDR47;SLC25A24;SLC6A17;AKNAD1;PRMT6;GPR61;TRIM33;SIKE1
Positional,chr1p34,1.3969851041819021,0.02349869451697128,0.2303812757223274,KDM4A;ZMYND12;KCNQ4;MED8;PPIH;SNORD38A;PIK3R3;YBX1;TRIT1;DPH2;PRDX1;HPCAL4;PSMB2;OSCP1;BMP8B;ATP6V0B;SLC2A1-AS1;GJB5;CTPS1;RNU5F-1;C1orf216;TMEM69;EIF2B3;ERI3;CDC20;PPIE;RRAGC;SH3D21;THRAP3;NFYC;SF3A3;GNL2;FAM183A;MEAF6;ZSWIM5;EBNA1BP2;MYCBP;RLF;RAD54L;KIAA0319L;SLC2A1;ZC3H12A;HPDL;DNALI1;TEKT2;POU3F1;TSPAN1;C1orf109;AKIRIN1;CDCA8;NASP
Positional,chr12q23,1.3992898892665468,0.043795620437956206,0.23257164507273204,TCP11L2;TXNRD1;CHST11;SLC25A3;ISCU;SLC41A2;SART3;APPL2;CKAP4;NR1H4;AMDHD1;PRDM4;ANKS1B;C12orf73;UHRF1BP1L;PAH;SLC17A8;NUP37;ARL1;HSP90B1;ACTR6;C12orf45;PMCH;CDK17;WSCD2
Positional,chr7p15,1.3679727161213187,0.06950354609929078,0.2746172407796177,STEAP1B;HOXA4;HOXA-AS2;HOXA2;HOXA3;HOXA1;SNX10;HOXA10;C7orf31;CYCS;IGF2BP3;HIBADH;FAM221A;HOXA11-AS;CCDC126;MALSU1;CBX3;RAPGEF5;GPNMB;NPY;HOXA11;DNAH11
Positional,chr5q23,1.3523337891164577,0.09818731117824774,0.2894271943383135,ZNF474;SNX2;MEGF10;ISOC1;PRRC1;SLC12A2;C5orf63;PHAX;HINT1;PPIC;PRR16;ADAMTS19;SLC27A6;CSNK1G3;LMNB1;LYRM7
Positional,chr10q25,1.354711623242005,0.07957957957957958,0.2915967412615083,AFAP1L2;VAX1;GFRA1;GSTO2;HSPA12A;ATRNL1;SORCS3;TRUB1;XPNPEP1;ENO4;SLC18A2;SORCS1;SHOC2;RPL13AP6;DUSP5;TDRD1;MXI1;ZDHHC6;DCLRE1A
Positional,chr17q21,1.3339286464872306,0.0327455919395466,0.2976865531781134,CHAD;MPP2;PSMD3;AOC3;HOXB13;NPEPPS;RND2;C1QL1;MED24;HDAC5;LSM12;TTLL6;NSF;KPNB1;MRPL10;CSF3;BECN1;MAPT-IT1;LRRC59;EFTUD2;NBR1;ADAM11;TMEM99;MAPT;DNAJC7;CCR7;KLHL11;CACNA1G-AS1;IGFBP4;KRT222;CDC27;GOSR2;PSME3;CRHR1;OSBPL7;TUBG1;NKIRAS2;CCDC43;EIF1;TMEM92;GJD3;CASC3;GAST;ATP6V0A1;ARL4D;NME1;KIF18B;NGFR;ITGB3;NSFP1;ORMDL3;MPP3;CNP;LRRC37A4P;AOC2;FAM171A2;KRT17;MAPT-AS1;CCDC103;VPS25;SLC35B1;TOB1;KRT16;TBKBP1;CDC6;MYL4;NXPH3;NME2;ZNF385C;RUNDC3A
Positional,chr1q23,1.3446385451426246,0.06374501992031872,0.2978313428433505,NHLH1;CRABP2;FCRLA;MPZ;VANGL2;B4GALT3;USF1;NDUFS2;RGS4;HDGF;PEX19;AIM2;SDHC;PFDN2;PRCC;DCAF8;SLAMF9;SH2D2A;IGSF8;COPA;UAP1;SH2D1B;HSD17B7;PIGM
Positional,chr3p14,1.3392895849493487,0.07845934379457917,0.30089321307132266,RPP14;PTPRG;FHIT;FLNB;ARF4;ERC2;DNAH12;PDHB;ARL6IP5;PRICKLE2;PSMD6;SYNPR;ABHD6;THOC7;ACOX2;TMF1;C3orf14;WNT5A;ARHGEF3;C3orf67;DNASE1L3;LRTM1;SLC25A26;ESRG;UBA3;PSMD6-AS2;ADAMTS9-AS2;ERC2-IT1
Positional,chr12q12,1.334513470808834,0.12460063897763578,0.30316062326347915,CNTN1;PRICKLE1;SLC2A13;TMEM117;PDZRN4;LRRK2;PPHLN1
Positional,chr1q25,1.3024514290272593,0.08391608391608392,0.3033082592988681,FAM20B;RALGPS2;CACYBP;GLUL;AXDND1;ACBD6;NMNAT2;TNR;RNASEL;GAS5;PRDX6;TSEN15;RGS8;SWT1;LAMC1;TNFSF18;HMCN1;TOR1AIP2;CACNA1E;QSOX1;CENPL;DHX9;SMG7;ANGPTL1;SCARNA3;KLHL20;RC3H1;DARS2;C1orf21;TRMT1L;RNF2;PAPPA2
Positional,chrXq13,1.3052232291294026,0.09425625920471281,0.30369464009418795,MAGEE1;FAM155B;FAM226B;NAP1L2;ITGB1BP2;IGBP1;PABPC1L2A;MAP2K4P1;PABPC1L2B;PJA1;DMRTC1B;DMRTC1;PDZD11;RAB41;NONO;KIF4A;ERCC6L
Positional,chr11p14,1.306290785878295,0.14261744966442952,0.30733779704599945,SLC17A6;GAS2;ANO3;SVIP
Positional,chrXq26,1.3186059173238067,0.09433962264150944,0.308422711950086,RAB33A;MOSPD1;ARHGAP36;SLC25A14;HPRT1;XPNPEP2;ZNF75D;CT45A6;HTATSF1;SMARCA1;ZDHHC9;FHL1;HS6ST2;PLAC1;ZNF449;SLC9A6;AIFM1;APLN;BCORL1;MMGT1;PHF6
Positional,chr12p11,1.3136678275283322,0.11746987951807229,0.31183364181811407,TSPAN11;PPFIBP1;MED21;SYT10;PKP2;MRPS35;ALG10;STK38L;DNM1L;REP15;IPO8;AMN1;DENND5B;C12orf71;ERGIC2
Positional,chr5q33,1.3069224038313088,0.11257309941520467,0.3121276324326597,FABP6;MFAP3;CYFIP2;CCNJL;NIPAL4;PTTG1;ANXA6;GPX3;SLU7;FNDC9;G3BP1;RNF145;ZNF300;ZNF300P1;MRPL22;ADAM19;RBM22;TNIP1;FAM114A2;ITK;SGCD
Positional,chr3p21,1.3093985198386124,0.04488778054862843,0.3137553278475898,IP6K2;TNNC1;RBM15B;ACTR8;ITIH1;NCKIPSD;HEMK1;ITIH3;CAMKV;SPCS1;PARP3;RAD54L2;ABHD14A;EXOSC7;PTH1R;RNF123;IP6K1;QRICH1;NT5DC2;GPR62;UQCRC1;CACNA2D3;DUSP7;ZNF589;DCP1A;PFKFB4;CACNA2D2;ZNF501;TMEM42;ALAS1;DOCK3;HYAL3;TKT;LTF;GLYCTK;GLT8D1;CELSR3;CCDC51;LZTFL1;MANF;GNL3;PTPN23;SMARCC1;CAMP;UCN2;SLC25A20;DALRD3;RRP9;CLEC3B;P4HTM
Positional,chr16q21,1.318675687372268,0.09559939301972686,0.3146835908870697,POLR2C;GOT2;CIAPIN1;NDRG4;KATNB1;CMTM2;GINS3;CDH8;SNORA46;MMP15;CNOT1
Positional,chr4q34,1.3216596884824099,0.15136876006441224,0.3159368708780412,HAND2;SPATA4;LINC00290;SPCS3;VEGFC;HMGB2;NEIL3;GLRA3
Positional,chr13q14,1.2831514951502332,0.08876560332871013,0.3173934674777174,CPB2;CDADC1;UTP14C;NUFIP1;LRRC63;NEK3;MED4;INTS6-AS1;TSC22D1;DLEU1;PHF11;SPRYD7;TSC22D1-AS1;HNRNPA1L2;COG6;LACC1;ATP7B;TNFSF11;DHRS12;ENOX1;SUCLA2;RCBTB1;RNASEH2B;MRPS31;KPNA3;CKAP2;KBTBD6;KBTBD7;WBP4;SUGT1;KCTD4;TRIM13;COG3;ESD;CCDC122;AKAP11
Positional,chr21q21,1.284371627619951,0.1360759493670886,0.3205330711248393,CCT8;RWDD2B;NCAM2;N6AMT1;CXADR;BTG3;MRPL39
Positional,chr5q13,1.2742214664313805,0.12034383954154727,0.3239700107584449,MCCC2;GTF2H2;HMGCR;HEXB;GTF2H2B;TAF9;GFM2;CENPH;BTF3;SV2C;MRPS36;CDK7;GCNT4;ZBED3-AS1
Positional,chr6q13,1.2844122757349683,0.16188870151770657,0.32606982979616467,KCNQ5;COL9A1;RIMS1;KCNQ5-IT1;DDX43;KHDC1;KHDC1L;SMAP1;MTO1
Positional,chr9p13,1.2699346551166382,0.11587982832618025,0.3264381408205308,CCL27;C9orf131;DNAJB5;DNAI1;DCTN3;PRSS3;EXOSC3;FAM166B;POLR1E;BAG1;RMRP;CA9;CNTFR;TOMM5;UBE2R2;CHMP5;RUSC2;UNC13B;GBA2;ZCCHC7
Positional,chr8q12,1.275490099465909,0.159375,0.3270651917367486,TOX;PENK;GGH;CA8;XKR4;BHLHE22
Positional,chr3p24,1.2855608819198712,0.1545595054095827,0.32956467266600065,UBE2E2;NKIRAS1;PLCL2;KCNH8;NEK10;TOP2B;TBC1D5;RARB;CMC1;RPL15
Positional,chr17q23,1.2570869437902434,0.12794117647058822,0.33630399240143216,LIMD2;PTRH2;CLTC;DHX40;MIR21;STRADA;PSMC5;DCAF7;EFCAB3;BCAS3;TLK2;DDX5;SMARCD2;TUBD1;POLG2;PPM1D;CCDC47;TACO1;METTL2A;VMP1;DDX42;CEP95;MIR4737;RPS6KB1;APPBP2;TEX2;INTS2
Positional,chr13q13,1.2579222156061995,0.15109034267912771,0.3397687800462106,CCNA1;STARD13;NBEA;CCDC169-SOHLH2;N4BP2L1;SOHLH2;EXOSC8;RFC3;TRPC4;RFXAP;UFM1;SERTM1;PDS5B;ALG5
Positional,chr2p23,1.2591044383703969,0.11320754716981132,0.3427322109574504,EHD3;DTNB;HADHB;GCKR;MAPRE3;NRBP1;CLIP4;OST4;GTF3C2;DNAJC27;TRMT61B;YPEL5;LCLAT1;SLC30A3;KCNK3;LBH;SLC4A1AP;FNDC4;FKBP1B;HADHA;CAD;UCN;GPN1;SLC5A6;RBKS
Positional,chr10p13,1.2477940185983125,0.1902439024390244,0.34938865807426445,PRPF18;FAM107B;FAM171A1;CCDC3;RPP38;ITGA8;CDNF;PTER
Positional,chr6q14,1.2374172701070558,0.18294573643410852,0.3654286671510709,TPBG;SNAP91;ME1;TBX18;COL12A1;SNHG5;SH3BGRL2;COX7A2;MRAP2
Positional,chr10q23,1.2271563365666347,0.14388489208633093,0.3804740825287519,CYP26A1;PDLIM1;GHITM;AGAP11;RNLS;MINPP1;IFIT5;PPP1R3C;SLC16A12;SNCG;DYDC2;SLC35G1;RBP4;RGR;KIF11;GLUD1;STAMBPL1;NRG3;PAPSS2;RPP30;LDB3;FRA10AC1;GRID1-AS1;TNKS2;IFIT2;ATAD1;ACTA2;PTEN
Positional,chr9q32,1.2240201012363763,0.19093851132686085,0.3807565447472162,AMBP;ORM1;ORM2;SLC31A1;PRPF4;C9orf43;ATP6V1G1;ZFP37;RGS3;CDC26
Positional,chr3q26,1.2185018245430073,0.15419161676646706,0.3877887053754434,ZBBX;B3GALNT1;MRPL47;NMD3;MFN1;PLD1;ECT2;EIF5A2;SERPINI1;TBL1XR1;NDUFB5;DNAJC19;TNIK;FXR1;ZNF639;MYNN;SLC7A14;CLDN11;PRKCI;FNDC3B;ATP11B
Positional,chr12q22,1.2108571855150465,0.2003257328990228,0.39324304459986004,VEZT;NTN4;NUDT4;UBE2N;MRPL42;CRADD;NDUFA12
Positional,chr1p32,1.2113149942141583,0.19184290030211482,0.3977802042875506,LRP8;LRRC42;KTI12;HOOK1;TMEM59;DAB1;ZYG11B;GPX7;RNF11;MRPL37;TXNDC12;TMEM61;ORC1;PRPF38A;OSBPL9;MAGOH;RAB3B;CPT2;TCEANC2;EPS15
Positional,chr3q12,1.1989645960193176,0.224,0.4073974068477242,NIT2;LNP1;TFG;PCNP;CEP97;TMEM45A
Positional,chr16q13,1.1957562545435034,0.22108843537414966,0.4088257288729332,NUP93;OGFOD1;BBS2;NUDT21;PLLP;MT1H;CETP;ARL2BP;MT1X;MT2A;GNAO1;CPNE2
Positional,chr7p21,1.200297946201062,0.20095693779904306,0.4104348742030432,VWDE;AHR;BZW2;TMEM196;ICA1;TSPAN13;ANKMY2;TWIST1;HDAC9;GLCCI1;NXPH1;NDUFA4;RPA3
Positional,chr2q24,1.1923793755854348,0.20726172465960666,0.4108661775368596,SCN9A;SCN3A;SCN2A;ACVR1;SLC4A10;KCNH7;GCG;TTC21B;PLA2R1;CERS6;PSMD14;PKP4;SLC38A11;FAP;STK39;TBR1;GCA;SCN1A
Positional,chr1q21,1.181687450950296,0.14785992217898833,0.42819295460877554,RIIAD1;PPIAL4F;MLLT11;TDRKH;PDE4DIP;ADAM15;CDC42SE1;THEM4;TMOD4;RBM8A;RNF115;CA14;PPIAL4D;S100A1;LENEP;PSMB4;SNX27;UBE2Q1;SELENBP1;CHRNB2;GPR89A;CTSK;TXNIP;SEMA6C;CKS1B;VPS72;UBAP2L;FLG-AS1;FLAD1;SF3B4;OAZ3;PEX11B;S100A7;PIP5K1A;ILF2;GATAD2B;C1orf43;SPRR4;ADAR;CHD1L;SV2A;LYSMD1;ENSA;FAM72D;C1orf56;PDZK1;SETDB1;JTB;BOLA1;GOLPH3L;PSMD4;EFNA3;NBPF9;S100A2;SCNM1;KCNN3;TARS2;NPR1;PRKAB2;RPS27;POGZ;MTMR11;ARNT;ECM1
Positional,chrXq24,1.1729579539773618,0.25040650406504067,0.4418595373397177,ZCCHC12;KLHL13;AKAP14;MCTS1;LAMP2;C1GALT1C1;NKRF;SLC25A5;RNF113A;ZBTB33;SLC25A43;GLUD2;WDR44
Positional,chr3p22,1.1642998375685563,0.20348837209302326,0.44999650625458065,SUSD5;FBXL2;GLB1;CNOT10;XIRP1;EIF1B;WDR48;SS18L2;CLASP2;MLH1;KRBOX1;CMTM8;UBP1;SLC25A38;SNRK;HHATL;MYRIP;ZNF620;HIGD1A;TRAK1
Positional,chr12p12,1.16589438899088,0.2345679012345679,0.4523049403113005,RERG;STRAP;WBP11;LDHB;GOLT1B;CMAS;AEBP2;KRAS;LINC00477;PTPRO;ETNK1
Positional,chr17q12,1.155984908944656,0.21171171171171171,0.45724276717059414,ACACA;TBC1D3F;NEUROD2;DUSP14;PNMT;GGNBP2;AP2B1;PSMB3;SLFN5;ZNF830;CCL18;ZNHIT3;SNORD7;CCT6B;CCL13;MRPL45;RPL23;PCGF2;PEX12;RPL19;STAC2;MED1;CCL1;SLC35G3;TBC1D3C;CCL3;CACNB1;CCL15;SOCS7;SRCIN1;DDX52;AATF;CCL7;MLLT6;CISD3
Positional,chr11q21,1.15713851486501,0.26489028213166144,0.4604249222576945,SNORA8;PANX1;KDM4D;SNORA18;CCDC82;SLC36A4;AMOTL1;FUT4;MTMR2;MED17;ENDOD1;SNORA25
Hallmark,HALLMARK_MYOGENESIS,1.0856716641552557,0.2802469135802469,0.4637192965338927,CACNG1;MYOM2;PDE4DIP;TNNC1;PPFIA4;HDAC5;MYH11;CD36;TNNT1;ERBB3;ACTC1;SPHK1;APOD;ATP6AP1;SLC6A8;MYH7;MYL6B;MAPRE3;IFRD1;HSPB2;CDH13;KCNH2;CASQ2;BAG1;PKIA;PPP1R3C;FABP3;GSN;SIRT2;GPX3;CKMT2;SCHIP1;SH3BGR;MYF6;TNNC2;NCAM1;CAMK2B;MYLK;CRYAB;SMTN;COL6A3;FHL1;FOXO4;GABARAPL2;PDLIM7;HBEGF;PYGM;FKBP1B;FDPS;MYL4;EIF4A2;COL3A1;LDB3;BHLHE40;PICK1;TNNT2;BDKRB2;STC2;PVALB;SGCD;RB1;MYOZ1
Positional,chr16q22,1.1445271265267867,0.19943422913719944,0.4722561121689704,CDH3;TPPP3;SMPD3;SF3B3;AP1G1;RRAD;ATP6V0D1;KIAA0895L;NFATC3;SLC7A6;ACD;NOL3;DDX28;SNORD71;NAE1;C16orf86;IL34;RANBP10;NOB1;CTRL;TMEM208;COG8;E2F4;IST1;PSKH1;HSF4;HYDIN;LRRC29;TERF2
Positional,chr4q12,1.1447392913239944,0.2695139911634757,0.47748190810471114,SNORA26;NOA1;SPATA18;ARL9;POLR2B;SCFD2;NMU;GSX2;SRP72;DANCR;RASL11B
Positional,chr7q22,1.136644460017427,0.2054794520547945,0.4792448049901446,GPC2;C7orf61;SRPK2;MUC12;NPTX2;TMEM130;NAT16;STAG3;GJC3;PRKAR2B;TRIM4;PSMC2;ORC5;POP7;CBLL1;SMURF1;EFCAB10;AP1S1;ACTL6B;TAF6;FIS1;PMPCB;ZNF789;MCM7;MBLAC1;DUS4L;CCDC71L;SYPL1;COPS6;PUS7;LHFPL3-AS1
Positional,chr3q21,1.1389642922197605,0.27259684361549497,0.4792480473388347,CHCHD6;FAM162A;KALRN;HSPBAP1;COPG1;PODXL2;MYLK-AS1;RUVBL1;ADCY5;SEC22A;RPN1;RAB7A;CNBP;ISY1-RAB43;UMPS;FAM86JP;MYLK;CCDC58;SEMA5B;PARP15;SNORA7B;TXNRD3;SNX4;EEFSEC;KIAA1257;SEC61A1
Hallmark,HALLMARK_P53_PATHWAY,1.065024402486804,0.32041343669250644,0.4959134867768691,TSPYL2;NHLH2;PRKAB1;IP6K2;TM4SF1;KLK8;ISCU;FAM162A;CYFIP2;CDK5R1;SPHK1;RRAD;FGF13;SFN;ADA;SLC19A2;LDHB;EI24;RAD51C;TSC22D1;ZNF365;ACVR1B;CDH13;HDAC3;WRAP73;TRAF4;CCP110;IL1A;PPP1R15A;FBXW7;TXNIP;TNFSF9;OSGIN1;GLS2;PLK2;HINT1;NDRG1;RAP2B;MXD1;PERP;DDB2;TRIAP1;DNTTIP2;TGFA;DGKA;BMP2;BAIAP2;TP63;BTG1;KRT17;TRIB3;HBEGF;TCN2;DDIT3;PMM1;TOB1;PPM1D
Positional,chr7q32,1.1266992480922953,0.2833078101071976,0.4963367343048641,CCDC136;CEP41;CALU;GCC1;TPI1P2;PLXNA4;ZC3HC1;HILPDA;FAM71F1;FLNC
Positional,chr8q11,1.121506212182114,0.3068181818181818,0.5021882139239376,SOX17;UBE2V2;SNTG1;RNU105C;OPRK1;EFCAB1;PXDNL;ST18
Positional,chr5q32,1.1185797422772215,0.31004366812227074,0.5032033938024917,HTR4;PCYOX1L;CAMK2A;IL17B;SPINK1;FBXO38;GRPEL2;SCGB3A2;TCERG1;SPINK6;SPINK13;CDX1;CSNK1A1;PPP2R2B;SLC6A7;SH3TC2;ARHGEF37;PRELID2
Positional,chr10q21,1.101929947340341,0.31054977711738485,0.5195337184751462,PCDH15;DNAJC12;ZNF365;ANK3;NRBF2;UBE2D1;TFAM;LRRTM3;RTKN2;FAM13C;DKK1;ADO;CCDC6;CDK1;ATOH7;HNRNPH3;SLC16A9;MIR1296;TET1
Positional,chr21q22,1.1087385559979046,0.2851351351351351,0.521017544295516,TMPRSS2;CRYAA;DSCR8;SOD1;BACE2;PIGP;PDE9A;TTC3;ZNF295-AS1;SETD4;CLDN14;ABCG1;TRAPPC10;LCA5L;SLC5A3;MRPS6;PCP4;CBR1;PRDM15;RCAN1;SH3BGR;LINC00310;SIM2;GART;RRP1B;WDR4;MCM3AP-AS1;ETS2;U2AF1;DONSON;TMEM50B;CLIC6;HMGN1
Positional,chr11q24,1.1050403099017527,0.29781021897810217,0.5237569228202885,NRGN;TP53AIP1;SNORD14E;PUS3;GRAMD1B;EI24;PATE2;SCN3B;CDON;KIRREL3;ACRV1;CLMP;KCNJ1;ETS1
Positional,chr9p22,1.1023416836352737,0.3451043338683788,0.5241503211140235,ADAMTSL1;RRAGA;TTC39B;ACER2;PLIN2;SH3GL2;CER1;NFIB
Positional,chr5q14,1.0801207420699768,0.33483483483483484,0.5366569886389516,ANKRD34B;SCARNA18;OTP;CCNH;SERINC5;SCAMP1;HAPLN1;TBCA;CETN3;CKMT2;EDIL3;TMEM161B-AS1;ARSB;SSBP2;COX7C;FAM151B;WDR41
Positional,chr7p13,1.086473580474554,0.3386327503974563,0.5382231276630104,SNHG15;COA1;BLVRA;MRPS24;PPIA;NACAD;URGCP;CAMK2B;POLR2J4;UBE2D4;YKT6;TMED4;MYO1G;PURB
Positional,chr1p22,1.080930025790512,0.3149492017416546,0.5399261740695831,GTF2B;DR1;SNORA66;MTF2;RPL5;FNBP1L;ABCA4;SNORD21;GLMN;GEMIN8P4;LRRC8D;SSX2IP;RPAP2;GBP3;TMED5;RPF1;DNTTIP2;HFM1;EPHX4;C1orf52
Positional,chr7q11,1.0879568150927783,0.3107913669064748,0.5406348662553391,EIF4H;YWHAG;BCL7B;STX1A;SRRM3;NSUN5P2;TYW1B;MDH2;GTF2IRD1P1;VPS37D;PMS2P3;TBL2;VKORC1L1;CCL26;GTF2I;ZNF727;GTF2IP1;CCT6P3;POM121C;RABGEF1;LINC00174;FZD9;RHBDD2;PMS2P5;STYXL1;ZNF92;STAG3L4;LIMK1;ZNF680;GTF2IRD1;DNAJC30;SNORA22;TMEM60;SNORA14A;ZNF679;ZNF273;ZNF736;BAZ1B;AUTS2
Positional,chr12q21,1.0902553879759433,0.31555555555555553,0.540944185442919,SLC6A15;PHLDA1;TSPAN19;ATXN7L3B;LGR5;LUM;C12orf50;BBS10;ALX1;MYF6;OTOGL;BTG1;KCNC2;LRRIQ1;SYT1;THAP2;GALNT4;TRHDE;TMTC3;DCN;GLIPR1L1;ZFC3H1;TBC1D15;PPFIA2;KITLG;PAWR;CAPS2;NAP1L1
Positional,chr13q33,1.082345268612465,0.3632,0.5421632080641375,FGF14;NALCN;ITGBL1;CCDC168;LINC00460;FAM155A
Positional,chr8p23,1.0625755440421365,0.345679012345679,0.5550980311044801,FAM66D;MYOM2;DEFA3;MSRA;PINX1;LINC00599;FDFT1;NEIL2;FAM86B2;DEFB1;MTMR9;SLC35G5;RPL23AP53;TNKS;KBTBD11;LONRF1;FAM66B
Positional,chr2q32,1.067895441572979,0.3438485804416404,0.5592088918150085,TMEFF2;HECW2;MIR1245B;CALCRL;ZNF804A;MFSD6;TFPI;SLC39A10;DUSP19;FAM171B;COL3A1;ASNSD1;PDE1A;HIBCH
Positional,chr1p33,1.06287880279079,0.3940809968847352,0.5598140176556082,ELAVL4;CYP4X1;UQCRH;BEND5
Positional,chr10q22,1.0549337525334985,0.3584379358437936,0.5616519404372972,POLR3A;ECD;SUPV3L1;SAR1A;ANXA7;VDAC2;PPIF;MICU1;ASCC1;DLG5;ADAMTS14;FUT11;SGPL1;COL13A1;VPS26A;EIF5AL1;HK1;STOX1;CHST3;LRRC20;P4HA1
Positional,chr6q16,1.0568449088415095,0.3878887070376432,0.562551420765915,COQ3;FAXC;NDUFAF4;LIN28B;FHL5;KLHL32;MCHR2;GRIK2;EPHA7;MANEA;CCNC
Positional,chr1p36,1.0629490632122662,0.3130128956623681,0.5651807289522632,TMEM52;MYOM3;HES5;ACOT7;GNB1;WNT4;PRKCZ;GPR153;PARK7;PITHD1;KDM1A;STMN1;SDHB;SSU72;ATAD3B;FAM41C;DNAJC11;SLC35E2B;SFN;FBXO2;MRTO4;LINC00115;UTS2;GRHL3;CLCNKB;NPPA;FAM87B;HSPB7;PDIK1L;WRAP73;ENO1;CTNNBIP1;FCN3;HNRNPR;KLHL21;NPPB;UBE4B;MIB2;TNFRSF25;KLHDC7A;CLCN6;ACAP3;EPHB2;SLC25A33;UBXN10;UBIAD1;RPL22;RERE;PLEKHG5;CDA;FAM131C;ZBTB40;SPSB1;HP1BP3;MFAP2;ICMT;EMC1;RHCE;RPL11;LINC00339;UBR4;E2F2;RER1;PGD;NIPAL3;GABRD;CAPZB;SH2D5;MAD2L2;RNU1-3;RNU1-2;RNU1-4;RNU1-1;HMGN2;CAMTA1;GPN2
Positional,chrXq23,1.0510211561855147,0.41223832528180354,0.5652973254990622,DCX;PAK3;HTR2C;CHRDL1;LRCH2;NXT2;AMOT;ACSL4;IL13RA2
Positional,chr22q13,1.0482633907368542,0.36329588014981273,0.5659764834871153,SOX10;MCAT;RNU12;CSDC2;XRCC6;TTLL1;PHF21B;CCDC134;GTSE1;ARFGAP3;ATXN10;RANGAP1;CERK;TRMU;SBF1;PLA2G6;DNAL4;PDXP;ACO2;TEF;EIF3L;CENPM;TTLL12;NUP50;KCNJ4;ST13;SYNGR1;SREBF2
Positional,chr7q31,1.0457540324977017,0.3857791225416036,0.5662498671514088,FEZF1;FEZF1-AS1;CAV2;IFRD1;CAV1;LAMB4;ST7;GPR85;FOXP2;ANKRD7;CADPS2;DLD;FAM3C;DNAJB9;NDUFA5
Positional,chr2q31,1.0383340394779565,0.418705035971223,0.5782149951069046,HOXD11;HOXD8;HOXD-AS2;HOXD10;MTX2;NEUROD1;TTN-AS1;CHN1;PDK1;METTL5;UBE2E3;PHOSPHO2;PRKRA;GORASP2;CERKL;HOXD13;HAT1;HOXD1;KLHL23;PLEKHA3;OLA1;SESTD1;ITGA4;FKBP7;HOXD3;DCAF17;HNRNPA3;HOXD9;GAD1
Positional,chr3p26,1.0110898705374722,0.4389380530973451,0.6365936165671573,SETMAR;EDEM1;CNTN6;TRNT1;CNTN4;BHLHE40;GRM7;ITPR1
Positional,chr8q13,1.0039829417797697,0.4353312302839117,0.6473535497460667,EYA1;MSC;SNHG6;MYBL1;MTFR1
Hallmark,HALLMARK_ESTROGEN_RESPONSE_EARLY,0.9558942207680963,0.5516795865633075,0.6508202029921449,SLC27A2;SLC1A1;DHRS2;SIAH2;FLNB;TPBG;GFRA1;MED24;ARL3;SYBU;SFN;SLC19A2;CLIC3;PPIF;PGR;ASB13;MAPT;DYNLT3;SLC16A1;P2RY2;CA12;IGFBP4;BAG1;BCL11B;FKBP4;NPY1R;SYNGR1;SCARB1;MYBL1;SLC22A5;RBBP8;FDFT1;SH3BP5;FAM102A;GLA
Hallmark,HALLMARK_CHOLESTEROL_HOMEOSTASIS,0.989289602541321,0.4868965517241379,0.6586895626509256,CD9;GLDC;GNAI1;HMGCR;GSTM2;TMEM97;ACAT2;STARD4;SQLE;SREBF2;EBP;FDFT1;ECH1;HSD17B7;MAL2;NSDHL;ACTG1;PLAUR;ABCA2;TRIB3;AVPR1A;ALDOC;ALCAM;FDPS;MVK;CTNNB1
Positional,chr5q22,0.9871535006081869,0.4624183006535948,0.66342065423978,EPB41L4A-AS1;NREP;SRP19;PGGT1B;STARD4;AP3S1;SLC25A46;WDR36
Positional,chr1p35,0.9944134765211396,0.48040638606676345,0.6638908212320344,NKAIN1;ZCCHC17;MTMR9LP;SERINC2;BSDC1;FNDC5;SNORA61;CCDC28B;MARCKSL1;TAF12;ZBTB8OS;FABP3;YTHDF2;ZBTB8B;PEF1;HPCA;HDAC1;STX12;RBBP4;SNRNP40;RCC1;PTP4A2;KHDRBS1;FAM167B;SNORA44;SESN2;EIF3I;TMEM39B;TMEM234;TRNAU1AP;C1orf94;KPNA6
Positional,chr2p13,0.9888420720464868,0.4748923959827834,0.6654024892793095,DGUOK;GFPT1;DCTN1-AS1;TET3;ACTG2;FAM136A;ATP6V1B1;MCEE;MPHOSPH10;DCTN1;MRPL53;MXD1;SNRPG;TGFA;CYP26B1;FBXO41;LOXL3;MTHFD2;PCBP1-AS1;PAIP2B;RTKN;OR7E91P;WBP1;TPRKB;NFU1;WDR54;SLC4A5;ANKRD53;AAK1
Hallmark,HALLMARK_BILE_ACID_METABOLISM,0.957283568620939,0.5492577597840755,0.6699911840239182,ABCA5;SLC27A2;RBP1;APOA1;NR1H4;NPC1;SOD1;ISOC1;PEX19;ABCA4;AMACR;ABCA6;MLYCD;HACL1
Positional,chr7p14,0.9892281129475964,0.491679273827534,0.6703209205448226,HECW1;GGCT;NEUROD6;C7orf25;CHN2;HERPUD2;MRPL32;AMPH;ELMO1;VPS41;PSMA2;INHBA;PPP1R17;STARD3NL;FKBP9;DPY19L2P1;LSM5;AVL9;ANLN;ZNRF2;PLEKHA8;RALA
Hallmark,HALLMARK_PEROXISOME,0.9934200736846354,0.4643356643356643,0.6724890439137823,CRABP1;FABP6;CRABP2;SLC27A2;PRDX1;SOD1;ISOC1;MLYCD;CTPS1;VPS4B;CDK7;SLC25A4;FIS1;EHHADH;CNBP;SLC25A17;ECH1;PEX11A;SMARCC1;CAT;PEX11B;SEMA3C
Hallmark,HALLMARK_ANDROGEN_RESPONSE,0.9735413702497516,0.5084033613445378,0.6757404387938329,TMPRSS2;XRCC6;MYL12A;SMS;INSIG1;LMAN1;SRP19;HMGCR;CENPN;TSC22D1;SPCS3;HOMER2;VAPA;UAP1;NDRG1;DNAJB9;SORD;B2M;SLC38A2;FKBP5;SEC24D
Positional,chr6q22,0.9709425715429678,0.5043604651162791,0.6849853849588983,C6orf58;COL10A1;HDDC2;CENPW;PTPRK;TRMT11;NUS1;CLVS2;RNF217;NT5DC1;TSPYL4;TSPYL1;ECHDC1;PLN;RSPO3;KIAA0408
Hallmark,HALLMARK_HEDGEHOG_SIGNALING,0.9590923562700009,0.5118858954041204,0.6899402756660605,CDK5R1;L1CAM;VLDLR;LDB1;RTN1;HEY1;THY1;CNTFR
Positional,chr11q22,0.9709975452755161,0.5212121212121212,0.6906627055755639,MMP13;MMP12;ACAT1;ANGPTL5;MMP1
Positional,chr22q12,0.972062240156621,0.5068493150684932,0.6942158889437656,SYN3;OSBP2;FBXO7;TBC1D10A;NIPSNAP1;THOC5;CACNG2;CRYBA4;GAL3ST1;EWSR1;RNF185;RBFOX2;RASL10A;MORC2-AS1;CHEK2;SLC5A4
Positional,chr20p12,0.962123850845416,0.5331230283911672,0.6947357796797555,PLCB1;SNAP25;CHGB;MKKS;FLRT3;BFSP1;TRMT6;BMP2;TMX4;NDUFAF5;PLCB4;CDS2
Positional,chr2p11,0.9623727942441637,0.511520737327189,0.6999597791937238,FABP1;RMND5A;IMMT;DNAH6;USP39;ST3GAL5
Positional,chr6q21,0.94307341731763,0.5477611940298508,0.7328387994974858,METTL24;POPDC3;FIG4;SLC16A10;RPF2;WASF1;RTN4IP1;BEND3;AMD1;PREP;HDAC2;GPR6
Positional,chr4q32,0.9317160864338221,0.5637254901960784,0.7532938191787047,NPY5R;FGG;NPY1R;TRIM61;TMEM144;FAM218A;CBR4;C4orf46;FNIP2;ETFDH;GLRB;SPOCK3;PDGFC;RXFP1;C4orf45
Positional,chr1q22,0.9181900357696509,0.595166163141994,0.7654737705121676,C1orf61;DAP3;ASH1L-AS1;EFNA1;IQGAP3;SCAMP3;SLC25A44;SSR2;CCT3;THBS3;MTX1;GON4L;FDPS;CLK2;TRIM46;ARHGEF2;SMG5;MEX3A;PMF1-BGLAP;MSTO2P
Positional,chr7p12,0.9226952826065812,0.6070826306913997,0.7678120041532585,DDC;FIGNL1;PKD1L1;GRB10;TNS3;C7orf57;ABCA13;VWC2
Positional,chr5q35,0.9198619969406321,0.6293800539083558,0.7679993255944326,SFXN1;DBN1;NPM1;KIAA1191;RPL26L1;MSX2;ATP6V0E1;CANX;SCGB3A1;ZNF346;BTNL8;THOC3;C5orf47;C5orf58;DDX41;NOP16;SH3PXD2B;CPLX2;MAPK9;CNOT6;NSD1;FAF2;UBTD2;SNCB;MAML1;NEURL1B;HNRNPAB;PDLIM7;LMAN2
Positional,chr7q34,0.9095558554371321,0.6125,0.7786561066085543,PRSS1;KIAA1549;SSBP1;TMEM178B;MKRN1;NDUFB2-AS1;SLC37A3;MRPS33;NDUFB2;CLEC2L
Positional,chr11q14,0.9053374544955612,0.6081081081081081,0.7819184913534111,RAB38;FAT3;CCDC81;TYR;CCDC90B;ME3;GRM5;NARS2;USP35;TMEM126A
Positional,chr15q11,0.890780992482561,0.6426380368098159,0.783326378780162,MKRN3;SNORD116-25;CHEK2P2;SNORD116-18;MAGEL2;NBEAP1;SNORD116-19;NDN;IGHV1OR15-9;SNORD116-2
Positional,chr2p15,0.8931042649920705,0.5911330049261084,0.78447368393603,MDH1;TMEM17;C2orf74;CCT4;COMMD1;USP34;SNORA70B
Positional,chr2q14,0.8945628309876773,0.6263399693721287,0.7874922241768616,DDX11L2;CNTNAP5;GPR17;RNU4ATAC;RPL23AP7;CYP27C1;IL1A;INSIG2;POLR2D;C2orf76
Positional,chr2q36,0.8993713987582261,0.6419558359621451,0.7888872789623731,CCL20;PID1;SLC16A14;TRIP12;FARSB;WDFY1;DNER;FAM124B;EPHA4;MFF;SPHKAP
Positional,chr2q35,0.8946634251084662,0.6378787878787879,0.7933824597874416,TMEM169;FN1;ASIC4;IGFBP5;NHEJ1;PTPRN;PECR;CDK5R2;CRYBA2;XRCC5;TUBA4A;SLC4A3;DIRC3;INHA;CHPF;AAMP;ATIC;ABCB6;RNF25;TTLL4;ANKZF1
Positional,chr17p11,0.8751956716976173,0.7012012012012012,0.8042614470164178,PLD6;UBB;USP22;ALDH3A1;ZNF624;COPS3;ATPAF2;MFAP4;RNF112;SNORD3A;PEMT;MAPK7;SNORD3B-1;SNORD3B-2;TMEM11
Positional,chr6p22,0.8763559503260213,0.7048951048951049,0.807828474180445,GUSBP2;GABBR1;SCGN;ZNF192P1;MYLIP;JARID2;SOX4;ZSCAN12P1;KIAA0319;ZNRD1;HCG4;ZNF165;NKAPL;KDM1B;ZNF184;HFE;ALDH5A1;KIF13A;IFITM4P;RBM24;E2F3;ABT1;MRS2
Positional,chr16p13,0.8703378071691802,0.788931788931789,0.8083259145158997,TPSAB1;TPSB2;CORO7;PRSS30P;PDXDC1;MYH11;HAGH;ZNF597;ARHGDIG;USP7;ZC3H7A;ZNF174;FBXL16;PMM2;CCNF;RHBDL1;POLR3K;FOPNL;SNORA10;SNN;PDIA2;CCDC78;NOMO1;NAGPA-AS1;HBQ1;TRAP1;STUB1;SNX29;RSL1D1;GSPT1;C16orf72;SLC9A3R2;ZNF598;TMEM186;DEXI;MAPK8IP3;HAGHL;SLX4;GNG13;RRN3;HMOX2;MSLN;FLYWCH1;SNORA64;NAA60
Positional,chr8p12,0.8652832962199757,0.6509598603839442,0.8130131923827033,LEPROTL1;GTF2E2;NRG1;DUSP26;UNC5D;RNF122;MAK16;UBXN8;GSR
Positional,chr2p24,0.8444782808717382,0.6785714285714286,0.849918942839446,FAM49A;VSNL1;LAPTM4A;KCNS3;OSR1
Positional,chr2p21,0.8372018947049804,0.7169811320754716,0.8584877152484739,EPCAM;ATP6V1E2;PREPL;DYNC2LI1;PIGF;COX7A2L;CALM2
Positional,chr6q25,0.8330517740062137,0.7558479532163743,0.8607449266236381,TCP1;OPRM1;FNDC1;VIP;ULBP2;ACAT2;TMEM242;TULP4;SNORA20;LRP11;RSPH3;MIR3918;PCMT1;PPP1R14C;ZBTB2;TIAM2;MRPL18
Positional,chr10p15,0.8292722441296989,0.7129485179407177,0.8618835702129698,GTPBP4;ASB13;ADARB2;NET1;IDI2-AS1;PFKP;IDI1;ZMYND11;ADARB2-AS1;PITRM1;DIP2C
Hallmark,HALLMARK_PI3K_AKT_MTOR_SIGNALING,0.8595882329372533,0.7366984993178718,0.8628476880422146,ACACA;PLCB1;MAPK8;PIK3R3;THEM4;MAP2K6;SFN;ARPC3;TBK1;AP2M1;CLTC;UBE2N;PDK1;CSNK2B;HSP90B1;MAPK9;ATF1;GSK3B;RAF1;AKT1S1;SLC2A1;NCK1;TRIB3;PRKAG1;DDIT3;CDK4
Hallmark,HALLMARK_UV_RESPONSE_UP,0.8307454277759487,0.8179419525065963,0.896694565377325,EPCAM;SULT1A1;PPP1R2;NPTX2;RRAD;DNAJA1;GGH;MAOA;PPIF;SLC6A8;ENO2;BTG3;TGFBRAP1;ALDOA;KCNH2;PLCL1;POLR2H;FKBP4;AMD1;RPN1;ALAS1;SLC25A4;GPX3;PTPRD;HSPA13;GAL;BMP2;CNP;RFC4;BTG1;NR4A1;TMBIM6;TUBA4A;STIP1
Hallmark,HALLMARK_KRAS_SIGNALING_UP,0.7931813868505984,0.9121447028423773,0.9040515159645828,HOXD11;CIDEA;SNAP25;CDADC1;FGF9;NAP1L2;SNAP91;BPGM;CSF2;NR1H4;SPARCL1;MMP9;APOD;GADD45G;G0S2;PLVAP;TSPAN13;PCSK1N;GABRA3;PTPRR;GPRC5B;ITGBL1;CCL20;PPP1R15A;ADAMDEC1;ETS1;EPB41L3;PCP4;EPHB2;HDAC9
Hallmark,HALLMARK_WNT_BETA_CATENIN_SIGNALING,0.769420771653239,0.8242424242424242,0.9090421250335391,HDAC5;SKP2;GNAI1;AXIN2;RBPJ;HEY1;DLL1;NKD1;HDAC2;MAML1;DVL2;DKK1;CTNNB1;CUL1
Positional,chr1p31,0.781575885314564,0.8512747875354107,0.9250448871633701,SGIP1;IL12RB2;SLC44A5;DNAJC6;PGM1;FUBP1;RPE65;FPGT-TNNI3K;TCTEX1D1;UOX;C1orf141;LRRC40;TM2D1;DEPDC1;ACADM;WDR78;MIR186;SERBP1;ANKRD13C;LRRC7;GNG12;PIGK;JAK1;FOXD3;ALG6;PIN1P1;ST6GALNAC3;PRKACB;CTH;PTGER3;MIER1
Hallmark,HALLMARK_ANGIOGENESIS,0.7963131568316711,0.7861538461538462,0.9281124228602093,TNFRSF21;APOH;LUM;PRG2;PF4;PTK2;CXCL6
Positional,chr7q21,0.783207487680269,0.8532374100719424,0.9290695102903979,CD36;GNAI1;SLC25A13;PCLO;BET1;LMTK2;KIAA1324L;CACNA2D1;ADAM22;DBF4;BRI3;SEMA3C;RBM48;ANKIB1;ASNS;TFPI2;COL1A2;TECPR1;RUNDC3B;CASD1;TAC1;PEX1;GRM3;SEMA3A;HEPACAM2;DLX5;FZD1;MAGI2;DPY19L2P4;PPP1R9A;MIR1285-1
Positional,chr10p12,0.7869667107501653,0.8353846153846154,0.929677231444462,ARMC3;ARL5B;BAMBI;SPAG6;GPR158;COMMD3;COMMD3-BMI1;STAM;NEBL;MRC1;PDSS1
Positional,chr17q25,0.7659999042875574,0.9178617992177314,0.9421167904746525,SDK2;SLC39A11;CBX2;B3GNTL1;UNK;NPTX1;SPHK1;RAC3;JMJD6;SLC26A11;METTL23;CDR2L;FOXK2;UBE2O;AATK;ARMC7;MGAT5B;SRP68;SSTR2;LLGL2;MRPS7;C17orf80;TEN1;BAIAP2;ACTG1;PGS1;CYGB;TIMP2;PRPSAP1;FN3K;SLC9A3R1;SCARNA16;TMEM235;TBCD;MXRA7;NPB;CYTH1;BTBD17;TTYH2;GPRC5C;CCDC57;SRSF2;CDC42EP4
Positional,chr4q22,0.6792030664283404,0.919431279620853,0.97826418427149,SPARCL1;IBSP;HSP90AB3P;NAP1L5
Positional,chr14q13,0.7323010160159492,0.8098471986417657,0.9790723096607495,NKX2-1;MBIP;PPP2R3C;EGLN3;EAPP;CFL2;PSMA6
Positional,chr6q27,0.6581273252300182,0.8914858096828047,0.9795692780414269,C6orf120;PSMB1;TCTE3;TBP;DLL1;SFT2D1
Positional,chr1q31,0.6315421074344802,0.9422776911076443,0.9805832217774404,UCHL5;KCNT2;B3GALT2
Positional,chr16q24,0.7183014396115273,0.9051724137931034,0.9814384356741418,ZNF778;USP10;JPH3;HSDL1;TUBB3;DEF8;MBTPS1;KIAA0513;MC1R;MAP1LC3B;CA5A;GALNS;KLHDC4;ACSF3;DNAAF1;GINS2;KLHL36;FOXF1;ZCCHC14;EMC8;ZNF469;CBFA2T3
Positional,chr15q23,0.6401880210901186,0.9491525423728814,0.982576900621397,SPESP1;PARP6;FEM1B;LARP6;GLCE;MAP2K5;LRRC49;ITGA11;PKM;THAP10;C15orf61;IQCH-AS1
Positional,chr11q23,0.6633353477766488,0.9723374827109267,0.9827814512911592,TEX12;APOA1;SCN4B;C11orf88;PTS;HSPB2;C2CD2L;TRIM29;UPK2;TRAPPC4;DRD2;LAYN;MCAM;THY1;NCAM1;USP2;CRYAB;OAF;ZW10;DPAGT1;PAFAH1B2;HYOU1;ALG9;C1QTNF5;MFRP;DLAT;POU2F3;ABCG4
Positional,chr6q15,0.6885457205386765,0.8687707641196013,0.9835562488590698,GABRR1;SRSF12;RRAGD;RNGTT
Positional,chr12q15,0.6795217745235214,0.9028213166144201,0.9844922243528847,PTPRR;CPSF6;SNORA70G;RAB3IP;CCT2;BEST3;YEATS4
Positional,chr2q33,0.6925735235623424,0.9502196193265008,0.9866699792549161,C2orf66;NDUFS1;CRYGD;ALS2;SUMO1;NIF3L1;PLCL1;AOX1;HSPD1;CDK15;SNORD11;COQ10B;NDUFB3;GTF3C3;FAM117B;PGAP1;ZDBF2;C2orf80
Positional,chr15q25,0.6992522765326612,0.9252615844544095,0.9870218795064366,CRABP1;MEX3B;DNAJA4;TMED3;CHRNA3;HOMER2;WDR61;MRPL46;RASGRF1;BTBD1;SEC11A;NMB
Positional,chr10q11,0.7190045341853182,0.911353032659409,0.9874300889310829,FRMPD2;MAPK8;OGDHL;ASAH2;TIMM23;ASAH2B;ZNF485;ZNF32;GDF10;ZNF488;SLC18A3
Positional,chr7q36,0.5832388038296683,0.9957805907172996,0.9913093696925535,UBE3C;INSIG1;MNX1;PRKAG2;KCNH2;REPIN1;PDIA4;RHEB;PTPRN2;GALNTL5;NCAPG2;DNAJB6;CDK5;ATP6V0E2;ZNF467;KRBA1;CUL1;GALNT11;ZNF775;ZNF212
Positional,chr8p21,0.69963251944032,0.9463276836158192,0.9933906730049014,NEFL;STMN4;PHYHIP;LGI3;NEFM;DOCK5;ADAMDEC1;INTS10;PPP2R2A;LOXL2;XPO7;BNIP3L
Positional,chr1q42,0.47989539023134686,1.0,0.9980683469770562,EDARADD;TRIM67;NTPCR;ARV1;FAM89A;TOMM20;KCNK1;RNF187;SLC35F3;TRIM11;GUK1;ARF1;COG2;C1orf198;EXOC8;TSNAX;LIN9;TRIM17;AGT;CNIH4;TBCE;PGBD5;SRP9;SIPA1L2;NID1;NUP133
