,cohort,time_days,event,mgmt_methylated,risk_score,hazard_ratio,risk_group
305273026,IvyGAP CT,871.0,1,0.0,1.9609683309197425,0.0003359940017592939,Low risk
305952560,IvyGAP CT,540.0,1,0.0,7.6988436460494984,0.10429394890208936,Low risk
300173630,IvyGAP CT,105.0,1,0.0,12.064765622377395,8.210222641191521,High risk
300173636,IvyGAP CT,105.0,1,0.0,15.042371116116643,161.25476975745826,High risk
300629315,IvyGAP CT,105.0,1,0.0,19.336102356672285,11810.1755745975,High risk
300629344,IvyGAP CT,1096.0,1,1.0,7.870186568379402,0.12378624734208585,Low risk
300629350,IvyGAP CT,1096.0,1,1.0,4.288980768203735,0.0034464698186328717,Low risk
300629358,IvyGAP CT,1096.0,1,1.0,2.9620577703714366,0.0009143219454549942,Low risk
301287570,IvyGAP CT,145.0,1,0.0,16.83390449285507,967.3098923177064,High risk
301287582,IvyGAP CT,145.0,1,0.0,25.25823776721954,4407649.826598613,High risk
302262300,IvyGAP CT,145.0,1,0.0,15.129295873641965,175.89905733884632,High risk
301287613,IvyGAP CT,1076.0,1,1.0,4.227458601951599,0.003240826208586404,Low risk
301287630,IvyGAP CT,1076.0,1,1.0,1.9615948853492737,0.0003362045862538269,Low risk
301287636,IvyGAP CT,1076.0,1,1.0,6.68251439383626,0.03774617295315052,Low risk
301626681,IvyGAP CT,1293.0,1,1.0,1.1834177134037018,0.00015439939055202144,Low risk
301626685,IvyGAP CT,1293.0,1,1.0,4.267609050631523,0.003373594349819916,Low risk
301626689,IvyGAP CT,1293.0,1,1.0,4.932058556139469,0.006556312028791841,Low risk
301626693,IvyGAP CT,871.0,1,0.0,10.606774844646454,1.9105463793921336,Low risk
301287698,IvyGAP CT,871.0,1,0.0,4.8641922850608825,0.006126122365899904,Low risk
301287708,IvyGAP CT,871.0,1,0.0,6.262322731733322,0.02479624994218146,Low risk
301626597,IvyGAP CT,442.0,1,0.0,4.42343400144577,0.003942455290670637,Low risk
301626605,IvyGAP CT,442.0,1,0.0,5.218866807460785,0.008734113982872112,Low risk
302264000,IvyGAP CT,442.0,1,0.0,10.212521654605865,1.2880585356965388,Low risk
303748260,IvyGAP CT,442.0,1,0.0,7.217629727959633,0.06445707033169598,Low risk
303748330,IvyGAP CT,145.0,1,0.0,11.94934206008911,7.31521539063948,High risk
303748264,IvyGAP CT,1076.0,1,1.0,6.012857919692993,0.019321676834384422,Low risk
303748334,IvyGAP CT,353.0,1,0.0,9.78605782328546,0.8408619706879993,Low risk
303748338,IvyGAP CT,446.0,1,0.0,8.58484433197975,0.25295561282975076,Low risk
303748342,IvyGAP CT,544.0,1,0.0,8.837904027462006,0.32579675155860793,Low risk
304357561,IvyGAP CT,184.0,1,0.0,18.04388532155752,3243.7966897586393,High risk
304357565,IvyGAP CT,615.0,1,0.0,7.218821365058421,0.06453392555065299,Low risk
304950326,IvyGAP CT,105.0,1,0.0,16.40048295213282,627.0945778640073,High risk
304950249,IvyGAP CT,80.0,1,0.0,21.16767414546013,73739.10721199437,High risk
304950261,IvyGAP CT,300.0,1,0.0,7.744580856323243,0.10917483131893976,Low risk
304357589,IvyGAP CT,260.0,1,0.0,11.099384814977645,3.1267659700531825,High risk
304357591,IvyGAP CT,1096.0,1,1.0,0.838978410840034,0.00010941011973055606,Low risk
304357595,IvyGAP CT,982.0,1,0.0,-0.675969228744508,2.4050499083105784e-05,Low risk
304357599,IvyGAP CT,540.0,1,0.0,10.685446071624755,2.066921889417965,Low risk
304357603,IvyGAP CT,353.0,1,0.0,9.902688014268875,0.9448797892543639,Low risk
304477573,IvyGAP CT,300.0,1,0.0,10.739920483708381,2.1826394530876634,High risk
304477577,IvyGAP CT,260.0,1,0.0,9.987887823499738,1.0289123181808932,Low risk
304703655,IvyGAP CT,880.0,1,1.0,5.997041213870047,0.019018475698388965,Low risk
304950409,IvyGAP CT,62.0,1,0.0,24.26442365181446,1631545.1537119863,High risk
305272792,IvyGAP CT,351.0,1,0.0,10.146864712715148,1.2062050777428377,Low risk
305272798,IvyGAP CT,184.0,1,0.0,19.63267746680975,15887.563078663923,High risk
305273000,IvyGAP CT,871.0,1,0.0,6.227267839431763,0.02394207897515635,Low risk
305273032,IvyGAP CT,351.0,1,0.0,7.2421062593460075,0.0660542224718848,Low risk
305273040,IvyGAP CT,633.0,1,0.0,7.154486114501953,0.06051285443674429,Low risk
305461070,IvyGAP CT,62.0,1,0.0,21.383262900829315,91480.1529277538,High risk
305461082,IvyGAP CT,250.0,1,0.0,9.2886470952034,0.5113308277751631,Low risk
305405292,IvyGAP CT,260.0,1,0.0,10.03595911759138,1.079581576181486,Low risk
305405298,IvyGAP CT,300.0,1,0.0,8.965279928207398,0.3700542535860179,Low risk
305461103,IvyGAP CT,446.0,1,0.0,7.912069331645965,0.12908085999285537,Low risk
305952558,IvyGAP CT,540.0,1,0.0,9.512450504302977,0.6395854309339043,Low risk
306124406,IvyGAP CT,300.0,1,0.0,9.941645415306091,0.9824162646589782,Low risk
306124418,IvyGAP CT,982.0,1,0.0,12.986374794840811,20.635011362650264,High risk
306124422,IvyGAP CT,145.0,1,0.0,20.383690181374547,33668.05016724471,High risk
306124460,IvyGAP CT,311.0,1,1.0,9.08573936033249,0.4174267410384671,Low risk
306124486,IvyGAP CT,982.0,1,0.0,1.8467753970623004,0.00029973548649591915,Low risk
306124488,IvyGAP CT,456.0,1,0.0,7.712594324111938,0.10573796677678356,Low risk
305952554,IvyGAP CT,540.0,1,0.0,6.345590626075863,0.026949380877107076,Low risk
304357512,IvyGAP CT,353.0,1,0.0,11.653310018539429,5.4407909066522775,High risk
305461115,IvyGAP CT,197.0,1,1.0,8.649731206178664,0.26991332911115695,Low risk
305272986,IvyGAP CT,197.0,1,1.0,8.278621035099029,0.18623153903914955,Low risk
305461119,IvyGAP CT,437.0,1,1.0,7.046644829750061,0.0543266298615148,Low risk
304703661,IvyGAP CT,197.0,1,1.0,14.522339689016341,95.86626123306208,High risk
304950411,IvyGAP CT,62.0,1,0.0,18.46751293373108,4954.875660690834,High risk
306124408,IvyGAP CT,300.0,1,0.0,8.492177367016673,0.23056828480612523,Low risk
304950263,IvyGAP CT,437.0,1,1.0,-0.3347923526763923,3.382948042621373e-05,Low risk
304477575,IvyGAP CT,300.0,1,0.0,10.794653208732605,2.3054309630228085,High risk
305272990,IvyGAP CT,184.0,1,0.0,9.686457448840141,0.7611474876991694,Low risk
303748340,IvyGAP CT,446.0,1,0.0,5.89083890223503,0.017102225482743538,Low risk
305273028,IvyGAP CT,871.0,1,0.0,3.158289678812027,0.0011125552278164234,Low risk
305273034,IvyGAP CT,351.0,1,0.0,10.747827843308448,2.199966784556485,High risk
304357563,IvyGAP CT,184.0,1,0.0,29.22189403438568,232060449.38810277,High risk
305461109,IvyGAP CT,80.0,1,0.0,18.81737255936861,7030.3163119613955,High risk
304950259,IvyGAP CT,300.0,1,0.0,14.57698502278328,101.25068200301975,High risk
305272794,IvyGAP CT,351.0,1,0.0,12.266368896245956,10.044079086401698,High risk
TCGA-27-2521-01A,TCGA CT,510.0,1,1.0,-1.8939953215122225,0.00034029919945833897,Low risk
TCGA-19-1390-01A,TCGA CT,772.0,1,1.0,7.4634091360568995,3.942121888208284,Low risk
TCGA-32-1970-01A,TCGA CT,468.0,1,0.0,14.18050726735592,3257.832122150601,High risk
TCGA-14-0790-01B,TCGA CT,419.0,1,1.0,1.4208684425354,0.009364572761728562,Low risk
TCGA-27-1835-01A,TCGA CT,648.0,1,1.0,2.2846234567165373,0.022213244904487107,Low risk
TCGA-06-2563-01A,TCGA CT,932.0,0,1.0,6.66586388862133,1.7756630122561294,Low risk
TCGA-06-2569-01A,TCGA CT,13.0,0,0.0,-5.984843623399735,5.691517605970177e-06,Low risk
TCGA-06-5414-01A,TCGA CT,273.0,0,0.0,7.247785589456559,3.177502726196172,Low risk
TCGA-06-5417-01A,TCGA CT,155.0,0,1.0,8.18338654601574,8.098643176792164,Low risk
TCGA-19-5960-01A,TCGA CT,455.0,1,0.0,10.718781210541724,102.21630479284002,High risk
TCGA-06-2570-01A,TCGA CT,958.0,0,1.0,-11.642706236839295,1.9863216271303932e-08,Low risk
TCGA-12-5295-01A,TCGA CT,454.0,1,1.0,11.150189884543419,157.3542884165585,High risk
TCGA-76-4932-01A,TCGA CT,1458.0,1,1.0,6.566028053998946,1.6069501192322382,Low risk
TCGA-12-3650-01A,TCGA CT,333.0,1,0.0,13.895414421916009,2449.7087391923637,High risk
TCGA-26-5133-01A,TCGA CT,452.0,0,0.0,9.692754278421402,36.6372056180581,High risk
TCGA-41-5651-01A,TCGA CT,460.0,1,1.0,5.696964191675185,0.6738647770426598,Low risk
TCGA-06-2565-01A,TCGA CT,506.0,1,1.0,3.1754400007724763,0.05413631796429776,Low risk
TCGA-19-2629-01A,TCGA CT,737.0,1,0.0,7.959286973476409,6.472723521461164,Low risk
TCGA-32-5222-01A,TCGA CT,585.0,1,1.0,6.2686986564099785,1.1936414168911924,Low risk
TCGA-06-0129-01A,TCGA CT,1024.0,1,1.0,-3.6797946391105656,5.705558176772577e-05,Low risk
TCGA-15-1444-01A,TCGA CT,1537.0,1,1.0,-6.998740601390601,2.064896180097169e-06,Low risk
TCGA-27-2523-01A,TCGA CT,489.0,1,1.0,5.902360568761826,0.8275138467446697,Low risk
TCGA-12-3653-01A,TCGA CT,442.0,1,0.0,12.598196917116642,669.4837611924856,High risk
TCGA-06-5859-01A,TCGA CT,139.0,0,0.0,12.199172857284546,449.2065705026079,High risk
TCGA-28-5204-01A,TCGA CT,454.0,1,0.0,17.75567712855339,116306.83662197641,High risk
TCGA-02-2485-01A,TCGA CT,470.0,0,0.0,7.095465307712555,2.72856355476803,Low risk
TCGA-28-5208-01A,TCGA CT,544.0,1,1.0,3.3950416812896718,0.06743114160757183,Low risk
TCGA-06-2557-01A,TCGA CT,33.0,1,0.0,9.608880537509918,33.68964533662111,High risk
TCGA-27-2526-01A,TCGA CT,87.0,1,0.0,14.789024834871292,5986.934721337166,High risk
TCGA-19-2619-01A,TCGA CT,294.0,0,1.0,8.588039541482924,12.138103254311076,Low risk
TCGA-06-0125-01A,TCGA CT,1448.0,1,1.0,1.2533135516643528,0.007919901930522878,Low risk
TCGA-41-2572-01A,TCGA CT,406.0,1,0.0,10.614633060663937,92.10627314427208,High risk
TCGA-28-1747-01C,TCGA CT,77.0,1,1.0,-0.9109649152755743,0.0009094642003507366,Low risk
TCGA-26-5134-01A,TCGA CT,167.0,0,0.0,10.704769300165703,100.79404663769834,High risk
TCGA-28-5209-01A,TCGA CT,442.0,0,1.0,7.245618311166763,3.170623650650102,Low risk
305273026,IvyGAP all,871.0,1,0.0,2.0229180682897567,0.0005878299806832771,Low risk
305405294,IvyGAP all,260.0,1,0.0,12.096133322000503,13.93136054746711,High risk
305952560,IvyGAP all,540.0,1,0.0,8.07357107400894,0.24946920589963925,Low risk
306124462,IvyGAP all,311.0,1,1.0,10.82936124610901,3.925015802905743,Low risk
300173630,IvyGAP all,105.0,1,0.0,11.650574957489967,8.922570599052595,High risk
300173636,IvyGAP all,105.0,1,0.0,14.528054331898689,158.54896344306462,High risk
300629315,IvyGAP all,105.0,1,0.0,19.220487912654875,17300.610069380666,High risk
300629344,IvyGAP all,1096.0,1,1.0,7.564238258779048,0.14990513625978225,Low risk
300629350,IvyGAP all,1096.0,1,1.0,3.8573635678291316,0.0036807921167928063,Low risk
300629358,IvyGAP all,1096.0,1,1.0,2.883974050313234,0.001390604383105618,Low risk
301287570,IvyGAP all,145.0,1,0.0,17.437710055336353,2909.4495571989755,High risk
301287582,IvyGAP all,145.0,1,0.0,25.84515606164932,13035216.221613696,High risk
302262300,IvyGAP all,145.0,1,0.0,15.704051601886746,513.9164652208982,High risk
301287613,IvyGAP all,1076.0,1,1.0,4.841667538642883,0.009849610871383146,Low risk
301287630,IvyGAP all,1076.0,1,1.0,2.7253074107170114,0.0011865759670748354,Low risk
301287636,IvyGAP all,1076.0,1,1.0,6.672242922842503,0.061436697339820934,Low risk
301626681,IvyGAP all,1293.0,1,1.0,0.6967997906208039,0.00015607231849417636,Low risk
301626685,IvyGAP all,1293.0,1,1.0,3.9212679324150086,0.0039236892355452874,Low risk
301626689,IvyGAP all,1293.0,1,1.0,4.8172716257572175,0.009612227982046022,Low risk
301626693,IvyGAP all,871.0,1,0.0,10.18172422838211,2.0538854890175715,Low risk
301287698,IvyGAP all,871.0,1,0.0,4.608092181801796,0.007797916574001853,Low risk
301287708,IvyGAP all,871.0,1,0.0,6.0429706354141235,0.03274450120122872,Low risk
301626597,IvyGAP all,442.0,1,0.0,4.21949507021904,0.005287044957049127,Low risk
301626605,IvyGAP all,442.0,1,0.0,5.4657003405094144,0.01838370640472484,Low risk
302264000,IvyGAP all,442.0,1,0.0,10.585361284255981,3.0752014631725926,Low risk
303748260,IvyGAP all,442.0,1,0.0,6.821084019780159,0.07129658500267866,Low risk
303748330,IvyGAP all,145.0,1,0.0,12.383240628242492,18.564474097177094,High risk
303748264,IvyGAP all,1076.0,1,1.0,6.71058083152771,0.06383778406929536,Low risk
303748334,IvyGAP all,353.0,1,0.0,9.456383447110653,0.9944082706894677,Low risk
303748338,IvyGAP all,446.0,1,0.0,8.121447872161864,0.26170352589298285,Low risk
303748342,IvyGAP all,544.0,1,0.0,8.763873568534851,0.49752110551884565,Low risk
304357561,IvyGAP all,184.0,1,0.0,17.893485640376806,4589.355006459873,High risk
304357565,IvyGAP all,615.0,1,0.0,6.614977623939513,0.05801734596850837,Low risk
304950326,IvyGAP all,105.0,1,0.0,16.1221649698019,780.6868437629928,High risk
304950249,IvyGAP all,80.0,1,0.0,21.946841693282128,264302.8343750129,High risk
304950261,IvyGAP all,300.0,1,0.0,7.7504747424125675,0.1805917850083706,Low risk
304357589,IvyGAP all,260.0,1,0.0,10.682700440764426,3.389592040447226,Low risk
304357591,IvyGAP all,1096.0,1,1.0,0.5035542409420009,0.00012864722009828545,Low risk
304357595,IvyGAP all,982.0,1,0.0,-1.155677185058595,2.4479658423073605e-05,Low risk
304357599,IvyGAP all,540.0,1,0.0,10.259358662366866,2.2196905487254615,Low risk
304357603,IvyGAP all,353.0,1,0.0,9.386523785948754,0.9273102545666497,Low risk
304477573,IvyGAP all,300.0,1,0.0,10.56531936097145,3.014182027293168,Low risk
304477577,IvyGAP all,260.0,1,0.0,9.908308379828929,1.5625475140595857,Low risk
304703655,IvyGAP all,880.0,1,1.0,5.4063981059789645,0.017325207402635132,Low risk
304950409,IvyGAP all,62.0,1,0.0,24.299324570417404,2778255.308420661,High risk
305272792,IvyGAP all,351.0,1,0.0,10.44386541891098,2.6694555833282534,Low risk
305272798,IvyGAP all,184.0,1,0.0,19.06428802871704,14798.737618282863,High risk
305273000,IvyGAP all,871.0,1,0.0,5.769617177963257,0.02491279652881889,Low risk
305273032,IvyGAP all,351.0,1,0.0,7.033970952510833,0.0882113255908139,Low risk
305273040,IvyGAP all,633.0,1,0.0,6.656587416648865,0.06048236451756614,Low risk
305461070,IvyGAP all,62.0,1,0.0,21.563292173862457,180106.08280618762,High risk
305461082,IvyGAP all,250.0,1,0.0,9.455050388813019,0.9930835496543471,Low risk
305405292,IvyGAP all,260.0,1,0.0,9.643655851960181,1.1992123703984656,Low risk
305405298,IvyGAP all,300.0,1,0.0,8.568440086007119,0.4092001891515428,Low risk
305461103,IvyGAP all,446.0,1,0.0,8.133641343355178,0.2649141347509155,Low risk
305952558,IvyGAP all,540.0,1,0.0,9.228240656852721,0.7915595134198558,Low risk
306124406,IvyGAP all,300.0,1,0.0,9.95336372385919,1.6345586926999383,Low risk
306124418,IvyGAP all,982.0,1,0.0,12.604038729667662,23.151228845510275,High risk
306124422,IvyGAP all,145.0,1,0.0,20.790650087594983,83171.43336974792,High risk
306124460,IvyGAP all,311.0,1,1.0,8.954612479686737,0.60207191000114,Low risk
306124486,IvyGAP all,982.0,1,0.0,1.384334131479262,0.0003103975268884638,Low risk
306124488,IvyGAP all,456.0,1,0.0,7.994982653617859,0.2306144028265009,Low risk
305952554,IvyGAP all,540.0,1,0.0,6.335418787039815,0.043867915442724795,Low risk
304357512,IvyGAP all,353.0,1,0.0,11.463710027694702,7.401769986912513,High risk
305461115,IvyGAP all,197.0,1,1.0,8.459345477104186,0.36690754209606663,Low risk
305272986,IvyGAP all,197.0,1,1.0,8.039533185243606,0.24112068976883264,Low risk
305461119,IvyGAP all,437.0,1,1.0,7.679786526203156,0.16826682045602231,Low risk
301287644,IvyGAP all,1076.0,1,1.0,0.7489065585136414,0.00016442034825659644,Low risk
300173634,IvyGAP all,105.0,1,0.0,10.524737914562225,2.894310883486585,Low risk
300629309,IvyGAP all,105.0,1,0.0,12.38914956665039,18.67449516492845,High risk
300173646,IvyGAP all,105.0,1,0.0,11.863990922927854,11.045245393810196,High risk
300629348,IvyGAP all,1096.0,1,1.0,2.6793861846923823,0.0011333191124191222,Low risk
300629376,IvyGAP all,1096.0,1,1.0,-4.237648083686829,1.122851695022304e-06,Low risk
300629384,IvyGAP all,1096.0,1,1.0,3.216988579511642,0.0019401261366028691,Low risk
302262290,IvyGAP all,145.0,1,0.0,6.164811740815638,0.03698735698465786,Low risk
301287632,IvyGAP all,1076.0,1,1.0,1.1512467918395997,0.00024586103578576573,Low risk
301626679,IvyGAP all,1076.0,1,1.0,-3.389345640182495,2.6226206058540606e-06,Low risk
301287692,IvyGAP all,871.0,1,0.0,-1.934887162923813,1.1230491408884499e-05,Low risk
301287700,IvyGAP all,871.0,1,0.0,-0.8229266624450684,3.4144210045490824e-05,Low risk
301287736,IvyGAP all,871.0,1,0.0,0.38940314245223995,0.00011476916287746943,Low risk
302264006,IvyGAP all,442.0,1,0.0,6.460990768909454,0.04973730122317659,Low risk
303748201,IvyGAP all,145.0,1,0.0,14.280593115091323,123.79193917104072,High risk
301287738,IvyGAP all,145.0,1,0.0,12.505366015434264,20.97592070558814,High risk
300173642,IvyGAP all,105.0,1,0.0,14.961175804495811,244.4925738937799,High risk
300629317,IvyGAP all,105.0,1,0.0,15.625015956819057,474.8624048895628,High risk
300629321,IvyGAP all,105.0,1,0.0,15.01760872220993,258.6867456777298,High risk
300629346,IvyGAP all,1096.0,1,1.0,2.346247122764587,0.0008122164040163153,Low risk
300629370,IvyGAP all,1096.0,1,1.0,2.416382060527801,0.0008712262916520526,Low risk
300629360,IvyGAP all,1096.0,1,1.0,0.4832627895772452,0.00012606308785127675,Low risk
302262292,IvyGAP all,145.0,1,0.0,19.144430327415463,16033.562472548208,High risk
302262298,IvyGAP all,145.0,1,0.0,12.082155603170392,13.737986519099316,High risk
301287611,IvyGAP all,1076.0,1,1.0,2.0003918839097024,0.0005747364415579647,Low risk
301287615,IvyGAP all,1076.0,1,1.0,1.3277785835266114,0.00029333000519867397,Low risk
301287634,IvyGAP all,1076.0,1,1.0,4.0498353300094605,0.004462011798955992,Low risk
301626683,IvyGAP all,1293.0,1,1.0,2.7480333290472627,0.0012138507439029833,Low risk
301626687,IvyGAP all,1293.0,1,1.0,5.42951006269455,0.017730289939746017,Low risk
301626599,IvyGAP all,442.0,1,0.0,5.439878714323044,0.017915085524327842,Low risk
301626607,IvyGAP all,442.0,1,0.0,7.362793189525604,0.122554717024212,Low risk
302264002,IvyGAP all,442.0,1,0.0,9.277499039709568,0.8315267343138844,Low risk
301287740,IvyGAP all,145.0,1,0.0,16.691268372535703,1379.2256588224539,High risk
301626595,IvyGAP all,1293.0,1,1.0,5.034682164568454,0.011946598277538922,Low risk
304703661,IvyGAP all,197.0,1,1.0,14.741036968708038,196.182647448748,High risk
304950411,IvyGAP all,62.0,1,0.0,19.466263441562653,22120.776807467573,High risk
305405300,IvyGAP all,300.0,1,0.0,15.10241296029091,281.581546608249,High risk
305461074,IvyGAP all,62.0,1,0.0,21.688533036231995,204136.09190159102,High risk
306124408,IvyGAP all,300.0,1,0.0,8.456446802049875,0.3658455363050102,Low risk
304950328,IvyGAP all,456.0,1,0.0,10.365820446372032,2.469040411303716,Low risk
304950263,IvyGAP all,437.0,1,1.0,-0.46004310941696236,4.9081225054046e-05,Low risk
304477575,IvyGAP all,300.0,1,0.0,10.767443688392639,3.6893593302065613,Low risk
305272990,IvyGAP all,184.0,1,0.0,9.908731200933456,1.5632083318193588,Low risk
303748262,IvyGAP all,442.0,1,0.0,0.8988470258712766,0.00019101781867183597,Low risk
304357520,IvyGAP all,80.0,1,0.0,23.394145360946656,1123719.240589806,High risk
303748340,IvyGAP all,446.0,1,0.0,6.125364694535731,0.035556717757504096,Low risk
305273028,IvyGAP all,871.0,1,0.0,2.5868294019699096,0.0010331308089622517,Low risk
305461084,IvyGAP all,250.0,1,0.0,4.426224181890488,0.006501211812437729,Low risk
305405302,IvyGAP all,300.0,1,0.0,13.525236598014832,58.16278570533293,High risk
300173640,IvyGAP all,105.0,1,0.0,18.197974441111086,6222.8518189237575,High risk
300173644,IvyGAP all,105.0,1,0.0,15.684265603780746,503.8480503005802,High risk
300629323,IvyGAP all,105.0,1,0.0,19.329038364350794,19284.317806035015,High risk
300629356,IvyGAP all,1096.0,1,1.0,4.40727458256483,0.006379176366621529,Low risk
300629374,IvyGAP all,1096.0,1,1.0,5.013073072910308,0.011691212406391309,Low risk
300629382,IvyGAP all,1096.0,1,1.0,2.8953820179700847,0.0014065591858365696,Low risk
301287572,IvyGAP all,145.0,1,0.0,19.578369367122647,24744.994335175852,High risk
301287584,IvyGAP all,145.0,1,0.0,24.802527594566342,4595263.816309023,High risk
301287607,IvyGAP all,1076.0,1,1.0,2.948057538032532,0.001482636539289552,Low risk
301287638,IvyGAP all,1076.0,1,1.0,6.182561939716339,0.03764975135223379,Low risk
301287704,IvyGAP all,871.0,1,0.0,5.796687819480896,0.02559641313611219,Low risk
301287728,IvyGAP all,871.0,1,0.0,2.059561707496643,0.0006097697316464311,Low risk
301287734,IvyGAP all,871.0,1,0.0,-0.1667418103218079,6.581039989631963e-05,Low risk
301626603,IvyGAP all,442.0,1,0.0,4.908136722683906,0.010526555219772755,Low risk
301626609,IvyGAP all,442.0,1,0.0,9.805058521270752,1.4092640990904026,Low risk
302263998,IvyGAP all,442.0,1,0.0,8.676225704193115,0.45577082868470664,Low risk
301287599,IvyGAP all,145.0,1,0.0,23.643687713146207,1442223.884496048,High risk
304477571,IvyGAP all,353.0,1,0.0,5.431274014472962,0.017761592916571145,Low risk
306124484,IvyGAP all,311.0,1,1.0,4.787212745428086,0.009327594484624085,Low risk
300173638,IvyGAP all,105.0,1,0.0,23.15104283905029,881210.6418542454,High risk
300629352,IvyGAP all,1096.0,1,1.0,6.71944777867943,0.06440634731187052,Low risk
300629372,IvyGAP all,1096.0,1,1.0,3.987345204830169,0.004191713562582637,Low risk
302262284,IvyGAP all,145.0,1,0.0,12.104545283317565,14.049044897631767,High risk
301287609,IvyGAP all,1076.0,1,1.0,3.872765084862709,0.0037379207034576698,Low risk
301287640,IvyGAP all,1076.0,1,1.0,6.6229511407613755,0.05848179744769029,Low risk
301626695,IvyGAP all,871.0,1,0.0,4.675098695278168,0.008338331243109606,Low risk
301287706,IvyGAP all,871.0,1,0.0,2.431758322238922,0.0008847260167989083,Low risk
301287730,IvyGAP all,871.0,1,0.0,0.7250969190597534,0.00016055179621515662,Low risk
301626601,IvyGAP all,442.0,1,0.0,7.9320586743354795,0.21655035015995744,Low risk
302263996,IvyGAP all,442.0,1,0.0,7.936087441682815,0.21742454091290334,Low risk
302264004,IvyGAP all,442.0,1,0.0,4.704724875330925,0.00858905987296177,Low risk
300629325,IvyGAP all,105.0,1,0.0,18.17607822036743,6088.075809229312,High risk
300629386,IvyGAP all,105.0,1,0.0,12.001603519082067,12.674760456679365,High risk
301287601,IvyGAP all,145.0,1,0.0,13.338651764392852,48.26279122345315,High risk
305405296,IvyGAP all,260.0,1,0.0,14.025141373753547,95.88509093386284,High risk
305273034,IvyGAP all,351.0,1,0.0,10.714308366656303,3.4984412004621404,Low risk
304357563,IvyGAP all,184.0,1,0.0,29.615236201524734,565513843.2359614,High risk
304950322,IvyGAP all,105.0,1,0.0,17.211371426939962,2320.134781101462,High risk
304950265,IvyGAP all,437.0,1,1.0,6.264504440665244,0.040864791589626824,Low risk
304357593,IvyGAP all,1096.0,1,1.0,7.075494573593139,0.09195129033055138,Low risk
305272800,IvyGAP all,197.0,1,1.0,7.833703117847442,0.19626534175697094,Low risk
306124420,IvyGAP all,982.0,1,0.0,9.427742540240287,0.9663315072589775,Low risk
303748332,IvyGAP all,353.0,1,0.0,17.90272530523967,4631.955613248732,High risk
304357522,IvyGAP all,80.0,1,0.0,17.475135377407074,3020.3998695582445,High risk
305272802,IvyGAP all,197.0,1,1.0,4.2917041242420675,0.005682939034492512,Low risk
305273036,IvyGAP all,351.0,1,0.0,11.155268699407577,5.437273991355934,Low risk
305273042,IvyGAP all,633.0,1,0.0,14.370944524526596,135.49756312787045,High risk
305461105,IvyGAP all,446.0,1,0.0,11.285905007064342,6.1960632976989425,Low risk
305952556,IvyGAP all,540.0,1,0.0,11.644036757946013,8.864423348335036,High risk
305461109,IvyGAP all,80.0,1,0.0,19.00229352739081,13909.156715240466,High risk
304950415,IvyGAP all,300.0,1,0.0,21.222275449693203,128063.89282137243,High risk
304950259,IvyGAP all,300.0,1,0.0,14.557754776239396,163.32856490883236,High risk
304950336,IvyGAP all,260.0,1,0.0,10.693079054832458,3.424954497305674,Low risk
304357597,IvyGAP all,982.0,1,0.0,8.199014961123465,0.28281115312186583,Low risk
305272794,IvyGAP all,351.0,1,0.0,12.305658668756484,17.178658011558948,High risk
305272992,IvyGAP all,184.0,1,0.0,17.828318544864654,4299.816714334957,High risk
305405290,IvyGAP all,250.0,1,0.0,6.373136306643486,0.04555410393262793,Low risk
306124448,IvyGAP all,145.0,1,0.0,17.246092054247853,2402.1061297741253,High risk
304477579,IvyGAP all,260.0,1,0.0,15.841281593322755,589.5094348347203,High risk
305461072,IvyGAP all,62.0,1,0.0,21.77308587563038,222147.0895434122,High risk
306124450,IvyGAP all,145.0,1,0.0,18.539867512369526,8759.347051959227,High risk
306124482,IvyGAP all,311.0,1,1.0,5.354648755073547,0.016451442533799814,Low risk
303748336,IvyGAP all,353.0,1,0.0,12.069276909291744,13.56219361744929,High risk
304357567,IvyGAP all,615.0,1,0.0,10.448521639823912,2.681914140630159,Low risk
304950324,IvyGAP all,105.0,1,0.0,13.933078726291654,87.45180640005185,High risk
304950330,IvyGAP all,456.0,1,0.0,3.5212137041091918,0.0026299849255063453,Low risk
304357587,IvyGAP all,260.0,1,0.0,11.14184062230587,5.364749876432022,Low risk
305272796,IvyGAP all,351.0,1,0.0,6.339900076866149,0.04406494142143552,Low risk
305273030,IvyGAP all,871.0,1,0.0,1.2951239128112793,0.0002839061148834518,Low risk
305461068,IvyGAP all,633.0,1,0.0,6.44509255361557,0.04895281935430866,Low risk
303748254,IvyGAP all,982.0,1,0.0,5.213275309056042,0.014282567238697337,Low risk
303748266,IvyGAP all,1076.0,1,1.0,3.5150991735458375,0.0026139528665053845,Low risk
303748344,IvyGAP all,544.0,1,0.0,13.17647820597887,41.03754327351013,High risk
304357601,IvyGAP all,540.0,1,0.0,8.647402095794677,0.44282139009355004,Low risk
304703657,IvyGAP all,880.0,1,1.0,5.002905223131179,0.01157294022077947,Low risk
305273038,IvyGAP all,351.0,1,0.0,11.790134609222411,10.258880703420889,High risk
TCGA-27-2521-01A,TCGA all,510.0,1,1.0,-2.8572929568290713,1.674821339311533e-05,Low risk
TCGA-19-1390-01A,TCGA all,772.0,1,1.0,6.233192815452814,0.14856492718402128,Low risk
TCGA-27-1830-01A,TCGA all,154.0,1,1.0,-2.551638895511627,2.2735910862487857e-05,Low risk
TCGA-32-1970-01A,TCGA all,468.0,1,0.0,13.459757367610932,204.3494167757176,High risk
TCGA-02-2486-01A,TCGA all,618.0,1,0.0,12.248693564176559,60.87165020929165,High risk
TCGA-14-0790-01B,TCGA all,419.0,1,1.0,-0.1392807502746587,0.00025373839518242887,Low risk
TCGA-14-0789-01A,TCGA all,342.0,1,1.0,-2.969490301132203,1.4970689335716766e-05,Low risk
TCGA-76-4926-01B,TCGA all,138.0,1,0.0,13.471562834262848,206.77615319447193,High risk
TCGA-28-5220-01A,TCGA all,388.0,1,0.0,19.29418381643295,69860.64875241808,High risk
TCGA-27-1835-01A,TCGA all,648.0,1,1.0,1.5307510919570921,0.0013479438526537207,Low risk
TCGA-28-2509-01A,TCGA all,145.0,0,1.0,16.36066146290302,3717.2352227527276,High risk
TCGA-14-2554-01A,TCGA all,532.0,1,0.0,5.337873566418885,0.0606853812967084,Low risk
TCGA-06-2563-01A,TCGA all,932.0,0,1.0,5.708987420707941,0.08795424077471217,Low risk
TCGA-27-1837-01A,TCGA all,427.0,1,1.0,-1.8169102621078492,4.740246749514858e-05,Low risk
TCGA-27-2528-01A,TCGA all,480.0,1,1.0,-0.6347742035388952,0.00015459523941697016,Low risk
TCGA-32-1982-01A,TCGA all,142.0,1,1.0,8.731774861812593,1.807326804811792,Low risk
TCGA-06-5858-01A,TCGA all,187.0,0,1.0,5.2621930506229395,0.05626216688959372,Low risk
TCGA-27-1832-01A,TCGA all,300.0,1,0.0,11.420696923971176,26.596268189574005,Low risk
TCGA-27-1831-01A,TCGA all,505.0,1,0.0,13.302145858764648,174.55150350389195,High risk
TCGA-12-5299-01A,TCGA all,98.0,1,0.0,12.839180968761443,109.8652876007526,High risk
TCGA-32-2632-01A,TCGA all,269.0,1,0.0,32.61499635457993,42597880818.054436,High risk
TCGA-06-2569-01A,TCGA all,13.0,0,0.0,-7.995343518018723,9.829727517394896e-08,Low risk
TCGA-26-5135-01A,TCGA all,270.0,1,1.0,2.7868486403524875,0.004733561635764803,Low risk
TCGA-28-5213-01A,TCGA all,951.0,0,0.0,15.850892002105713,2232.697981753288,High risk
TCGA-06-5415-01A,TCGA all,260.0,0,0.0,10.138473705053329,7.378332712717414,Low risk
TCGA-06-5414-01A,TCGA all,273.0,0,0.0,6.108749381065369,0.13118107863608852,Low risk
TCGA-06-5417-01A,TCGA all,155.0,0,1.0,7.2118378248214725,0.3953087448641646,Low risk
TCGA-06-5410-01A,TCGA all,108.0,1,1.0,0.754155310153962,0.0006200126347543875,Low risk
TCGA-06-2564-01A,TCGA all,181.0,0,0.0,6.083147647976874,0.12786524236360614,Low risk
TCGA-19-5960-01A,TCGA all,455.0,1,0.0,8.355921618700027,1.2410969269112007,Low risk
TCGA-14-0781-01B,TCGA all,29.0,1,0.0,3.8535038056373594,0.013754046517086229,Low risk
TCGA-76-4927-01A,TCGA all,535.0,1,0.0,8.498638604164123,1.431485322844845,Low risk
TCGA-06-0878-01A,TCGA all,218.0,0,0.0,15.696587430924176,1913.4466416632683,High risk
TCGA-14-0787-01A,TCGA all,68.0,1,1.0,12.876200660943983,114.00868723345287,High risk
TCGA-27-2524-01A,TCGA all,231.0,1,0.0,10.553347945272922,11.172126082757183,Low risk
TCGA-06-5408-01A,TCGA all,357.0,1,0.0,13.879567663908004,310.9529617218938,High risk
TCGA-06-2570-01A,TCGA all,958.0,0,1.0,-11.546002290248872,2.821694342075648e-09,Low risk
TCGA-28-1753-01A,TCGA all,37.0,0,0.0,7.126912509679794,0.36312305707043363,Low risk
TCGA-28-5216-01A,TCGA all,415.0,0,0.0,6.776111050963401,0.2556834915175612,Low risk
TCGA-76-4929-01A,TCGA all,111.0,1,1.0,6.268946553468705,0.15397277803777565,Low risk
TCGA-12-5295-01A,TCGA all,454.0,1,1.0,10.224687837600708,8.042675696918682,Low risk
TCGA-28-5215-01A,TCGA all,335.0,1,1.0,-0.18413880014419615,0.00024260770258967076,Low risk
TCGA-06-2559-01A,TCGA all,150.0,1,1.0,3.9951990599632268,0.015847762565433788,Low risk
TCGA-76-4932-01A,TCGA all,1458.0,1,1.0,6.284308458805083,0.15635635454221913,Low risk
TCGA-26-5139-01A,TCGA all,48.0,0,0.0,11.533406391143798,29.769380923374406,High risk
TCGA-76-4928-01B,TCGA all,94.0,1,1.0,7.1563818176984775,0.373983277942023,Low risk
TCGA-14-1825-01A,TCGA all,232.0,1,0.0,19.438454492092134,80702.79438138453,High risk
TCGA-06-5412-01A,TCGA all,138.0,1,1.0,5.206650375545024,0.05322241503613575,Low risk
TCGA-12-0821-01A,TCGA all,323.0,1,0.0,17.815178533017637,15918.743356139756,High risk
TCGA-06-5856-01A,TCGA all,114.0,1,0.0,9.824007097959518,5.387498011361087,Low risk
TCGA-14-0817-01A,TCGA all,164.0,1,0.0,15.461636699676513,1512.789668642453,High risk
TCGA-12-3650-01A,TCGA all,333.0,1,0.0,13.82690971030295,295.0024609924521,High risk
TCGA-41-4097-01A,TCGA all,6.0,1,0.0,10.75773956167698,13.705723920940944,Low risk
TCGA-14-0871-01A,TCGA all,880.0,1,0.0,21.060765451431273,408742.00435065635,High risk
TCGA-27-1834-01A,TCGA all,1233.0,1,1.0,4.1480875071138135,0.018465733557760346,Low risk
TCGA-41-2571-01A,TCGA all,26.0,1,0.0,19.34993073606491,73865.7639644259,High risk
TCGA-76-4931-01A,TCGA all,279.0,1,0.0,14.1105950140208,391.76767660305086,High risk
TCGA-06-5413-01A,TCGA all,268.0,0,0.0,18.087009545087813,20891.204946690108,High risk
TCGA-26-5133-01A,TCGA all,452.0,0,0.0,8.805742124557495,1.946078092879266,Low risk
TCGA-02-2483-01A,TCGA all,466.0,0,1.0,-0.09236368257273053,0.00026592674170893054,Low risk
TCGA-41-5651-01A,TCGA all,460.0,1,1.0,4.388767974853516,0.02349052720406469,Low risk
TCGA-06-2565-01A,TCGA all,506.0,1,1.0,5.248376096069812,0.05549014089281291,Low risk
TCGA-06-2558-01A,TCGA all,380.0,1,0.0,10.243079383671283,8.191961528193245,Low risk
TCGA-28-5218-01A,TCGA all,157.0,1,0.0,11.760486739754677,37.35850991652995,High risk
TCGA-32-1980-01A,TCGA all,36.0,1,0.0,11.698234999895096,35.10378601199155,High risk
TCGA-06-2561-01A,TCGA all,537.0,1,0.0,8.0929316111207,0.9540927399891547,Low risk
TCGA-19-2629-01A,TCGA all,737.0,1,0.0,6.411866114139556,0.17762869375983653,Low risk
TCGA-32-5222-01A,TCGA all,585.0,1,1.0,5.396022417992353,0.06431878181988238,Low risk
TCGA-06-0129-01A,TCGA all,1024.0,1,1.0,-5.236464112758637,1.5513421097829554e-06,Low risk
TCGA-15-1444-01A,TCGA all,1537.0,1,1.0,-8.595200619697572,5.395439785382552e-08,Low risk
TCGA-27-2523-01A,TCGA all,489.0,1,1.0,4.662284414291382,0.03088015305605903,Low risk
TCGA-06-0130-01A,TCGA all,394.0,1,0.0,12.912368427753448,118.20760182010092,High risk
TCGA-12-3653-01A,TCGA all,442.0,1,0.0,12.556454800903797,82.80834068703231,High risk
TCGA-28-2514-01A,TCGA all,160.0,0,0.0,4.8662762683629985,0.03786796620009326,Low risk
TCGA-06-5859-01A,TCGA all,139.0,0,0.0,11.7636858253479,37.47821435767537,High risk
TCGA-41-3915-01A,TCGA all,360.0,1,1.0,-0.11906896638870368,0.00025891907986407096,Low risk
TCGA-06-0882-01A,TCGA all,632.0,1,0.0,4.16225518502295,0.018729212155948215,Low risk
TCGA-26-5136-01B,TCGA all,577.0,1,1.0,12.560761339187621,83.16572697293373,High risk
TCGA-19-2624-01A,TCGA all,5.0,1,0.0,3.3167209861278533,0.008040974267983574,Low risk
TCGA-06-5411-01A,TCGA all,254.0,1,0.0,22.936019623041155,2666010.215251076,High risk
TCGA-16-0846-01A,TCGA all,119.0,1,1.0,8.222096638917922,1.0856410339898412,Low risk
TCGA-28-5204-01A,TCGA all,454.0,1,0.0,17.528436096727848,11950.281159532347,High risk
TCGA-19-2620-01A,TCGA all,148.0,1,1.0,3.5131014194488523,0.009785783672227877,Low risk
TCGA-32-4213-01A,TCGA all,604.0,0,1.0,9.574178465366362,4.19650675290826,Low risk
TCGA-06-0141-01A,TCGA all,313.0,1,0.0,12.452424657464027,74.62672192462531,High risk
TCGA-06-2567-01A,TCGA all,133.0,1,1.0,5.054155878067015,0.045694829223223814,Low risk
TCGA-06-5418-01A,TCGA all,83.0,1,0.0,12.565942180156707,83.59771343879976,High risk
TCGA-02-2485-01A,TCGA all,470.0,0,0.0,5.542975982308388,0.07450045625834838,Low risk
TCGA-06-2562-01A,TCGA all,382.0,1,0.0,12.588069395780563,85.4681151467713,High risk
TCGA-28-5207-01A,TCGA all,343.0,1,0.0,17.307705212593078,9583.318415785096,High risk
TCGA-19-2625-01A,TCGA all,124.0,1,0.0,11.291812795162201,23.380136246590578,Low risk
TCGA-12-1597-01B,TCGA all,675.0,1,1.0,5.892345939636229,0.10565459195577305,Low risk
TCGA-02-0047-01A,TCGA all,448.0,1,0.0,7.224137484312058,0.4002009322645568,Low risk
TCGA-06-5416-01A,TCGA all,204.0,0,0.0,7.098779944062233,0.35304983104139015,Low risk
TCGA-19-1787-01B,TCGA all,385.0,1,1.0,15.154349296212196,1112.5648278435583,High risk
TCGA-28-5208-01A,TCGA all,544.0,1,1.0,3.2068053851127614,0.007203987213851881,Low risk
TCGA-32-2615-01A,TCGA all,485.0,1,0.0,6.821762737751007,0.26762640722215925,Low risk
TCGA-28-2513-01A,TCGA all,222.0,0,0.0,5.799043096542357,0.09624262663788719,Low risk
TCGA-06-2557-01A,TCGA all,33.0,1,0.0,8.992674144864083,2.3460853560289086,Low risk
TCGA-16-1045-01B,TCGA all,883.0,1,1.0,0.5620801048278805,0.0005116622048444855,Low risk
TCGA-28-2499-01A,TCGA all,95.0,0,0.0,16.160135323643686,3041.813954456158,High risk
TCGA-02-0055-01A,TCGA all,76.0,1,0.0,11.966976652786135,45.92688342444527,High risk
TCGA-32-2616-01A,TCGA all,224.0,1,1.0,11.690734757900238,34.84148401580825,High risk
TCGA-06-0139-01A,TCGA all,362.0,1,0.0,3.028783073425293,0.006029187994684357,Low risk
TCGA-26-1442-01A,TCGA all,953.0,0,1.0,-5.121199801445008,1.7408695762732453e-06,Low risk
TCGA-27-2526-01A,TCGA all,87.0,1,0.0,14.278362308979034,463.3284960991729,High risk
TCGA-19-2619-01A,TCGA all,294.0,0,1.0,7.591748067975044,0.5780020037180246,Low risk
TCGA-06-0125-01A,TCGA all,1448.0,1,1.0,0.46588500869274174,0.00046473602443628,Low risk
TCGA-14-1823-01A,TCGA all,543.0,1,1.0,7.858868468821048,0.754984890263361,Low risk
TCGA-26-5132-01A,TCGA all,286.0,0,1.0,13.565001061737537,227.02838417588578,High risk
TCGA-14-1034-01A,TCGA all,485.0,1,1.0,-0.9396002063751228,0.00011397559424885075,Low risk
TCGA-32-2634-01A,TCGA all,693.0,0,1.0,10.065381578862667,6.85827235833689,Low risk
TCGA-41-2572-01A,TCGA all,406.0,1,0.0,10.46559884738922,10.233563277008681,Low risk
TCGA-28-1747-01C,TCGA all,77.0,1,1.0,-2.1180892081260687,3.507523543117178e-05,Low risk
TCGA-27-2519-01A,TCGA all,550.0,1,0.0,5.788970871746539,0.09527811481152386,Low risk
TCGA-26-5134-01A,TCGA all,167.0,0,0.0,9.396294212579727,3.5126410868541234,Low risk
TCGA-06-1804-01A,TCGA all,414.0,1,1.0,10.204112814366816,7.878888201349487,Low risk
TCGA-14-1829-01A,TCGA all,218.0,0,0.0,13.513712642908096,215.67801651523072,High risk
TCGA-32-2638-01A,TCGA all,766.0,1,1.0,1.8590279850959766,0.0018717189859187725,Low risk
TCGA-12-3652-01A,TCGA all,1062.0,1,0.0,11.317206085324287,23.981437022357092,Low risk
TCGA-28-5209-01A,TCGA all,442.0,0,1.0,6.569087878825084,0.207870885912479,Low risk
TCGA-76-4925-01A,TCGA all,146.0,1,1.0,13.109290565252305,143.93539507638073,High risk
