cohort,model,logrank_p,concordance,n,direction
IvyGAP CT,novel_CT_signature,2.669819695876123e-12,0.8271092669432918,78,
IvyGAP CT,MGMT_alone,1.0706494614663195e-06,,78,
IvyGAP CT,novel_CT_3group,2.560502972161485e-14,,78,tertiles
TCGA CT,novel_CT_signature,9.598045396984576e-06,0.6853932584269663,35,
TCGA CT,MGMT_alone,0.005813183825285652,,35,
TCGA CT,novel_CT_3group,5.061865018130397e-05,,35,tertiles
IvyGAP all,novel_CT_signature,4.533848256633843e-32,0.8119564591372459,192,
IvyGAP all,MGMT_alone,1.8418934235930373e-20,,192,
IvyGAP all,novel_CT_3group,1.0515667919438555e-36,,192,tertiles
TCGA all,novel_CT_signature,0.0009039114752828638,0.589772303098171,122,
TCGA all,MGMT_alone,0.008525669778484573,,122,
TCGA all,novel_CT_3group,0.0037449617188842323,,122,tertiles
TCGA CT IDHwt,novel_CT_signature,0.0010113038131044924,,29,IDHwt_only
TCGA all IDHwt,novel_CT_signature,0.028050988583017782,,114,IDHwt_only
IvyGAP all structures (Fig 4C),Colman_signature,0.1976808051953362,,192,INVERTED
IvyGAP Cellular Tumor (Fig 4D),Colman_signature,0.0008629928456663276,,78,INVERTED
IvyGAP HBV (Fig 4E),Colman_signature,0.678588264852962,,16,CORRECT
