sample,patient_barcode,structure,zone,age,gender,mgmt_methylated,idh1_mutant,vital_status,time_days,event,is_CT
TCGA-27-2521-01A,TCGA-27-2521,CT,CT,34.0,male,1.0,1.0,Dead,510.0,1,True
TCGA-19-1390-01A,TCGA-19-1390,CT,CT,63.0,female,1.0,0.0,Dead,772.0,1,True
TCGA-27-1830-01A,TCGA-27-1830,HBV/MVP,HBV/MVP,57.0,male,1.0,0.0,Dead,154.0,1,False
TCGA-32-1970-01A,TCGA-32-1970,CT,CT,59.0,male,0.0,0.0,Dead,468.0,1,True
TCGA-06-0190-01A,TCGA-06-0190,PAN/PNZ,PAN/PNZ,62.0,male,,0.0,Dead,317.0,1,False
TCGA-02-2486-01A,TCGA-02-2486,PAN/PNZ,PAN/PNZ,64.0,male,0.0,0.0,Dead,618.0,1,False
TCGA-14-0790-01B,TCGA-14-0790,CT,CT,64.0,female,1.0,0.0,Dead,419.0,1,True
TCGA-14-0789-01A,TCGA-14-0789,PAN/PNZ,PAN/PNZ,54.0,male,1.0,0.0,Dead,342.0,1,False
TCGA-06-0645-01A,TCGA-06-0645,HBV/MVP,HBV/MVP,55.0,female,,0.0,Dead,175.0,1,False
TCGA-76-4926-01B,TCGA-76-4926,LE/IT,LE/IT,68.0,male,0.0,0.0,Dead,138.0,1,False
TCGA-28-5220-01A,TCGA-28-5220,CT,CT,67.0,male,0.0,0.0,Dead,388.0,1,False
TCGA-27-1835-01A,TCGA-27-1835,CT,CT,53.0,female,1.0,0.0,Dead,648.0,1,True
TCGA-19-4065-01A,TCGA-19-4065,PAN/PNZ,PAN/PNZ,36.0,male,,,Alive,214.0,0,False
TCGA-28-2509-01A,TCGA-28-2509,PAN/PNZ,PAN/PNZ,77.0,female,1.0,0.0,Alive,145.0,0,False
TCGA-14-2554-01A,TCGA-14-2554,CT,CT,52.0,female,0.0,0.0,Dead,532.0,1,False
TCGA-06-2563-01A,TCGA-06-2563,CT,CT,72.0,female,1.0,0.0,Alive,932.0,0,True
TCGA-27-1837-01A,TCGA-27-1837,CT,CT,36.0,male,1.0,0.0,Dead,427.0,1,False
TCGA-06-6698-01A,TCGA-06-6698,CT,CT,53.0,female,,0.0,Alive,145.0,0,True
TCGA-27-2528-01A,TCGA-27-2528,HBV/MVP,HBV/MVP,62.0,male,1.0,0.0,Dead,480.0,1,False
TCGA-32-1982-01A,TCGA-32-1982,HBV/MVP,HBV/MVP,76.0,female,1.0,0.0,Dead,142.0,1,False
TCGA-06-0686-01A,TCGA-06-0686,LE/IT,LE/IT,53.0,male,,0.0,Dead,432.0,1,False
TCGA-06-5858-01A,TCGA-06-5858,HBV/MVP,HBV/MVP,45.0,female,1.0,0.0,Alive,187.0,0,False
TCGA-27-1832-01A,TCGA-27-1832,PAN/PNZ,PAN/PNZ,59.0,female,0.0,0.0,Dead,300.0,1,False
TCGA-27-1831-01A,TCGA-27-1831,HBV/MVP,HBV/MVP,66.0,male,0.0,0.0,Dead,505.0,1,False
TCGA-12-5299-01A,TCGA-12-5299,PAN/PNZ,PAN/PNZ,56.0,female,0.0,0.0,Dead,98.0,1,False
TCGA-32-2632-01A,TCGA-32-2632,LE/IT,LE/IT,80.0,male,0.0,0.0,Dead,269.0,1,False
TCGA-06-2569-01A,TCGA-06-2569,CT,CT,24.0,female,0.0,0.0,Alive,13.0,0,True
TCGA-06-0649-01B,TCGA-06-0649,CT,CT,73.0,female,,0.0,Dead,64.0,1,False
TCGA-28-2510-01A,TCGA-28-2510,LE/IT,LE/IT,,,,,,,0,False
TCGA-26-5135-01A,TCGA-26-5135,HBV/MVP,HBV/MVP,72.0,female,1.0,0.0,Dead,270.0,1,False
TCGA-28-5213-01A,TCGA-28-5213,PAN/PNZ,PAN/PNZ,72.0,male,0.0,0.0,Not Reported,951.0,0,False
TCGA-06-5415-01A,TCGA-06-5415,CT,CT,60.0,male,0.0,0.0,Alive,260.0,0,False
TCGA-06-5414-01A,TCGA-06-5414,CT,CT,61.0,male,0.0,0.0,Alive,273.0,0,True
TCGA-06-5417-01A,TCGA-06-5417,CT,CT,45.0,female,1.0,1.0,Alive,155.0,0,True
TCGA-06-5410-01A,TCGA-06-5410,LE/IT,LE/IT,72.0,female,1.0,0.0,Dead,108.0,1,False
TCGA-06-2564-01A,TCGA-06-2564,CT,CT,50.0,male,0.0,0.0,Alive,181.0,0,False
TCGA-19-5960-01A,TCGA-19-5960,CT,CT,56.0,male,0.0,0.0,Dead,455.0,1,True
TCGA-14-0781-01B,TCGA-14-0781,PAN/PNZ,PAN/PNZ,49.0,male,0.0,0.0,Dead,29.0,1,False
TCGA-76-4927-01A,TCGA-76-4927,HBV/MVP,HBV/MVP,58.0,male,0.0,0.0,Dead,535.0,1,False
TCGA-06-0878-01A,TCGA-06-0878,PAN/PNZ,PAN/PNZ,74.0,male,0.0,0.0,Alive,218.0,0,False
TCGA-14-0787-01A,TCGA-14-0787,CT,CT,69.0,male,1.0,0.0,Dead,68.0,1,False
TCGA-27-2524-01A,TCGA-27-2524,PAN/PNZ,PAN/PNZ,56.0,male,0.0,0.0,Dead,231.0,1,False
TCGA-06-5408-01A,TCGA-06-5408,PAN/PNZ,PAN/PNZ,54.0,female,0.0,0.0,Dead,357.0,1,False
TCGA-06-2570-01A,TCGA-06-2570,CT,CT,21.0,female,1.0,1.0,Alive,958.0,0,True
TCGA-28-1753-01A,TCGA-28-1753,HBV/MVP,HBV/MVP,53.0,male,0.0,0.0,Alive,37.0,0,False
TCGA-28-5216-01A,TCGA-28-5216,PAN/PNZ,PAN/PNZ,52.0,male,0.0,0.0,Alive,415.0,0,False
TCGA-76-4929-01A,TCGA-76-4929,PAN/PNZ,PAN/PNZ,76.0,female,1.0,0.0,Dead,111.0,1,False
TCGA-12-5295-01A,TCGA-12-5295,CT,CT,60.0,female,1.0,0.0,Dead,454.0,1,True
TCGA-28-5215-01A,TCGA-28-5215,HBV/MVP,HBV/MVP,62.0,female,1.0,0.0,Dead,335.0,1,False
TCGA-06-2559-01A,TCGA-06-2559,PAN/PNZ,PAN/PNZ,83.0,male,1.0,0.0,Dead,150.0,1,False
TCGA-76-4932-01A,TCGA-76-4932,CT,CT,50.0,female,1.0,0.0,Dead,1458.0,1,True
TCGA-26-5139-01A,TCGA-26-5139,CT,CT,65.0,female,0.0,0.0,Alive,48.0,0,False
TCGA-06-0743-01A,TCGA-06-0743,CT,CT,69.0,male,,0.0,Dead,803.0,1,True
TCGA-76-4928-01B,TCGA-76-4928,PAN/PNZ,PAN/PNZ,85.0,female,1.0,0.0,Dead,94.0,1,False
TCGA-14-1825-01A,TCGA-14-1825,CT,CT,70.0,male,0.0,0.0,Dead,232.0,1,False
TCGA-06-5412-01A,TCGA-06-5412,HBV/MVP,HBV/MVP,78.0,female,1.0,0.0,Dead,138.0,1,False
TCGA-12-0821-01A,TCGA-12-0821,HBV/MVP,HBV/MVP,62.0,male,0.0,0.0,Dead,323.0,1,False
TCGA-12-0616-01A,TCGA-12-0616,CT,CT,36.0,female,,0.0,Dead,448.0,1,False
TCGA-06-5856-01A,TCGA-06-5856,CT,CT,58.0,male,0.0,0.0,Dead,114.0,1,False
TCGA-14-0817-01A,TCGA-14-0817,LE/IT,LE/IT,69.0,female,0.0,0.0,Dead,164.0,1,False
TCGA-12-3650-01A,TCGA-12-3650,CT,CT,46.0,male,0.0,0.0,Dead,333.0,1,True
TCGA-41-4097-01A,TCGA-41-4097,LE/IT,LE/IT,63.0,female,0.0,0.0,Dead,6.0,1,False
TCGA-14-0871-01A,TCGA-14-0871,CT,CT,74.0,female,0.0,0.0,Dead,880.0,1,False
TCGA-27-1834-01A,TCGA-27-1834,PAN/PNZ,PAN/PNZ,56.0,male,1.0,0.0,Dead,1233.0,1,False
TCGA-41-2571-01A,TCGA-41-2571,CT,CT,89.0,male,0.0,0.0,Dead,26.0,1,False
TCGA-76-4931-01A,TCGA-76-4931,CT,CT,70.0,female,0.0,0.0,Dead,279.0,1,False
TCGA-06-5413-01A,TCGA-06-5413,HBV/MVP,HBV/MVP,67.0,male,0.0,0.0,Alive,268.0,0,False
TCGA-26-5133-01A,TCGA-26-5133,CT,CT,59.0,male,0.0,0.0,Alive,452.0,0,True
TCGA-02-2483-01A,TCGA-02-2483,CT,CT,43.0,male,1.0,1.0,Alive,466.0,0,False
TCGA-06-0158-01A,TCGA-06-0158,CT,CT,73.0,male,,0.0,Dead,329.0,1,False
TCGA-41-5651-01A,TCGA-41-5651,CT,CT,59.0,female,1.0,0.0,Dead,460.0,1,True
TCGA-06-2565-01A,TCGA-06-2565,CT,CT,59.0,male,1.0,0.0,Dead,506.0,1,True
TCGA-06-2558-01A,TCGA-06-2558,LE/IT,LE/IT,75.0,female,0.0,0.0,Dead,380.0,1,False
TCGA-28-5218-01A,TCGA-28-5218,HBV/MVP,HBV/MVP,63.0,male,0.0,0.0,Dead,157.0,1,False
TCGA-32-1980-01A,TCGA-32-1980,LE/IT,LE/IT,72.0,male,0.0,0.0,Dead,36.0,1,False
TCGA-06-2561-01A,TCGA-06-2561,LE/IT,LE/IT,53.0,female,0.0,0.0,Dead,537.0,1,False
TCGA-06-0646-01A,TCGA-06-0646,CT,CT,60.0,male,,0.0,Dead,175.0,1,False
TCGA-19-2629-01A,TCGA-19-2629,CT,CT,60.0,male,0.0,1.0,Dead,737.0,1,True
TCGA-06-0238-01A,TCGA-06-0238,LE/IT,LE/IT,46.0,male,,0.0,Dead,405.0,1,False
TCGA-06-0174-01A,TCGA-06-0174,CT,CT,54.0,male,,0.0,Dead,98.0,1,False
TCGA-32-5222-01A,TCGA-32-5222,CT,CT,66.0,male,1.0,0.0,Dead,585.0,1,True
TCGA-12-0618-01A,TCGA-12-0618,PAN/PNZ,PAN/PNZ,49.0,male,,0.0,Dead,395.0,1,False
TCGA-06-0211-01A,TCGA-06-0211,CT,CT,47.0,male,,0.0,Dead,360.0,1,False
TCGA-06-0211-01B,TCGA-06-0211,CT,CT,47.0,male,,0.0,Dead,360.0,1,True
TCGA-06-0129-01A,TCGA-06-0129,CT,CT,30.0,male,1.0,1.0,Dead,1024.0,1,True
TCGA-06-0168-01A,TCGA-06-0168,LE/IT,LE/IT,59.0,female,,0.0,Dead,598.0,1,False
TCGA-15-1444-01A,TCGA-15-1444,CT,CT,21.0,male,1.0,1.0,Dead,1537.0,1,True
TCGA-06-0156-01A,TCGA-06-0156,PAN/PNZ,PAN/PNZ,57.0,male,,0.0,Dead,178.0,1,False
TCGA-27-2523-01A,TCGA-27-2523,CT,CT,63.0,male,1.0,0.0,Dead,489.0,1,True
TCGA-06-0130-01A,TCGA-06-0130,HBV/MVP,HBV/MVP,54.0,male,0.0,0.0,Dead,394.0,1,False
TCGA-12-3653-01A,TCGA-12-3653,CT,CT,34.0,female,0.0,0.0,Dead,442.0,1,True
TCGA-28-2514-01A,TCGA-28-2514,LE/IT,LE/IT,45.0,male,0.0,0.0,Alive,160.0,0,False
TCGA-06-0219-01A,TCGA-06-0219,LE/IT,LE/IT,67.0,male,,0.0,Dead,22.0,1,False
TCGA-06-0747-01A,TCGA-06-0747,CT,CT,53.0,male,,0.0,Dead,82.0,1,True
TCGA-06-5859-01A,TCGA-06-5859,CT,CT,63.0,male,0.0,0.0,Alive,139.0,0,True
TCGA-41-3915-01A,TCGA-41-3915,PAN/PNZ,PAN/PNZ,48.0,male,1.0,0.0,Dead,360.0,1,False
TCGA-06-0882-01A,TCGA-06-0882,LE/IT,LE/IT,30.0,male,0.0,0.0,Dead,632.0,1,False
TCGA-26-5136-01B,TCGA-26-5136,CT,CT,78.0,female,1.0,0.0,Dead,577.0,1,False
TCGA-19-2624-01A,TCGA-19-2624,CT,CT,51.0,male,0.0,0.0,Dead,5.0,1,False
TCGA-06-5411-01A,TCGA-06-5411,LE/IT,LE/IT,51.0,male,0.0,0.0,Dead,254.0,1,False
TCGA-16-0846-01A,TCGA-16-0846,LE/IT,LE/IT,85.0,male,1.0,0.0,Dead,119.0,1,False
TCGA-06-0644-01A,TCGA-06-0644,PAN/PNZ,PAN/PNZ,71.0,male,,0.0,Dead,384.0,1,False
TCGA-28-5204-01A,TCGA-28-5204,CT,CT,72.0,male,0.0,0.0,Dead,454.0,1,True
TCGA-19-2620-01A,TCGA-19-2620,CT,CT,70.0,male,1.0,0.0,Dead,148.0,1,False
TCGA-32-4213-01A,TCGA-32-4213,HBV/MVP,HBV/MVP,47.0,female,1.0,0.0,Alive,604.0,0,False
TCGA-06-0141-01A,TCGA-06-0141,LE/IT,LE/IT,62.0,male,0.0,0.0,Dead,313.0,1,False
TCGA-06-2567-01A,TCGA-06-2567,CT,CT,65.0,male,1.0,0.0,Dead,133.0,1,False
TCGA-06-5418-01A,TCGA-06-5418,PAN/PNZ,PAN/PNZ,75.0,female,0.0,0.0,Dead,83.0,1,False
TCGA-02-2485-01A,TCGA-02-2485,CT,CT,53.0,male,0.0,0.0,Alive,470.0,0,True
TCGA-06-2562-01A,TCGA-06-2562,PAN/PNZ,PAN/PNZ,81.0,male,0.0,0.0,Dead,382.0,1,False
TCGA-28-5207-01A,TCGA-28-5207,LE/IT,LE/IT,71.0,male,0.0,0.0,Dead,343.0,1,False
TCGA-06-0749-01A,TCGA-06-0749,LE/IT,LE/IT,50.0,male,,0.0,Dead,82.0,1,False
TCGA-06-0157-01A,TCGA-06-0157,CT,CT,63.0,female,,0.0,Dead,97.0,1,True
TCGA-15-0742-01A,TCGA-15-0742,CT,CT,65.0,male,,0.0,Dead,419.0,1,True
TCGA-19-2625-01A,TCGA-19-2625,PAN/PNZ,PAN/PNZ,76.0,female,0.0,0.0,Dead,124.0,1,False
TCGA-12-1597-01B,TCGA-12-1597,LE/IT,LE/IT,62.0,female,1.0,0.0,Dead,675.0,1,False
TCGA-06-0210-01A,TCGA-06-0210,PAN/PNZ,PAN/PNZ,72.0,female,,0.0,Dead,225.0,1,False
TCGA-02-0047-01A,TCGA-02-0047,HBV/MVP,HBV/MVP,78.0,male,0.0,0.0,Dead,448.0,1,False
TCGA-06-5416-01A,TCGA-06-5416,PAN/PNZ,PAN/PNZ,23.0,female,0.0,,Alive,204.0,0,False
TCGA-19-1787-01B,TCGA-19-1787,CT,CT,48.0,male,1.0,,Dead,385.0,1,False
TCGA-28-5208-01A,TCGA-28-5208,CT,CT,52.0,male,1.0,0.0,Dead,544.0,1,True
TCGA-32-2615-01A,TCGA-32-2615,CT,CT,62.0,male,0.0,0.0,Dead,485.0,1,False
TCGA-28-2513-01A,TCGA-28-2513,HBV/MVP,HBV/MVP,69.0,female,0.0,0.0,Alive,222.0,0,False
TCGA-08-0386-01A,TCGA-08-0386,PAN/PNZ,PAN/PNZ,74.0,male,,0.0,Dead,548.0,1,False
TCGA-06-0745-01A,TCGA-06-0745,PAN/PNZ,PAN/PNZ,59.0,male,,0.0,Dead,239.0,1,False
TCGA-06-2557-01A,TCGA-06-2557,CT,CT,76.0,male,0.0,0.0,Dead,33.0,1,True
TCGA-16-1045-01B,TCGA-16-1045,PAN/PNZ,PAN/PNZ,49.0,female,1.0,0.0,Dead,883.0,1,False
TCGA-28-2499-01A,TCGA-28-2499,PAN/PNZ,PAN/PNZ,59.0,male,0.0,0.0,Not Reported,95.0,0,False
TCGA-02-0055-01A,TCGA-02-0055,PAN/PNZ,PAN/PNZ,62.0,female,0.0,0.0,Dead,76.0,1,False
TCGA-06-0132-01A,TCGA-06-0132,LE/IT,LE/IT,49.0,male,,0.0,Dead,771.0,1,False
TCGA-06-0138-01A,TCGA-06-0138,PAN/PNZ,PAN/PNZ,43.0,male,,0.0,Dead,737.0,1,False
TCGA-32-2616-01A,TCGA-32-2616,CT,CT,48.0,female,1.0,,Dead,224.0,1,False
TCGA-06-0139-01A,TCGA-06-0139,HBV/MVP,HBV/MVP,40.0,male,0.0,0.0,Dead,362.0,1,False
TCGA-06-0744-01A,TCGA-06-0744,CT,CT,66.0,male,,0.0,Dead,1426.0,1,True
TCGA-06-0178-01A,TCGA-06-0178,LE/IT,LE/IT,38.0,male,,0.0,Dead,2681.0,1,False
TCGA-26-1442-01A,TCGA-26-1442,LE/IT,LE/IT,43.0,male,1.0,1.0,Alive,953.0,0,False
TCGA-27-2526-01A,TCGA-27-2526,CT,CT,79.0,female,0.0,0.0,Dead,87.0,1,True
TCGA-19-2619-01A,TCGA-19-2619,CT,CT,55.0,female,1.0,0.0,Alive,294.0,0,True
TCGA-06-0125-01A,TCGA-06-0125,CT,CT,63.0,female,1.0,0.0,Dead,1448.0,1,True
TCGA-14-1823-01A,TCGA-14-1823,PAN/PNZ,PAN/PNZ,58.0,female,1.0,0.0,Dead,543.0,1,False
TCGA-06-0187-01A,TCGA-06-0187,PAN/PNZ,PAN/PNZ,69.0,male,,0.0,Dead,828.0,1,False
TCGA-26-5132-01A,TCGA-26-5132,PAN/PNZ,PAN/PNZ,74.0,male,1.0,0.0,Alive,286.0,0,False
TCGA-14-1034-01A,TCGA-14-1034,CT,CT,60.0,female,1.0,0.0,Dead,485.0,1,False
TCGA-12-0619-01A,TCGA-12-0619,PAN/PNZ,PAN/PNZ,60.0,male,,0.0,Dead,1062.0,1,False
TCGA-06-0750-01A,TCGA-06-0750,HBV/MVP,HBV/MVP,43.0,male,,0.0,Dead,28.0,1,False
TCGA-32-2634-01A,TCGA-32-2634,LE/IT,LE/IT,82.0,male,1.0,0.0,Alive,693.0,0,False
TCGA-41-2572-01A,TCGA-41-2572,CT,CT,67.0,male,0.0,0.0,Dead,406.0,1,True
TCGA-28-1747-01C,TCGA-28-1747,CT,CT,44.0,male,1.0,0.0,Dead,77.0,1,True
TCGA-27-2519-01A,TCGA-27-2519,CT,CT,48.0,male,0.0,0.0,Dead,550.0,1,False
TCGA-26-5134-01A,TCGA-26-5134,CT,CT,74.0,male,0.0,0.0,Alive,167.0,0,True
TCGA-06-1804-01A,TCGA-06-1804,LE/IT,LE/IT,81.0,female,1.0,0.0,Dead,414.0,1,False
TCGA-14-1829-01A,TCGA-14-1829,PAN/PNZ,PAN/PNZ,57.0,male,0.0,0.0,Alive,218.0,0,False
TCGA-06-0184-01A,TCGA-06-0184,CT,CT,63.0,male,,0.0,Dead,2126.0,1,False
TCGA-32-2638-01A,TCGA-32-2638,HBV/MVP,HBV/MVP,67.0,male,1.0,0.0,Dead,766.0,1,False
TCGA-12-3652-01A,TCGA-12-3652,PAN/PNZ,PAN/PNZ,60.0,male,0.0,0.0,Dead,1062.0,1,False
TCGA-28-5209-01A,TCGA-28-5209,CT,CT,66.0,female,1.0,0.0,Alive,442.0,0,True
TCGA-76-4925-01A,TCGA-76-4925,PAN/PNZ,PAN/PNZ,76.0,male,1.0,0.0,Dead,146.0,1,False
