zone,collection,Term,NES,NOM p-val,FDR q-val,Lead_genes
CT,Hallmark,HALLMARK_E2F_TARGETS,3.1931096357309046,0.0,0.0,CBX5;MCM4;BRCA1;BARD1;SMC1A;MXD3;ILF3;DNMT1;PAICS;E2F8;TOP2A;PRKDC;NASP;CTCF;BUB1B;KIF2C;PCNA;CENPE;GINS1;RAD51AP1;NME1;ASF1B;NBN;CDKN2C;ATAD2;ORC6;EZH2;PSIP1;HMGB2;HMGB3;CDC25B;SMC4;LMNB1;GINS4;CDC25A;MKI67;RNASEH2A;MMS22L;RAD50;SPAG5;AURKA;POLE;HELLS;PTTG1;CDCA3;MCM3;SPC25;MCM6;NCAPD2;PLK4;CHEK1;TACC3;RFC2;KIF4A;UBE2S;SHMT1;NUP205;RFC1;LUC7L3;RRM2;CCNB2;NUP153;MCM5;CENPM;RACGAP1;KIF22;MYBL2;UBR7;ESPL1;MELK;TRIP13;BRCA2;NUP107;KIF18B;CDC20;TCF19;PRPS1;SPC24;PSMC3IP;TIMELESS;XPO1;RFC3;MCM2;MCM7;LIG1;SYNCRIP;GINS3;TMPO;RBBP7;DLGAP5;CSE1L;CDCA8;WDR90;DCLRE1B;SUV39H1;UBE2T;AURKB;CCNE1;CDK1;HMMR;PLK1;NOP56;SRSF1;RPA1;USP1;BIRC5;POLA2;POLD1;PA2G4;PPM1D;UNG;CDKN3;HNRNPD;DSCC1;PPP1R8;MSH2;POLD3;DEPDC1;LBR;TBRG4;KPNA2;TUBG1;SMC3
CT,Hallmark,HALLMARK_G2M_CHECKPOINT,2.9880500063244173,0.0,0.0,DKC1;BARD1;SMC1A;NUSAP1;KIF15;ILF3;CENPF;MEIS1;CHAF1A;PBK;HNRNPU;TOP2A;NASP;CTCF;TPX2;RBM14;CBX1;KIF2C;CENPE;BUB1;CDKN2C;ORC6;EZH2;EXO1;HMGB3;RAD54L;CDC25B;SMC4;LMNB1;TTK;UBE2C;CDC25A;SMC2;MKI67;E2F1;AURKA;KPNB1;PRC1;POLE;PTTG1;POLQ;NDC80;MCM3;CENPA;NCL;MCM6;RBL1;PLK4;FBXO5;DTYMK;CHEK1;GINS2;TACC3;KIF23;NEK2;SFPQ;KIF4A;UBE2S;CDC7;DBF4;CCNB2;MCM5;RACGAP1;KIF22;CCNA2;MYBL2;ESPL1;ODC1;BRCA2;CASP8AP2;CDC45;CDC20;STIL;TRAIP;KIF11;MARCKS;XPO1;MCM2;SYNCRIP;TOP1;TMPO;TFDP1;SUV39H1;AURKB;CDK1;HMMR;PLK1;E2F3;E2F2;MEIS2;SRSF1;EWSR1;TNPO2;BIRC5;POLA2;CDKN3;HNRNPD;KIF20B;SRSF10;SQLE;WRN;LBR;KPNA2;FANCC;UPF1;CCNF;TROAP
CT,Hallmark,HALLMARK_SPERMATOGENESIS,1.6981194140621212,0.0,0.0039045333153037423,SPATA6;KIF2C;BUB1;EZH2;NCAPH;ARL4A;TTK;ZC3H14;AURKA;TLE4;NEK2;DBF4;CCNB2;PACRG;DCC;YBX2;TOPBP1;DDX4;CNIH2;GSG1;CDK1;SCG3;TKTL1;MLF1;CDKN3;PCSK1N;STRBP;PAPOLB;PARP2;MAST2;HBZ;PRKAR2A;RFC4;PEBP1
CT,Hallmark,HALLMARK_MITOTIC_SPINDLE,1.7264857653892682,0.0,0.0041017319675918104,CCDC88A;SMC1A;NUSAP1;KIF15;CENPF;CKAP5;SASS6;TOP2A;TPX2;CNTRL;KIF1B;OPHN1;KIF2C;CENPE;BUB1;APC;ARL8A;KNTC1;SMC4;LMNB1;TTK;EZR;DST;AURKA;PRC1;ALMS1;NDC80;PREX1;FBXO5;KIF23;NEK2;KIF4A;RFC1;CCNB2;CLIP2;RACGAP1;KIF22;ESPL1;ECT2;BRCA2;CDK5RAP2;CEP192;KIF11;MARCKS;SAC3D1;DLGAP5;NF1;CDK1;PLK1;ANLN;MYH10;BIRC5;CENPJ;CDC42EP4;NIN;CLASP1;EPB41L2;HDAC6;KPTN;KIF20B
CT,Hallmark,HALLMARK_MYC_TARGETS_V2,1.517615003551716,0.009328358208955223,0.0230959061559785,MCM4;PRMT3;HSPE1;TMEM97;SORD;PLK4;UTP20;MCM5;TCOF1;SRM;HSPD1;PLK1;NOP56;SLC29A2;CBX3;PA2G4;UNG;TBRG4;SLC19A1;RRP9;MYBBP1A;NOP2
CT,Hallmark,HALLMARK_BILE_ACID_METABOLISM,1.4663024699847675,0.023214285714285715,0.03115738706151471,SLC35B2;FADS2;FADS1;ABCD2;NUDT12;AR;BBOX1;IDH1;SLCO1A2;PEX1;ABCD3;ABCA3;PEX12;EFHC1;SCP2;ABCA2;PEX11A;LIPE;NR1H4;PECR;CROT;PXMP2;HSD17B4;PIPOX;HSD17B6;FDXR;TTR;RBP1;LONP2
CT,Hallmark,HALLMARK_NOTCH_SIGNALING,1.363492888285179,0.07335907335907337,0.06510936073831175,LFNG;MAML2;TCF7L2;PRKCA;NOTCH1;FZD5;DLL1;PSENEN;KAT2A
CT,Hallmark,HALLMARK_KRAS_SIGNALING_DN,1.3092438592742686,0.03488372093023256,0.09258476724924783,BARD1;LFNG;KLHDC8A;C5;KCNQ2;MYH7;SHOX2;CELSR2;BMPR1B;CDKAL1;IFI44L;DCC;GAMT;YBX2;TLX1;GRID2;SNN;TGFB2;PRODH;FGFR3;GPR19;SLC25A23;SLC38A3;TCF7L1;SOX10;CNTFR;IL5;PDE6B;MYOT;UPK3B;TFAP2B;TEX15;SPHK2;SPTBN2;RSAD2;ARPP21;RYR1;CAPN9;EGF;TAS2R4;SPRR3;KCND1;TFCP2L1;MTHFR
CT,Hallmark,HALLMARK_DNA_REPAIR,1.0780222114125328,0.30412371134020616,0.45376724549166314,ERCC4;POLA1;PCNA;MRPL40;UPF3B;PDE4B;POLR2J;NME1;DGCR8;NCBP2;DCTN4;REV3L;NME4;VPS37B;NME3;PRIM1;RFC2;CSTF3;RFC3;SMAD5;LIG1;SAC3D1
CT,Hallmark,HALLMARK_MYC_TARGETS_V1,1.0396831924532206,0.3475409836065574,0.5122274432913018,HNRNPA2B1;MCM4;HSPE1;LSM7;HNRNPU;PCNA;NME1;NCBP2;KPNB1;MCM6;TARDBP;MCM5;CCNA2;FAM120A;ODC1;SRM;CDC45;CDC20;XPO1;MCM2;MCM7;SYNCRIP;HNRNPA3;HDGF;TFDP1;NCBP1;HSPD1;SNRPA;U2AF1;RUVBL2;NOP56;SRSF1;SNRPG;PPM1G;STARD7;CLNS1A;USP1;CBX3;CAD;PA2G4;HNRNPD;SSBP1;NHP2;KPNA2;HNRNPR;TUFM;SRSF2;GSPT1;RRP9;ILF2;SERBP1;TYMS;TRA2B;RNPS1;TRIM28;RFC4;SET
CT,Hallmark,HALLMARK_HEDGEHOG_SIGNALING,0.9706189175143494,0.5035714285714286,0.6095410342224176,HEY1;OPHN1;PTCH1;CDK6;SLIT1;NF1;NRCAM;CNTFR
CT,Hallmark,HALLMARK_INTERFERON_ALPHA_RESPONSE,0.9868616816049455,0.4828767123287671,0.612764335829817,TRIM14;CNP;PNPT1;PARP9;EIF2AK2;IFI44L;GMPR;TRIM25;USP18;IFIH1;TXNIP;SAMD9L;TRAFD1;HERC6;SAMD9;RTP4;LAP3;LGALS3BP;SP110;TRIM26;IFI44;RSAD2;IRF2;OAS1;OGFR;PSMB9;PARP12;TAP1;CXCL11;IRF7;MX1
CT,Hallmark,HALLMARK_WNT_BETA_CATENIN_SIGNALING,0.840256147646044,0.7435897435897436,0.8918354557109163,HEY1;CCND2;PTCH1;NOTCH1;SKP2;DLL1;NKD1;KAT2A;FRAT1;AXIN1;DVL2;NCOR2;TP53
CT,Hallmark,HALLMARK_PANCREAS_BETA_CELLS,0.6556433022566344,0.9397810218978102,0.9897569385754369,NKX2-2;PAX6;DCX;ELP4;SRP14;INSM1;FOXO1;NEUROD1;ABCC8
CT,GO,GO_DNA_DEPENDENT_ATPASE_ACTIVITY,2.627770903103797,0.0,0.0,BLM;CHD7;MCM4;XRCC2;RUVBL1;TOP2A;CHD4;SMARCA4;MCM8;GINS1;NBN;GTF2F2;BPTF;XRCC3;RAD54L;GINS4;RECQL4;BRIP1;RAD50;POLQ;TTF2;MCM3;MCM6;GINS2;RFC2;CHD6;RFC1;MCM5;TOP2B;DNA2;CDC45;DHX9;RAD54B;MSH6;RFC3;RECQL5;MCM2;DDX12P;MCM7;DDX11;RTEL1;HLTF;CHD9;CHTF18;ERCC6L;CHD1;RUVBL2;RFC5;SMARCA5;HFM1;DSCC1;MSH2;WRN;CHD8;SMARCAD1;ASCC3;NAV2;ZRANB3
CT,GO,GO_DNA_HELICASE_ACTIVITY,2.612420212264025,0.0,0.0,BLM;CHD7;MCM4;RUVBL1;CHD4;MCM8;GINS1;NBN;GTF2F2;GINS4;RECQL4;BRIP1;RAD50;POLQ;MCM3;MCM6;GINS2;RFC2;CHD6;MCM5;DNA2;CDC45;DHX9;RAD54B;RFC3;RECQL5;MCM2;DDX12P;MCM7;DDX11;RTEL1;CHD9;CHTF18;ERCC6L;CHD1;RUVBL2;RFC5;HFM1;DSCC1;WRN;CHD8;SMARCAD1;ASCC3;NAV2
CT,GO,GO_DNA_CONFORMATION_CHANGE,2.599262536019262,0.0,0.0,PARP1;HNRNPA2B1;BLM;CHD7;MCM4;NUSAP1;NCAPD3;OIP5;CHAF1A;NCAPG2;RUVBL1;TOP2A;SOX9;NASP;CTCF;CHD4;HJURP;MCM8;GINS1;ASF1B;NBN;GTF2F2;NCAPG;CENPO;NCAPH;HMGB2;HMGB3;RAD54L;SMC4;CENPK;GINS4;RECQL4;SMC2;BRIP1;RAD50;HELLS;POLQ;HP1BP3;MCM3;CENPA;MCM6;NCAPD2;SYCP3;GINS2;RFC2;CHD6;CENPQ;CDCA5;NAP1L4;MCM5;CENPM;NIPBL;CDAN1;TOP2B;DNA2;CDC45;DHX9;RAD54B;CCNB1;CHAF1B;RFC3;RECQL5;MCM2;DDX12P;MCM7;DDX11;TOP1;SMCHD1;RBBP7;RTEL1;CHD9;HMGB1;TOP3A;CHTF18;TPR;ERCC6L;CDK1;CHD1;RUVBL2;RPA1;RFC5;SMARCA5;HFM1;CENPL;SIRT6;ACIN1;NAA60;DSCC1;GATAD1;SSBP1;RSF1;CENPI;KAT6A;WRN;CHD8;ERCC8;CENPN;ASH1L;CENPH;SMARCAD1;ASCC3;NAP1L3;NAV2;ZRANB3;TSPYL4
CT,GO,GO_DNA_REPLICATION,2.592077384450467,0.0,0.0,BLM;NFIA;MCM4;BRCA1;CCDC88A;BARD1;CDT1;POLA1;CHAF1A;E2F8;DTL;CDK2AP1;NASP;NT5M;CCNE2;PCNA;ESCO2;ATAD5;MCM8;GINS1;NFIB;NBN;ORC6;GLI2;EXO1;GMNN;GINS4;RECQL4;EME1;RNASEH2A;MMS22L;BRIP1;RAD50;REV3L;POLE;REPIN1;POLQ;E2F7;MCM10;CLSPN;MCM3;MCM6;WDHD1;RFWD3;FBXO5;PRIM1;CHEK1;GINS2;RFC2;ANKRD17;CDC7;TERF1;DBF4;RBBP8;RFC1;RRM2;ORC4;MCM5;GEN1;CCNA2;FAM111A;CDAN1;RMI1;BRCA2;DNA2;CDC45;DHX9;REV1;LRWD1;CHAF1B;TIMELESS;RFC3;RECQL5;NFIX;MCM2;MCM7;TOPBP1;LIG1;DDX11;GINS3;TOP1;RBBP7;RTEL1;NUCKS1;POLE2;EHMT2;TOP3A;CHTF18;RMI2;CCNE1;CDK1;RBBP6;RPA1;NFIC;RFC5;KAT7;POLA2;POLD1;EGFR;ID3;DSCC1;SSBP1;ETAA1;FANCM;POLD3;RAD9A;WRN;ATRIP;UPF1;SMC3;ESCO1;ING5;RAD9B;RAC1;ZRANB3;FEN1;DONSON;ATM;TIPIN;MCMDC2;PDS5A;CDC6;SLX4;RFC4;SET;DBF4B;ATRX;POLI;ORC3;CHEK2;MSH3;USP37;PIF1;ZNF365;TP53;POLH;CDC34;EXD2;MCM9;ORC1;SAMHD1;HELB;POLD2;SUPT16H;E4F1;WDR18;ATR;RBBP4
CT,GO,GO_DNA_DEPENDENT_DNA_REPLICATION,2.5897593269049506,0.0,0.0,BLM;MCM4;CDT1;POLA1;E2F8;CDK2AP1;CCNE2;PCNA;ATAD5;GINS1;NBN;ORC6;GMNN;GINS4;RECQL4;EME1;MMS22L;REV3L;POLE;POLQ;E2F7;MCM10;MCM3;MCM6;WDHD1;RFWD3;FBXO5;PRIM1;GINS2;RFC2;CDC7;TERF1;DBF4;RFC1;ORC4;MCM5;GEN1;BRCA2;DNA2;CDC45;LRWD1;TIMELESS;RFC3;RECQL5;MCM2;MCM7;LIG1;DDX11;GINS3;RTEL1;NUCKS1;POLE2;CHTF18;CCNE1;RPA1;RFC5;POLA2;POLD1;DSCC1;SSBP1;ETAA1;FANCM;POLD3;WRN;UPF1;ZRANB3;FEN1;DONSON;TIPIN;MCMDC2;CDC6;RFC4;DBF4B;ATRX;ORC3;CHEK2;MSH3;ZNF365;CDC34;EXD2;MCM9;ORC1;SAMHD1;HELB;POLD2
CT,GO,GO_CELL_CYCLE_DNA_REPLICATION,2.5857685300351716,0.0,0.0,MCM4;CDT1;POLA1;E2F8;PCNA;ATAD5;GINS1;GMNN;POLE;E2F7;MCM3;MCM6;FBXO5;PRIM1;RFC2;CDC7;TERF1;DBF4;RFC1;MCM5;BRCA2;DNA2;CDC45;RFC3;MCM2;MCM7;LIG1;RTEL1;POLE2;RPA1;RFC5;POLA2;POLD1;POLD3;UPF1;FEN1;DONSON;TIPIN;RFC4;DBF4B;ATRX;ORC3;CHEK2
CT,GO,GO_CONDENSED_CHROMOSOME,2.5806710003512947,0.0,0.0,BLM;NSL1;BRCA1;SMC1A;NCAPD3;CDT1;CENPF;CKAP5;RASSF2;NCAPG2;HNRNPU;TOP2A;CTCF;BUB1B;KIF2C;CENPE;BUB1;HJURP;NUF2;PHF2;NCAPG;CENPO;NCAPH;BAZ1B;HMGB2;KNTC1;SMC4;CENPK;SMC2;MKI67;RAD50;SPAG5;AURKA;PHF6;NDC80;CENPA;SPC25;NCAPD2;NDE1;SYCP3;CHEK1;NEK2;CDCA5;SKA3;SKA2;SKA1;CENPM;NUP133;BRCA2;NUP107;CCNB1;LRWD1;SPC24;TOPBP1;AHCTF1;DDX11;STAG3L3;FANCD2;HMGB1;ZNF276;SUV39H1;RGS12;TP53BP1;ERCC6L;AURKB;PLK1;STAG3L2;SMARCA5;CENPB;NUP43;BIRC5;CBX3;CLASP2;STAG2;CHAMP1;CLASP1;STAG3L4;RAD9A;NOL6;TUBG1;SMC3;CENPN;ZWINT;RAD9B;CENPH;RIF1;MLH1;REC8;L3MBTL1;SMC6;SMC5;RRS1;KANSL1;ZWILCH;ZNF207;SYCE2;ATRX;HORMAD2
CT,GO,GO_RECOMBINATIONAL_REPAIR,2.5632767708334523,0.0,0.0,PARP1;BLM;MCM4;BRCA1;FIGN;MAGEF1;ERCC4;XRCC2;MCM8;RAD51AP1;NBN;XRCC3;RAD54L;GINS4;RECQL4;MMS22L;RAD50;REV3L;POLQ;MCM3;MCM6;FUS;RFWD3;CHEK1;GINS2;SFPQ;CDC7;RBBP8;FIGNL1;MCM5;FANCB;GEN1;NIPBL;RMI1;BRCA2;CDC45;RAD54B;TIMELESS;RECQL5;MCM2;MCM7;SMCHD1;RTEL1;NUCKS1;SETD2;TP53BP1;RMI2;RPA1;SIRT6;ZFYVE26;FAN1;PARPBP;KDM1A;MAD2L2;WRN;RIF1;REC8;FEN1;ATM;SMC5;MCMDC2;TEX15
CT,GO,GO_DNA_STRAND_ELONGATION,2.5332296655211137,0.0,0.0,MCM4;POLA1;PCNA;GINS1;NBN;GINS4;RAD50;POLE;MCM3;GINS2;DNA2;RFC3;MCM7;LIG1;GINS3;NUCKS1;DCLRE1B
CT,GO,GO_HELICASE_ACTIVITY,2.4880945403993455,0.0,0.0,BLM;CHD7;MCM4;SNRNP200;RUVBL1;CHD4;SMARCA4;MCM8;GINS1;NBN;GTF2F2;DDX49;RAD54L;GINS4;RECQL4;DHX33;BRIP1;RAD50;HELLS;POLQ;TTF2;MCM3;MCM6;GINS2;RFC2;CHD6;MCM5;DHX57;DNA2;CDC45;DHX9;RAD54B;DDX46;RFC3;RECQL5;MCM2;DDX12P;MCM7;DDX11;DDX52;DDX4;RTEL1;HLTF;CHD9;DHX35;CHTF18;ERCC6L;IFIH1;CHD1;RUVBL2;RFC5;SMARCA5;HFM1;DDX59;EP400;AQR;DHX40;DSCC1;DDX23;DDX19A;FANCM;SRCAP;WRN;UPF1;CHD8;ERCC6L2;DHX29;SMARCAD1;DICER1;ASCC3;NAV2;DHX8;DHX34;DHX37;DDX27;RFC4;HELZ;ATRX
CT,GO,GO_CHROMOSOMAL_REGION,2.481844477336726,0.0,0.0,PARP1;HNRNPA2B1;BLM;SALL1;CBX5;MCM4;NSL1;SMC1A;NCAPD3;CDT1;CENPF;OIP5;ERCC4;DNMT1;CKAP5;RASSF2;HNRNPU;PRKDC;CTCF;BUB1B;CBX1;KIF2C;PCNA;CENPE;BUB1;ESCO2;HJURP;APC;NBN;NUF2;XRCC3;PHF2;EZH2;NCAPG;CENPO;BAZ1B;KNTC1;KAT2B;CENPK;TTK;RECQL4;RAD50;DCTN4;SPAG5;AURKA;PHF6;HELLS;NDC80;MCM3;CENPA;SPC25;MCM6;NCAPD2;NDE1;SYCP3;MTBP;CHEK1;NEK2;PPP1R10;CENPQ;CDCA5;TERF1;SKA3;KIF18A;SKA2;ORC4;SKA1;MCM5;TNKS;CENPM;KIF22;SIRT2;MBD5;NUP133;BRCA2;NUP107;DNA2;CCNB1;LRWD1;SPC24;XPO1;MCM2;MCM7;AHCTF1;SMCHD1;RTEL1;CDCA8;DCLRE1B;ZNF276;SUV39H1;TPR;TP53BP1;ERCC6L;AURKB;CDK1;THOC2;PLK1;RCC2;RPA1;CENPB;NUP43;TELO2;CENPL;SIRT6;TRAPPC12;BIRC5;CBX3;CLASP2;DCLRE1C;POLD1;STAG2;CHAMP1;KDM1A;CLASP1;DSCC1;CENPI;MSH2;NHP2;WRN;UPF1;SMC3;CENPN;WDR82;ZWINT;CENPH;RIF1;DNMT3A;REC8;FEN1;SMC6;DCLRE1A
CT,GO,GO_CHROMOSOME_CENTROMERIC_REGION,2.4688418330736392,0.0,0.0,CBX5;NSL1;SMC1A;NCAPD3;CDT1;CENPF;OIP5;DNMT1;CKAP5;RASSF2;HNRNPU;CTCF;BUB1B;CBX1;KIF2C;CENPE;BUB1;ESCO2;HJURP;APC;NUF2;PHF2;NCAPG;CENPO;BAZ1B;KNTC1;KAT2B;CENPK;TTK;DCTN4;SPAG5;AURKA;PHF6;HELLS;NDC80;CENPA;SPC25;NCAPD2;NDE1;SYCP3;MTBP;NEK2;CENPQ;CDCA5;SKA3;KIF18A;SKA2;SKA1;CENPM;KIF22;NUP133;NUP107;CCNB1;LRWD1;SPC24;XPO1;AHCTF1;CDCA8;ZNF276;SUV39H1;TPR;TP53BP1;ERCC6L;AURKB;PLK1;RCC2;CENPB;NUP43;CENPL;TRAPPC12;BIRC5;CBX3;CLASP2;STAG2;CHAMP1;CLASP1;DSCC1
CT,GO,GO_DNA_GEOMETRIC_CHANGE,2.468030061753429,0.0,0.0,PARP1;HNRNPA2B1;BLM;CHD7;MCM4;RUVBL1;TOP2A;CHD4;MCM8;GINS1;NBN;GTF2F2;HMGB2;HMGB3;RAD54L;GINS4;RECQL4;BRIP1;RAD50;POLQ;MCM3;MCM6;GINS2;RFC2;CHD6;MCM5;DNA2;CDC45;DHX9;RAD54B;RFC3;RECQL5;MCM2;DDX12P;MCM7;DDX11;RTEL1;CHD9;HMGB1;CHTF18;ERCC6L;CHD1;RUVBL2;RPA1;RFC5;HFM1;DSCC1;SSBP1;WRN;CHD8;ERCC8;SMARCAD1;ASCC3;NAV2;ZRANB3
CT,GO,GO_CONDENSED_CHROMOSOME_CENTROMERIC_REGION,2.467004698472349,0.0,0.0,NSL1;SMC1A;NCAPD3;CDT1;CENPF;CKAP5;RASSF2;HNRNPU;BUB1B;KIF2C;CENPE;BUB1;HJURP;NUF2;PHF2;NCAPG;CENPO;KNTC1;CENPK;SPAG5;AURKA;PHF6;NDC80;CENPA;SPC25;NCAPD2;NDE1;NEK2;SKA3;SKA2;SKA1;CENPM;NUP133;NUP107;CCNB1;LRWD1;SPC24;AHCTF1;ZNF276;TP53BP1;ERCC6L;AURKB;PLK1;CENPB;NUP43;BIRC5;CBX3;CLASP2;CHAMP1;CLASP1
CT,GO,GO_KINETOCHORE,2.4122235362881583,0.0,0.0,CBX5;NSL1;SMC1A;CDT1;CENPF;CKAP5;RASSF2;HNRNPU;BUB1B;KIF2C;CENPE;BUB1;HJURP;APC;NUF2;PHF2;CENPO;KNTC1;KAT2B;CENPK;TTK;DCTN4;SPAG5;PHF6;NDC80;CENPA;SPC25;NDE1;MTBP;NEK2;CENPQ;SKA3;KIF18A;SKA2;SKA1;CENPM;KIF22;NUP133;NUP107;CCNB1;LRWD1;SPC24;XPO1;AHCTF1;ZNF276;TPR;TP53BP1;ERCC6L;AURKB;PLK1;NUP43;TRAPPC12;BIRC5;CLASP2;CHAMP1;CLASP1
HBV/MVP,Hallmark,HALLMARK_EPITHELIAL_MESENCHYMAL_TRANSITION,2.7732385426168094,0.0,0.0,COL3A1;DCN;IGFBP4;NID2;LUM;FBN1;FN1;FSTL1;MXRA5;COL1A2;CDH11;COL5A2;PDGFRB;TPM1;CALD1;ITGB1;LAMC1;ECM1;SERPINH1;SNAI2;COL4A1;COL12A1;COL4A2;ACTA2;COL1A1;PCOLCE;TPM4;LAMA2;TPM2;CTHRC1;ADAM12;MGP;THY1;MYL9;SPARC;COL6A3;COL5A3;CDH6;DAB2;MATN3;TAGLN;SNTB1;THBS1;ANPEP;PMEPA1;CD59;FBLN1;BMP1;COL5A1;TGFBI;MYLK;WIPF1;TGM2;CXCL12;ITGA5;PLOD1;VEGFC;ITGA2;ECM2;GPX7;COL7A1;AREG;FAP;BGN;ITGAV;QSOX1;MMP14;LOXL2;TGFB1;CALU;COL6A2;PRRX1;GEM;ITGB5;COL16A1;ITGB3;LGALS1;SLIT3;NOTCH2;IL32;TNFAIP3;TIMP3;MSX1;RHOB;PPIB;PVR;TIMP1;LOXL1;EFEMP2;FAS;FERMT2;LOX;LAMC2;SLIT2;EDIL3;MMP2;HTRA1;CXCL1;COPA;PLAUR;INHBA;POSTN;MMP1;GLIPR1;VIM;FLNA;CXCL6
HBV/MVP,Hallmark,HALLMARK_ALLOGRAFT_REJECTION,2.7052852658503146,0.0,0.0,CD40;LCP2;IL4R;THY1;ETS1;IL2RB;ZAP70;F2R;MMP9;PF4;GALNT1;PRF1;SRGN;STAB1;UBE2D1;EIF3A;IFNGR1;HLA-E;IFNAR2;ST8SIA4;CD3D;GZMA;CD1D;TGFB1;LCK;CFP;CD2;LYN;CTSS;CD4;HCLS1;CCR2;B2M;IL27RA;TRAT1;IL2RA;HLA-DRA;CD3G;GPR65;PTPRC;CD28;CXCL9;IL7;DEGS1;PTPN6;TLR1;TIMP1;CD3E;HLA-DQA1;BCL10;FAS;FGR;CD96;RPL39;HLA-DOA;IFNG;JAK2;HLA-DMB;CD247;ELF4;EIF5A;HLA-A;HLA-DMA;CCL19;LTB;INHBA;CXCR3;RPS3A;IFNGR2;IL18;CCL13;FLNA;CCL4;IL16;CCR5;TAP2;CD8B;TLR2;CD8A;SOCS5;STAT4;NCK1;IL2RG;UBE2N;PRKCB;IL15;EIF4G3;MRPL3;NCF4;RPL9;CCL5;NOS2;SPI1;RPS9;GZMB;TLR6;ITK;SIT1;EIF3J;FCGR2B;CD80;TNF;CXCL13;CD86;MAP4K1;IRF8;HIF1A;RIPK2;WAS;BCL3;EIF3D;DYRK3;ABCE1;IL10;BRCA1;LY75;CD7;CDKN2A
HBV/MVP,Hallmark,HALLMARK_INTERFERON_GAMMA_RESPONSE,2.534618881853561,0.0,0.0,CD40;CFH;LATS2;LCP2;IL4R;PNP;IL2RB;EPSTI1;IFI44;CASP4;IFI27;TNFSF10;CASP7;IFITM2;CMKLR1;SPPL2A;CASP3;P2RY14;OAS2;IFNAR2;ST8SIA4;VAMP8;GZMA;CASP8;PSMA3;IL15RA;FGL2;PSME2;CSF2RB;SAMHD1;TNFAIP6;MYD88;NCOA3;NMI;NOD1;B2M;GBP4;NFKB1;VAMP5;STAT2;BTG1;ISG15;IFITM3;TNFAIP3;CXCL9;IL7;HLA-DRB1;DDX58;PTPN6;PSMB8;PELI1;RIPK1;MX2;MVP;TOR1B;HLA-DQA1;PARP14;FAS;PSME1;GCH1;PLA2G4A;XAF1;IL10RA;JAK2;KLRK1;SLAMF7;HLA-A;HLA-DMA;PTPN2;ISG20;CD69;PTPN1;CASP1;PML;LYSMD2;FPR1;PLSCR1;BANK1;NLRC5;HLA-B;STAT4;TXNIP;DDX60;GPR18;IL15;PARP12;MTHFD2;XCL1;CCL5;CIITA;IFI30;PSMA2;TRIM21;IRF2;LAP3;SAMD9L;ZNFX1;PTGS2
HBV/MVP,Hallmark,HALLMARK_ANGIOGENESIS,2.402341575815661,0.0,0.0,COL3A1;LUM;FSTL1;COL5A2;KCNJ8;SLCO2A1;NRP1;JAG2;THBD;PF4;JAG1;PTK2;STC1;PRG2;SERPINA5;ITGAV;S100A4;MSX1;PDGFA;TIMP1;APP;TNFRSF21;POSTN;CXCL6
HBV/MVP,Hallmark,HALLMARK_IL6_JAK_STAT3_SIGNALING,2.2277886608062896,0.0,0.0,ITGA4;CD36;A2M;ACVRL1;IL3RA;IL4R;PF4;LTBR;IL13RA1;IFNGR1;BAK1;IL1R1;MAP3K8;TGFB1;IL15RA;CSF2RB;MYD88;TNFRSF1B;ITGB3;IL10RB;STAT2;IL2RA;CXCL9;LEPR;IL7;CBL;IFNAR1;FAS;PIK3R5;CXCL1;TNFRSF21;LTB;PTPN2;PTPN1;IFNGR2;TLR2;IL2RG;IL17RA;IL18R1
HBV/MVP,Hallmark,HALLMARK_APICAL_JUNCTION,2.220948719810743,0.0,0.0,MPZL2;FBN1;VCL;PARVA;CDH11;ITGB1;PECAM1;ACTG2;MYH9;CD34;VASP;LAYN;MYL12B;THY1;ARPC2;MYL9;ITGA10;VWF;JUP;CAP1;CDH6;SHC1;PTEN;MMP9;RRAS;ICAM2;BMP1;ADAMTS5;CLDN5;RSU1;TGFBI;CNN2;PTK2;ITGA2;CTNND1;MSN;DMP1;PARD6G;MAP4K2;PBX2;CLDN7;MPZL1;ADRA1B;PCDH1;B4GALT1;CD276;PFN1;COL16A1;CLDN14;PIK3R3;COL9A1;SRC;TSPAN4;NEXN;PTPRC;LDLRAP1;TJP1;GNAI1;CDK8;SGCE;LAMC2;SLIT2;MAPK14;MMP2;ACTN4
HBV/MVP,Hallmark,HALLMARK_INTERFERON_ALPHA_RESPONSE,2.196074076427645,0.0,0.0,LPAR6;PROCR;IL4R;EPSTI1;IFI44;IFI27;ELF1;IFITM2;CCRL2;IFITM1;CASP8;PSMA3;PSME2;UBA7;NMI;LAMP3;TRIM5;B2M;NCOA7;GBP4;STAT2;ISG15;IFITM3;IL7;SAMD9;PSMB8;MOV10;PARP14;PSME1;ISG20;CASP1;PLSCR1;TXNIP;DDX60;IL15;PARP12;IFI30;TRIM21;IRF2;LAP3;SAMD9L
HBV/MVP,Hallmark,HALLMARK_COMPLEMENT,2.1849086896091396,0.0,0.0,FN1;SH2B3;CD36;CFH;COL4A2;LCP2;PDGFB;CASP10;CD46;CDA;NOTCH4;CD55;CD59;CASP4;DOCK9;MMP13;CPM;CBLB;CASP7;CASP3;PIK3CG;DGKH;DYRK2;GZMA;MMP14;DUSP6;CA2;CTSC;CPQ;LCK;PFN1;LIPA;DUSP5;LYN;LGMN;CTSS;MMP15;CTSO;ZEB1;APOBEC3G;GNGT2;GZMK;S100A12;PREP;SRC;ADRA2B;TNFAIP3;DOCK10;FCN1;PLAT;TIMP1;XPNPEP1;APOBEC3F;C1QA;KLKB1;USP15;PRSS3;PLA2G4A;KYNU;JAK2;PIK3R5;PIK3CA;CXCL1;GNAI3;GNB4;PLAUR;USP14;RABIF;CASP1;PLSCR1;ERAP2;C1QC;CTSB;SERPINE1;GNAI2;CCL5;F10;ZFPM2;GZMB;IRF2;LAP3;CTSH;S100A9;HSPA5;RCE1;DOCK4
HBV/MVP,Hallmark,HALLMARK_INFLAMMATORY_RESPONSE,2.159116643055994,0.0,0.0,PTGIR;CD40;LCP2;IL4R;KCNJ2;RNF144B;SCARF1;IL2RB;CD55;AXL;TPBG;ADORA2B;TNFSF10;CMKLR1;SELE;CALCRL;EDN1;STAB1;ITGA5;CCRL2;TNFSF15;CHST2;GPC3;IL1R1;IFITM1;DCBLD2;MMP14;LCK;IL15RA;LYN;KLF6;SLAMF1;TNFAIP6;NMI;LAMP3;TNFRSF1B;ITGB3;PTPRE;NFKB1;HBEGF;IL7R;CYBB;CD48;PTGER2;P2RX4;CXCL9;SLC31A1;PVR;TLR1;TIMP1;AHR;IFNAR1;PTGER4;SPHK1;GCH1;C3AR1;IL10RA;PIK3R5;MSR1;C5AR1;LDLR;NMUR1;GPR183;BDKRB1;GNAI3;PLAUR;INHBA;CD69;CXCR6;IFNGR2;IL18;FPR1;CXCL6;SLC7A1;APLNR;TLR2;SERPINE1;IL18R1;IL15
HBV/MVP,Hallmark,HALLMARK_COAGULATION,2.1471964946629476,0.0,0.0,FBN1;FN1;PRSS23;A2M;PECAM1;CTSK;CFH;MMP11;PDGFB;SPARC;VWF;THBS1;THBD;MMP9;PF4;BMP1;F2RL2;FURIN;ITGA2;ARF4;WDR1;MMP14;DUSP6;GSN;CPQ;LGMN;MMP15;CTSO;ITGB3;PREP;TIMP3;ANXA1;GNG12;CRIP2;PROS1;PLAT;TIMP1;CFD;C1QA;KLKB1;CAPN2;PLAU;MMP2;HTRA1
HBV/MVP,Hallmark,HALLMARK_IL2_STAT5_SIGNALING,2.1247765411964994,0.0,0.0,TNFSF11;ECM1;IL3RA;IL4R;LRRC8C;PRKCH;MYO1C;PNP;SHE;NRP1;IL2RB;SLC39A8;ITIH5;SWAP70;F2RL2;ABCB1;TNFRSF4;TNFSF10;ENPP1;FURIN;TGM2;CASP3;SPRY4;CD79B;IFNGR1;PLAGL1;CKAP4;IGF2R;COCH;MYO1E;ADAM19;GSTO1;ITGAV;MAP3K8;BMPR2;ITGA6;MAPKAPK2;CA2;PTH1R;FGL2;KLF6;NCOA3;TNFRSF1B;GBP4;PHLDA1;CD48;PTGER2;IL2RA;IFITM3;CTSZ;GPR65;P2RX4;EOMES;RABGAP1L;RHOB;CISH;TLR7;SLC1A5;SNX9;UCK2;AMACR;AHR;CYFIP1;IL10RA;LCLAT1;SYNGR2;COL6A1;CST7;ITGAE;TNFRSF21;LTB;SNX14;CDC6;AHNAK;CD81;PLSCR1;PUS1;SERPINB6;BATF;XBP1;RHOH;IL18R1;TTC39B;SMPDL3A;PLIN2;UMPS;PHTF2;AGER;SOCS2;PTRH2;ANXA4;BATF3;GLIPR2;RNH1;TNFRSF8;RGS16;BCL2
HBV/MVP,Hallmark,HALLMARK_TGF_BETA_SIGNALING,2.01216917309985,0.0,0.0,ENG;THBS1;PMEPA1;ACVR1;HDAC1;FURIN;FKBP1A;CTNNB1;SMAD6;BMPR2;TGFB1;KLF10;LTBP2;SKIL;WWTR1;UBE2D3;SMURF2;TJP1;SMAD1;CDK9;PPP1CA;ID1;ID3;JUNB;IFNGR2;RHOA
HBV/MVP,Hallmark,HALLMARK_APOPTOSIS,1.996748482062693,0.0,9.052055786526662e-05,DCN;LUM;PDGFRB;AVPR1A;LEF1;KRT18;F2R;LMNA;CASP4;PRF1;DAP;TNFSF10;CASP7;BMF;CTNNB1;CASP3;PTK2;IFNGR1;ROCK1;BGN;IGF2R;MCL1;DNAJC3;PDCD4;MGMT;GSN;CASP8;CD2;BCL2L11;CDK2;CFLAR;IFITM3;TIMP3;RHOB;ANXA1;PLAT;TIMP1;PMAIP1;BCL10;NEDD9;FAS;CCND1;CAV1;GCH1;APP;MMP2;RNASEL;DNAJA1;GPX1;ANKH;ISG20;CD69;ETF1;IL18;IGFBP6;CASP1
HBV/MVP,Hallmark,HALLMARK_G2M_CHECKPOINT,1.9676532854242819,0.0,0.00016810960746406657,RASAL2;SLC12A2;BUB3;MTF2;TGFB1;KIF20B;CDC27;HMMR;CDK1;SRSF1;NOTCH2;DR1;KIF11;CDKN3;KPNA2;SS18;KIF5B;SRSF2;LBR;UCK2;MCM3;MCM6;CCNA2;KIF23;TROAP;NDC80;NUP50;BRCA2;CCND1;SFPQ;STIL;SMC4;E2F3;MAPK14;CENPA;CKS2;HMGN2;CENPE;SMARCC1;CDC20;NUP98;MAD2L1;CDC6;CCNB2;SNRPD1;CKS1B;MKI67;G3BP1;PDS5B;MYBL2;TRA2B;PML;FOXN3;SLC7A1;CDC45;PRC1;TTK;AURKA;KIF4A;AURKB;BIRC5;SQLE;NASP;CCNF;PLK4;GINS2;TMPO;TOP2A;BUB1;FANCC;E2F4;NOLC1;EXO1;HSPA8;NEK2;DMD;RACGAP1;LMNB1;CDK4;KIF2C;HNRNPD;SRSF10;MYC;PRIM2;TFDP1;POLQ;HIF1A;FBXO5;TPX2;BCL3;CDC7;CENPF;PLK1;CHEK1;ATRX;KPNB1;TACC3;XPO1;EZH2;MARCKS;SMC2;WRN;SMC1A;POLA2
HBV/MVP,Hallmark,HALLMARK_TNFA_SIGNALING_VIA_NFKB,1.948429343988372,0.0,0.0002353534504496932,PMEPA1;PHLDA2;F2RL1;KLF2;JAG1;EDN1;ETS2;CCRL2;FUT4;TNFAIP8;AREG;MCL1;IER2;SLC16A6;MAP3K8;PLK2;KLF10;B4GALT1;DUSP5;IL15RA;KLF6;GEM;TNFAIP6;PDLIM5;PTPRE;PHLDA1;NFKB1;HBEGF;NR4A1;BTG1;IL7R;KLF4;CFLAR;DUSP1;TNFAIP3;RHOB;EFNA1;DDX58;MSC;PTGER4;SPHK1;CCND1;MAP2K3;GCH1;PLAU;KYNU;LDLR;DRAM1;SGK1;CXCL1;DNAJB4;GPR183;PNRC1;PLAUR;INHBA;JUNB;CD69;IFNGR2;IL18;RELB;SLC2A6;NR4A2;CCL4;CXCL6;YRDC;TLR2;STAT5A;SERPINE1;NR4A3;TNIP2;TSC22D1;NFKB2;CCL5;SIK1;SPSB1;FJX1;CD80;KLF9;TNF;PTGS2;ZC3H12A;TNFSF9;TNFAIP2;DUSP2;REL;IER3;MYC;HES1;SOCS3;PANX1;PLEK;TRAF1;RIPK2;BCL3;SAT1;SERPINB8
HBV/MVP,GO,GO_EXTRACELLULAR_MATRIX_STRUCTURAL_CONSTITUENT,3.0083097199593363,0.0,0.0,COL3A1;DCN;NID2;LUM;FBN1;FN1;MXRA5;COL1A2;COL18A1;LAMB1;PXDN;HMCN1;COL5A2;COL15A1;NID1;LAMC1;IGFBP7;ECM1;MMRN2;COL4A1;COL12A1;COL4A2;TINAGL1;LAMA4;COL1A1;PCOLCE;LAMA2;CTHRC1;MMRN1;MGP;SPARC;HSPG2;VWF;COL24A1;COL6A3;COL5A3;MFAP2;MATN3;ASPN;AGRN;THBS1;VWA1;FBLN1;COL5A1;TGFBI;COL14A1;HAPLN1;COL7A1;PRG2;BGN;MFGE8;COL13A1;THSD4;COL6A2;FGL2;CD4;EMILIN1;LAMB2;LTBP2;ACAN;COL16A1;SRPX2;COL21A1;COL9A1;PRELP;OGN;LAMA5;LTBP1
HBV/MVP,GO,GO_EXTRACELLULAR_STRUCTURE_ORGANIZATION,2.846065871653464,0.0,0.0,COL3A1;DCN;ITGA8;NID2;LUM;FOXC1;FBN1;FN1;COL1A2;ITGA4;COL18A1;LAMB1;PXDN;PHLDB2;COL5A2;COL15A1;ITGB1;NID1;LAMC1;ITGA1;A2M;PECAM1;SERPINH1;OLFML2A;KDR;CTSK;COL4A1;EGFLAM;COL12A1;COL4A2;LAMA4;MMP11;COL1A1;RECK;RAMP2;PDGFB;LAMA2;ADAM12;ENG;SPARC;ETS1;ITGA10;HSPG2;VWF;COL24A1;COL6A3;COL5A3;FOXF2;MFAP2;MATN3;LAMC3;AGRN;ADAMTS4;THBS1;MMP9;EGFL6;VWA1;ADAMTS2;ICAM2;IBSP;FBLN1;BMP1;ADAMTS5;COL5A1;ICAM3;MMP13;MMP28;TGFBI;FURIN;ANTXR1;CAV2;COL14A1;HAPLN1;ITGA5;ADAM10;PTK2;CRISPLD2;PLOD1;ITGA2;ECM2;COL7A1;ADAMTS14;FOXF1;DMP1;SH3PXD2A;FAP;BGN;MYH11;MMP25;RGCC;MYO1E;ADAM19;ITGAV;COL13A1;ITGA11;ITGA6;QSOX1;MMP14;LOXL2;TGFB1;THSD4;MPZL3;B4GALT1;COL6A2;CTSS;EMILIN1;MMP15;LAMB2;TLL1;TCF15;F11R;ACAN;ITGB5;TNFRSF1B;COL16A1;ITGB3;PHLDB1;SMOC2;COL9A1;CFLAR;LAMA5;COL10A1;APBB2;PDGFA;CYP1B1;ADAMTSL2;SFRP2;TIMP1;LOXL1;ATP7A;RB1;EFEMP2;KLKB1;CAPN2;CAV1;LOX;TEX14;APP;ANXA2;LAMC2;MMP2;HTRA1;LCP1;COL6A1;ITGAE
HBV/MVP,GO,GO_COLLAGEN_CONTAINING_EXTRACELLULAR_MATRIX,2.6222468357403304,0.0,0.0,COL3A1;DCN;NID2;LUM;FBN1;FN1;MXRA5;COL1A2;COL18A1;LAMB1;PXDN;HMCN1;TGFB3;COL5A2;COL15A1;NID1;LAMC1;A2M;IGFBP7;ECM1;SERPINH1;CLEC14A;MMRN2;COL4A1;EGFLAM;COL12A1;COL4A2;TINAGL1;LAMA4;COL1A1;PCOLCE;PDGFB;LAMA2;CTHRC1;MMRN1;MGP;SPARC;HSPG2;VWF;COL24A1;COL6A3;COL5A3;SDC2;ADAMTS1;MFAP2;MATN3;ANXA6;ASPN;CSPG4;LAMC3;AGRN;ADAMTS4;THBS1;MMP9;EGFL6;PF4;VWA1;ADAMTS2;FBLN1;ADAMTS5;ITIH5;COL5A1;MMP28;TGFBI;TGM2;COL14A1;HAPLN1;CXCL12;ECM2;COL7A1;PRG2;GPC3;EGFL7;BGN;COCH;SERPINA5;SEMA7A;ADAM19;MFGE8;COL13A1;ITGA6;LOXL2;TGFB1;THSD4;CTSC;CFP;SERPINB1;COL6A2;FGL2;CTSS;ZP1;EMILIN1;LAMB2;LTBP2;ACAN;COL16A1;SRPX2;S100A4;SERPINB9;ADAMDEC1;LGALS1;TGFB1I1;COL21A1;ANGPTL2;SMOC2;COL9A1;PRELP;OGN;ANXA11;CTSZ;LAMA5;LTBP1;TIMP3;IL7;COL10A1;ITIH2;ANXA1;CPA3;SFRP2;PRG4;FCN1;TIMP1;LOXL1;F13A1;EFEMP2;C1QA;HSP90B1;CLEC3B;ANXA2;LAMC2;EDIL3;MMP2;HTRA1;HNRNPM;COL6A1;DEFA1B;DEFA1
HBV/MVP,GO,GO_ANTIGEN_PROCESSING_AND_PRESENTATION_OF_PEPTIDE_ANTIGEN_VIA_MHC_CLASS_I,2.619612155771623,0.0,0.0,CD36;ACE;SNAP23;SEC31A;SEC24D;SEC13;FCGRT;HLA-E;IDE;SEC23A;ITGAV;VAMP8;PSMA4;PSMA3;PSME2;PSMD13;CYBA;ITGB5;CHUK;MICA;HLA-F;B2M;PSMA7;PSMA5;SEC24C;CYBB;PSME4;PSMB1;VAMP3;PDIA3;PSMB8;PSME1;PSMA1;PSMD5;MICB;CLEC4A;SEC22B;PSMC6;PSMA6;PSMB5;PSMC1;ERAP2;TAP2;HLA-H;NCF4;PSMD6;NCF2;LNPEP;IFI30;CALR;PSMA2;PSMD9
HBV/MVP,GO,GO_BLOOD_VESSEL_ENDOTHELIAL_CELL_MIGRATION,2.6166396756817902,0.0,0.0,ITGB1;CD40;CLEC14A;KDR;MMRN2;ACVRL1;DLL4;MYH9;STARD13;AMOTL1;PDGFB;SOX18;ETS1;HDAC7;NRP1;JUP;ANGPT2;GATA2;EPHA2;THBS1;MAP3K3;EFNB2;NOS3;PPARG;VEGFC;EPHB4;CARD10;RGCC;ANGPT1;VASH1;TMSB4X;TGFB1;PLK2;TBXA2R;RHOJ;MEF2C;PRKD2;SRPX2;SPRED1;PIK3R3;NR4A1;EMP2;KLF4;P2RX4;ANXA1;EFNA1;SP1;MAP2K3;SLIT2;ITGB1BP1;ID1;AKT3;GPX1;SRF;PDCD10;ROBO1;RHOA;NUS1
HBV/MVP,GO,GO_ENDOTHELIAL_CELL_MIGRATION,2.6011741112174125,0.0,0.0,DCN;ITGB1;CD40;PECAM1;CLEC14A;KDR;MMRN2;TEK;PTP4A3;ACVRL1;DLL4;MYH9;STARD13;AMOTL1;NR2F2;PDGFB;SOX18;SPARC;ETS1;HDAC7;NRP1;JUP;FLT4;BMP4;ANGPT2;PLXND1;GATA2;PTEN;EPHA2;THBS1;MAP3K3;PTPRM;EFNB2;FOXP1;NOS3;PPARG;EDN1;PTK2;VEGFC;STC1;FAP;EPHB4;CARD10;RGCC;ANGPT1;VASH1;BMPR2;LOXL2;TMSB4X;TGFB1;PLK2;SP100;TBXA2R;RHOJ;MEF2C;LGMN;GRN;PRKD2;SRPX2;SPRED1;ITGB3;PIK3R3;NRP2;TGFB1I1;NR4A1;EMP2;SMOC2;KLF4;P2RX4;RHOB;ANXA1;EFNA1;CYP1B1;SEMA5A;ROCK2;SP1;BCAR1;MAP2K3;RAB13;PRSS3;PLEKHG5;SLIT2;ITGB1BP1;PIK3CA;ID1;AKT3;GPX1;SYNJ2BP;ADAMTS9;SRF;PDCD10;ROBO1
HBV/MVP,GO,GO_CELL_SUBSTRATE_JUNCTION,2.598490799164975,0.0,0.0,ITGA8;SVIL;TES;VCL;ITGA4;PARVA;PHLDB2;PDGFRB;ITGB1;ITGA1;PDLIM1;TEK;FLT1;PROCR;STARD8;MYH9;MCAM;TPM4;VASP;AJUBA;LAYN;NOX4;ENG;THY1;ARPC2;HSPG2;PEAK1;LASP1;CD46;ARPC1B;NRP1;JUP;JAK1;CAP1;SNAP23;DAB2;ANXA6;CSPG4;SNTB1;PPFIBP1;EPHA2;RRAS;CD59;ARPC5;DLC1;ARHGAP24;PARVB;TSPAN9;KLF11;ARPC3;TNS3;FBLIM1;SHROOM4;SYNPO2;RSU1;GDI2;EFNB2;ACTR2;CNN2;FES;CAV2;TGM2;ARF6;CTNNB1;SH3KBP1;LIMS1;ITGA5;LPP;ADAM10;MPRIP;PTK2;SPRY4;ABCB4;ACTR3;ITGA2;SLC9A3R2;MSN;PPP1R12A;FAP;SNTB2;IGF2R;REXO2;ITGAV;IQGAP1;ITGA11;ILK;RPL23;MPZL1;ITGA6;MMP14;GSN;MTF2;FLNB;LIMS2;TLN1;PFN1;ARHGAP26;FHL2;RPL6;PPP1CC;NUMB;TRIOBP;TNS1;CYBA;ITGB5;ITGB3;SORBS2;P4HB;B2M;XIRP2;YES1;FHL3;MAPRE2;TGFB1I1;CLTC;PTK7;TSPAN4;RPS7;CDC42;RPLP1;RPL10A;NEXN;SENP1;PTPRC;LMO7;RPS17;RHOB;FAT1;PPIB;RRAS2;ANXA1;GIT2;CBL;PVR;PDIA3;ARPC5L;KIF23;SYNE2;PACSIN2;PTPN12;CAT;ITGBL1;RPS3;CTTN;SLC9A1;BCAR1;NEDD9;FERMT2;CAPN2;CAV1;PLAU;CYFIP1;HSP90B1;CNN1;YWHAZ;JAK2;ACTN4;PABPC1;PDLIM7;LCP1;NHS;CORO1C;AFAP1;YWHAB;RPS29;LPXN;RPL27;RPL5;ACTN1;PLAUR;CASS4;AHNAK;G3BP1;RPS3A;RPL12;VIM;CD81;PPIA;PGM5;RHOA;RPS8;FLNA;DDR2;CHP1;DCAF6;FOCAD;CORO1B;ACTG1;RPS18;RPL30;PXN;MRC2;MME;RPL31;PAK1;RPL7A;HCK;RPL9;ARHGEF7
HBV/MVP,GO,GO_B_CELL_RECEPTOR_SIGNALING_PATHWAY,2.588498253325368,0.0,0.0,PRKCH;RFTN1;PLCG2;ELF1;FOXP1;CD79B;PIK3CD;RUNX1;CMTM3;LCK;MEF2C;LYN;PLEKHA1;PTPN22;MS4A1;MNDA;PTPRC;PTPN6;ELF2;IGLL5;BCAR1;NCKAP1L;LPXN;KLHL6;PLCL2;CD81;PRKCB;TEC;ITK;BAX;FCGR2B;BTK;NFAM1;IGLL1;SYK;CBFB;VAV3;LAT2;BCL2
HBV/MVP,GO,GO_COLLAGEN_BINDING,2.5853541904339483,0.0,0.0,DCN;NID2;LUM;FN1;ITGB1;NID1;ITGA1;SERPINH1;CTSK;PCOLCE;PDGFB;SPARC;ITGA10;VWF;COL5A3;ASPN;THBS1;MMP9;MMP13;TGFBI;ANTXR1;COL14A1;ITGA2;ECM2;COCH;ITGA11;COL6A2;CTSS
HBV/MVP,GO,GO_COLLAGEN_METABOLIC_PROCESS,2.583597200728596,0.0,0.0,COL1A2;TGFB3;COL15A1;PDGFRB;ITGB1;SERPINH1;CTSK;MMP11;COL1A1;ENG;BMP4;F2R;MMP9;ADAMTS2;COL5A1;MMP13;MMP28;TRAM2;FURIN;PPARG;PLOD1;ITGA2;ADAMTS14;FAP;MMP25;RGCC;RCN3;COL13A1;MMP14;TGFB1;CTSS;CYGB;EMILIN1;MMP15
HBV/MVP,GO,GO_ENDOPLASMIC_RETICULUM_LUMEN,2.579097991882995,0.0,0.0,COL3A1;IGFBP4;FBN1;GPX8;FN1;FSTL1;COL1A2;COL18A1;LAMB1;COL5A2;COL15A1;PRSS23;LAMC1;IGFBP7;SERPINH1;EOGT;P4HA3;COL4A1;COL12A1;COL4A2;FKBP7;COL1A1;PDGFB;COL24A1;COL6A3;COL5A3;SDC2;BMP4;MATN3;TSPAN14;THBS1;DNAJC10;PDGFD;VWA1;IGFBP1;MXRA8;ADAMTS5;COL5A1;CRTAP;TXNDC5;COL14A1;FMO1;TOR4A;EDN1;ADAM10;ARSB;GPX7;COL7A1;DMP1;TSPAN15;GPC3;HRC;CKAP4;MGAT4A;MANF;RCN3;MFGE8;DNAJC3;COL13A1;MBTPS1;QSOX1;CALU;CTSC;CFP;COL6A2;MINPP1;CD4;LAMB2;DNAJB11;POGLUT1;TOR1A;FKBP14;ERP27;COL16A1;P4HB;B2M;LGALS1;COL21A1;SUMF1;UGGT2;COL9A1;FUCA2;CTSZ;LTBP1;PPIB;COL10A1;ITIH2;ERP44;PDGFA;PDIA3;FKBP10;KTN1;TIMP1;TOR1B;PDIA5;GANAB;UGGT1;SHISA5;HSP90B1;APP;FLT3;ERLEC1;P4HA2;COL6A1;EDEM3;WNT4
HBV/MVP,GO,GO_ANTIGEN_PROCESSING_AND_PRESENTATION_OF_EXOGENOUS_PEPTIDE_ANTIGEN_VIA_MHC_CLASS_I,2.573268660523884,0.0,0.0,CD36;SNAP23;HLA-E;ITGAV;VAMP8;PSMA4;PSMA3;PSME2;PSMD13;CYBA;ITGB5;CHUK;HLA-F;B2M;PSMA7;PSMA5;CYBB;PSME4;PSMB1;VAMP3;PDIA3;PSMB8;PSME1;PSMA1;PSMD5;CLEC4A;SEC22B;PSMC6;PSMA6;PSMB5;PSMC1;TAP2;HLA-H;NCF4;PSMD6;NCF2;LNPEP;IFI30;CALR;PSMA2;PSMD9;PSMB4;FCGR1A;PSMD1;PSMC2;FCGR1B;PSMD14;FCER1G
HBV/MVP,GO,GO_RENAL_SYSTEM_VASCULATURE_DEVELOPMENT,2.5687849982958793,0.0,0.0,PDGFRB;PECAM1;GPR4;TEK;ACTA2;CD34;PDGFB;NOTCH3;NRP1;BMP4;ANGPT2;PDGFD;PKD2;ANGPT1;CFLAR;NOTCH2
HBV/MVP,GO,GO_ADAPTIVE_IMMUNE_RESPONSE,2.5634674022813626,0.0,0.0,CD40;PRDM1;IL4R;LEF1;CD46;ADA;STAT6;ZAP70;CD55;RFTN1;NEDD4;SWAP70;PRF1;HMHB1;JAG1;PIK3CG;FCGRT;CD79B;PIK3CD;HLA-E;IL1R1;FGL1;HLX;CD3D;DUSP22;CD1D;TRIM27;HLA-DPB1;TGFB1;TCIRG1;CTSC;MEF2C;FGL2;LYN;CTSS;CD4;SLAMF1;TLR8;CCR2;GAPT;TNFSF4;TSTA3;MICA;LAMP3;HLA-F;TNFRSF1B;PRKD2;B2M;ZBTB1;IL27RA;PAG1;EIF2AK4;FADD;EMP2;LILRB2;PYCARD;RAB27A;IL7R;TRAT1;CD48;HPRT1;HLA-DRA;CD3G;MALT1;CD6;EOMES;PTPRC;CD28;TNFAIP3;BTNL8;TNFSF18;INPP5D;ORAI1;ANXA1;TXK;CLEC10A;C7;HLA-DPA1;HLA-DRB1;PVR;PTPN6;CD3E;HLA-DQA1;TRPM4;IGLL5;BCL10;C1QA;APLF;TNFRSF14;SKAP1;CD84;RIPK3;HLA-DQB1;HLA-DOA;IFNG;JAK2;TLR4;SH2D1A;HLA-DMB;CD247;MICB;KLRK1;EXOSC3;SLAMF7;CLEC4A;CLEC4D;TMEM98;TNFRSF21;JAK3;GPR183;SLAMF6;HLA-DMA;FBXO38;CCL19;TNFSF13B;KLHL6;RC3H2;IL18;CD81;RELB;CFI;ERAP2;HLA-DRB5;TAP2;LIG4;CD8B;C1QC;CD8A;SOCS5;BATF;CD209;MLH1;HLA-H;PRKCB;IL18R1;SASH3;SH2D1B;DBNL;CD1E;NFKB2;XCL1;TNFSF13;LY9;EXOSC6;LILRA6;RAG1;HLA-DQB2;LILRA1;TEC;ITK;LILRB1;CD1C;SIT1;AGER;FCGR2B;C1QB;CD80;DCLRE1C;BTK;RNF125;CTSH;KDELR1;IGLL1;TNF;TNFRSF11A;EXO1;CXCL13;ZC3H12A;SYK;MYO1G;SIGLEC10;LAT2;HMGB1;HLA-DQA2;MTOR;LAT;CD86;TRAF6;RC3H1;CD27;PPP3CB;LAIR1;IL18BP;ATAD5;CR1;CD244;RIPK2;WAS;BCL3;BTLA;MSH6;EBI3;IL10;CD226;FCGR1B;UNC13D;BTN3A2;CD7;IL31RA;FCER1G
HBV/MVP,GO,GO_REGULATION_OF_VASCULATURE_DEVELOPMENT,2.5476601167922412,0.0,0.0,MYOCD;DCN;TGFBR2;FOXC1;ITGB1;CD40;ECM1;GPR4;KDR;MMRN2;TEK;ACVRL1;COL4A2;FLT1;DLL4;STARD13;CD34;HHEX;RECK;ECSCR;RAMP2;PDGFB;ADAM12;ENG;SPARC;ETS1;CDH5;HSPG2;PGF;HDAC7;NRP1;JUP;JAK1;BMP4;ANGPT2;PLXND1;GATA2;TIE1;EPHA2;THBS1;NPR1;PDGFD;PF4;RRAS;MAP3K3;PTPRM;CLDN5;KLF2;VASH2;EFNB2;HEY2;NOS3;CTNNB1;PPARG;NODAL;STAB1;ITGA5;ADAM10;VEGFC;NFATC3;TWIST1;ROCK1;RUNX1;CARD10;RGCC;GATA6;VASH1;PDCD4;PLK2;SP100;CXCR4;TBXA2R;RHOJ;EMILIN1;HTATIP2;CCR2;GRN;PRKD2;SRPX2;SPRED1;BTG1;EMP2;SMOC2;CYBB;KLF4;CFLAR;TSPAN12;TNFAIP3;RHOB;HIF1AN;ANXA1;EFNA1;CYP1B1;SEMA5A;ROCK2;HMGA2;HYAL1;SFRP2;RAP1A;KIT;SP1;RAPGEF2;SPHK1;SMAD1;C3AR1;MTDH;C5AR1;ITGB1BP1;WNT4;ID1;AKT3;PDCL3;SYNJ2BP;ISM1;ADAMTS9;PDCD10
LE/IT,Hallmark,HALLMARK_OXIDATIVE_PHOSPHORYLATION,2.341269291552493,0.0,0.0,NDUFB8;ATP6V1H;ATP1B1;IDH3A;ISCU;SLC25A12;ATP6V1E1;OAT;GOT2;MDH1;PDP1;SLC25A4;COX6A1;COX4I1;ACO2;NDUFC2;ATP6V1C1;ECHS1;NDUFA8;ACADSB;COX5B;NDUFAB1;GLUD1;SLC25A11;NDUFA4;ETFB;ATP6V1D;ATP6V0C;MFN2;MGST3;SDHA;NDUFB6;UQCR10;NDUFB1;VDAC3;PDHA1;NDUFA5;NDUFS3;NDUFV1;LDHB;ISCA1;PHYH;NDUFV2;SLC25A3;ALDH6A1;SUCLA2;TOMM22;UQCRH;NDUFA3;PRDX3;NDUFS1;NDUFA9;CYCS;FH;MTX2;GRPEL1;ATP6V0B;COX17;NNT;COX7A2L;UQCRC2;NDUFA2;SDHB;MRPL34;OPA1;COX8A;GPX4;UQCRFS1;NDUFC1;COX5A;NDUFB4;MRPL35;NDUFS2;NDUFB5;ATP6V1F;CYC1;VDAC2;MTRR;MRPS11;PDHX;CS;NDUFS8;GPI;SUCLG1;COX7A2;IDH3B;NDUFS6;ACADM;ACAT1;UQCRB;ALAS1;VDAC1;NDUFA1;TIMM10;TIMM17A;HCCS;UQCRC1;MRPS15;DLAT;IDH3G;COX6B1;ATP6AP1;PDHB;DLD;SURF1;SDHC;PDK4;COX6C;MAOB;SLC25A5;ETFDH;AFG3L2;SDHD;DECR1;OXA1L;COX11;COX7C;TIMM50;SLC25A6;ACAA1;LRPPRC;FDX1;COX15;NQO2;NDUFB7;NDUFB2;NDUFS7;IMMT
LE/IT,Hallmark,HALLMARK_KRAS_SIGNALING_DN,1.84206878380262,0.0,0.0007517426762039273,SMPX;NGB;SLC30A3;ARHGDIG;RYR2;MAST3;ARPP21;SNCB;CPEB3;SPTBN2;THRB;KCNN1;CLSTN3;ABCG4;SNN;MFSD6;PNMT;PRODH;NUDT11;CAMK1D;PDK2;KLK7;P2RX6;MYOT;YPEL1;ADRA2C;DLK2;FGFR3;ACTC1;NRIP2;DTNB;SLC25A23;RGS11;TEX15;CNTFR;EFHD1;WNT16;CAPN9;CELSR2;EPHA5;RYR1;CCNA1;THNSL2;FGGY;PTGFR;SLC38A3;SOX10;ALOX12B;ZBTB16;TFCP2L1;SIDT1;GPR19;BMPR1B;DCC;MAGIX
LE/IT,Hallmark,HALLMARK_FATTY_ACID_METABOLISM,1.6321812299767684,0.0,0.0155360153082145,GAD2;GABARAPL1;YWHAH;MDH1;ME1;RAP1GDS1;ACO2;ECHS1;ALDH1A1;UROS;EPHX1;CA4;MAOA;SERINC1;AUH;CIDEA;SDHA;ACSS1;PDHA1;ACOT8;PCBD1;SUCLA2;IDI1;DHCR24;ACSL4;GPD2;FH;MGLL;ENO2;ALAD;GRHPR;GLUL;FABP1;BPHL;GCDH;AADAT;GPD1;HSD17B11;UROD;SUCLG1;IDH3B;BMPR1B;ACADM;HMGCS1;HSPH1;HSD17B4;METAP1;HCCS;NTHL1;CBR3;IDH3G;PTS;REEP6;UBE2L6;PDHB;DLD;NSDHL;APEX1;CBR1;ACSL5;SLC22A5;SDHC;ACOX1;GSTZ1;ACOT2;ETFDH;CA2;ACAT2;TP53INP2;SDHD;DECR1;CPOX;BCKDHB;MLYCD;ACAA1
LE/IT,Hallmark,HALLMARK_PANCREAS_BETA_CELLS,1.5540243014630273,0.017264276228419653,0.021149027290537154,SST;CHGA;STXBP1;PCSK2;SYT13;PAK3;SCGN;ABCC8;PAX6
LE/IT,Hallmark,HALLMARK_BILE_ACID_METABOLISM,1.5110839666253217,0.00813953488372093,0.02362619839498057,PFKM;OPTN;CYP46A1;SOD1;ABCG4;SLC27A2;ALDH1A1;DIO2;NR3C2;SLC23A2;SLCO1A2;RXRG;PRDX5;ABCA5;ABCD2;HSD17B6;PEX19;PHYH;IDI1;DHCR24;BCAR3;EPHX2;PAOX;ABCA2;BBOX1;ABCA3;SLC27A5;AMACR;HSD17B11;TFCP2L1;HSD17B4;NUDT12;PXMP2;FADS2;PEX16;GNMT;ACSL5;ABCA6;ISOC1;LIPE;MLYCD;CYP39A1;CYP7B1;FADS1;PIPOX
LE/IT,Hallmark,HALLMARK_PEROXISOME,1.5604686251020221,0.004744958481613286,0.02430634653059365,CACNA1B;FABP6;YWHAH;SLC25A4;SOD1;DLG4;SLC27A2;ALDH1A1;ABCC8;SLC23A2;RXRG;FIS1;PRDX5;ABCD2;ACOT8;IDI1;DHCR24;HRAS;ACSL4;PEX11B;STS;ERCC3;EPHX2;PEX5;CRABP1;ABCB1;CTBP1;HSD17B11;CADM1;ABCB9;FDPS;ABCC5;HSD17B4;SEMA3C;ALB;PRDX1;UGT2B17;ACSL5;ACOX1;ISOC1;MLYCD;ACAA1;ITGB1BP1;PEX14;FADS1
LE/IT,Hallmark,HALLMARK_MYOGENESIS,1.512115959270809,0.0010893246187363835,0.0272297902713867,TNNT2;PVALB;ANKRD2;TPD52L1;MAPRE3;PFKM;GNAO1;TNNT1;FABP3;CAMK2B;MRAS;ACTA1;KCNH1;PDE4DIP;EIF4A2;VIPR1;PRNP;REEP1;ACTN2;GABARAPL2;ABLIM1;MYL6B;CASQ1;FXYD1;MYOM2;SPTAN1;MEF2C;APOD;TNNC2;CKB;CDH13;PYGM;AK1;BAG1;HSPB8;BIN1;PKIA;SGCD;COX7A1;PPFIA4;ACTC1;SCHIP1;LPIN1;PC;DTNA;LDB3;SORBS1;IGF1;PPP1R3C;FKBP1B;RYR1;MAPK12;DAPK2;MEF2A;NCAM1;PICK1;MYOM1;ACHE;DMD;SCD;TSC2;HSPB2;FDPS;APP;SH2B1;MYL3;KLF5;ADCY9;SIRT2;NQO1;NOS1;CKMT2;ERBB3;HDAC5;FGF2;ATP6AP1
LE/IT,Hallmark,HALLMARK_ADIPOGENESIS,1.4508806112419166,0.004314994606256742,0.03915326438562121,SNCG;IDH3A;QDPR;NKIRAS1;RTN3;SOD1;ALDH2;COX6A1;RNF11;GHITM;ME1;ACO2;ECHS1;SPARCL1;CIDEA;NDUFAB1;REEP5;PTGER3;SULT1A1;GPAM;YWHAG;ITSN1;ETFB;ENPP2;PPM1B;COQ3;MGST3;UQCR10;HSPB8;CYP4B1;NDUFA5;NDUFS3;PHYH;TALDO1;NMT1;CHCHD10;PRDX3;GPD2;PDCD4;SORBS1;GPHN;GRPEL1;EPHX2;MGLL;SDHB;COX8A;GPX4;CMBL;SAMM50;OMD;MTCH2;G3BP2;CYC1;DHRS7;CS;TOB1;AGPAT3;SUCLG1;MCCC1;ACADM;UQCRC1;DBT;DLAT;IDH3G;CCNG2;REEP6;BCL2L13;FAH;DLD;TKT;SDHC;ACOX1;UBQLN1;STOM;DECR1;DHRS7B;ATL2;LIPE;TST;MRAP;PEX14;ALDOA;CMPK1;LIFR;NDUFB7;MAP4K3;ADIPOR2
LE/IT,Hallmark,HALLMARK_REACTIVE_OXYGEN_SPECIES_PATHWAY,1.4009669175501758,0.05721716514954486,0.05885866731463341,IPCEF1;CDKN2D;PRNP;SOD1;MBP;PFKP;MPO;PRDX2;MGST1;HMOX2;STK25;GLRX2;GPX4;ATOX1;NDUFB4;NDUFS2
LE/IT,Hallmark,HALLMARK_ESTROGEN_RESPONSE_EARLY,1.374258533692448,0.016059957173447537,0.06446762950476104,TPD52L1;INPP5F;SLC1A4;SYBU;OLFM1;SYNGR1;REEP1;RAPGEFL1;TIAM1;TMPRSS3;CALB2;SLC27A2;EGR3;ADCY1;NPY1R;CYP26B1;ABLIM1;SLC1A1;ADD3;WFS1;SH3BP5;FDFT1;WWC1;PGR;MAPT;SLC24A3;ITPK1;BAG1;HSPB8;DEPTOR;BCL11B;CBFA2T3;IL17RB;RASGRP1;ABAT;RET;BCL2;HR;ARL3;ASB13;FKBP4;UNC119;GFRA1;SLC9A3R1;MPPED2;CELSR2;AQP3;TBC1D30;SYT12;SEC14L2;THSD4;ABCA3;RRP12;TFAP2C;GREB1;AMFR;P2RY2;KAZN;PMAIP1;TOB1;RPS6KA2;ABHD2
LE/IT,Hallmark,HALLMARK_SPERMATOGENESIS,1.3825278510207484,0.03896103896103896,0.06485033486719212,HTR5A;NEFH;SNAP91;PEBP1;CAMK4;GAD1;DDX25;SCG5;SCG3;MAP7;NPY5R;GSTM3;CLVS1;STRBP;ART3;VDAC3;CNIH2;LPIN1;IL12RB2;PCSK1N;ADCYAP1;TALDO1;PHKG2;HSPA2;MTOR;IP6K1;PACRG;CCNA1;HSPA4L;CLGN;PARP2;DDX4;DCC;NOS1;ZC2HC1C;HSPA1L;NF2;SHE;POMC;GRM8;OAZ3;TLE4
LE/IT,Hallmark,HALLMARK_ESTROGEN_RESPONSE_LATE,1.3236277188649261,0.035637149028077755,0.09810241924461252,TPD52L1;SLC1A4;OLFM1;PCP4;HPRT1;RAPGEFL1;TIAM1;CPE;TMPRSS3;PRKAR2B;SLC27A2;EGR3;NPY1R;CYP26B1;DNAJC12;ADD3;DUSP2;PTGER3;WFS1;CACNA2D2;ETFB;FDFT1;CKB;PGR;MAPT;SLC24A3;ITPK1;BAG1;HSPB8;FGFR3;IL17RB;CYP4F11;SNX10;MOCS2;RET;BCL2;DCXR;PDCD4;HR;HOMER2;ARL3;TSPAN13;FKBP4;SLC9A3R1;ASS1;CELSR2;CCNA1;PLXNB1;HSPA4L;ABCA3;IGSF1;TFAP2C;AMFR;CHST8;TOB1;RPS6KA2;ABHD2
LE/IT,Hallmark,HALLMARK_HEDGEHOG_SIGNALING,1.2801917703605767,0.13760217983651227,0.13392584908371505,RTN1;CDK5R1;AMOT;L1CAM;DPYSL2;SLIT1;CNTFR;CRMP1;LDB1;ETS2;UNC5C;ACHE;THY1;RASA1;SCG2
LE/IT,Hallmark,HALLMARK_HEME_METABOLISM,1.2451632737659164,0.08116883116883117,0.16713745500933985,SNCA;SYNJ1;HBQ1;ACSL6;XK;HAGH;ATP6V0A1;OPTN;TSPAN5;RAP1GAP;BTRC;SELENBP1;SPTB;UROS;TMCC2;MPP1;LPIN2;PRDX2;FBXO34;MGST3;EZH1;ALDH1L1;ANK1;UBAC1;SLC30A10;GDE1;PC;DCAF11;ISCA1;FBXO9;ALDH6A1;ADD1;YPEL5;KAT2B;NNT;CCDC28A;CCND3;ALAD;ASNS;AQP3;ADD2;PPP2R5B;GYPA;UROD;FN3K;FECH;HBB;ABCG2;MXI1;AGPAT4;ENDOD1;GLRX5
LE/IT,Hallmark,HALLMARK_XENOBIOTIC_METABOLISM,1.2028335663214194,0.1262135922330097,0.201561005057178,SPINT2;RBP4;GABARAPL1;CYFIP2;CYP17A1;PINK1;GAD1;CYP2J2;HPRT1;ARPP19;RAP1GAP;ALDH2;CYP2E1;ATP2A2;AKR1C2;NDRG2;ACO2;EPHX1;MAOA;PTGDS;AKR1C3;ABHD6;LPIN2;TTPA;ABCD2;PC;SLC6A12;PGRMC1;PMM1;NMT1;DCXR;IGF1;MPP2;CNDP2;GSTO1;CYP26A1;FABP1;ETS2;NFS1;BPHL;GSTM4;HSD11B1;DHRS7;LCAT;AP4B1;ALAS1;CDO1;ACP1;NQO1;IRF8;PTS;FAH;F10;GNMT;MAN1A1;CBR1;ATOH8;CDA;PDK4;DHPS;GCLC;ACOX1;ETFDH;CA2
LE/IT,GO,GO_POSTSYNAPTIC_MEMBRANE,2.9177303919160167,0.0,0.0,GRIN1;GABRG3;DRD1;CACNG3;GABRA5;HTR5A;CHRM1;KCNC2;DLGAP2;LRRC7;CDH9;GABRA1;GABRG2;KCNJ4;GABRA4;GABRB2;LRFN5;CHRNA2;CAMK2A;DLG2;GABRG1;GABRA2;DNM1;HTR2A;GRM7;GRM5;GRM2;APBB1;ATP2B2;CACNG2;NRGN;MAGEE1;GRM1;NCS1;ARRB1;KCNA1;GABRA3;CPEB3;GRIP1;ANKS1B;GABBR1;FAIM2;DLGAP1;NPTN;RGS7BP;ANK3;IQSEC3;KCNC1;GABRB1;PSD3;CBLN1;SHANK2;INPP4A;KCTD8;GRIN2A;SRCIN1;CNKSR2;KCNMA1;GABRB3;GABBR2;KCNH1;GLRB;KCNB1;PRRT1;GRIN2B;KCTD16;ARHGEF9;GABRD;ACTN2;NETO1;GRIN3A;DLG4;CLSTN3;SH2D5;TIAM1;GRIA2;PRRT2;CDK5;LIN7B;EPHA4;ADCY1;SLITRK1;SLC6A1;LRRTM3;SYNDIG1;GRIA4;CAMK2N1;CNTN1;ANK2;RPH3A;NTRK3;RNF112;CPEB1;LIN7C;LRRTM1;DRP2;GLRA3;DNM3;GRM3;CHRNB2;GRIA3;DTNBP1;GLRA2;SEMA4F;CACNA1C;KCNA3;ARHGAP32;CADPS2;ABHD6;HOMER1;CDH10;SHANK3;SORCS2;LRRTM4;ERBB4;MINK1;P2RX6;BCR;GRIA1;IGSF21;CTNNA2;EPHA7;CABP1;CLSTN1;ADRA2C;CNTN2;LRRC4;SHISA7;CPEB4;ANK1;FXYD6;SYNE1;KCND3;CNIH2;PCDH8;GRIK1;GRIN2C;DAGLA;CSPG5;GRID1;SLC8A3;CACNG8;ABI1;KCND2;SLC6A11;GRASP;PTPRO;ADAM22;SLC8A1;IL1RAPL1;LRRTM2;SHISA6;LRRC4C;CHRNA7;HOMER2;GPHN;EFNB3;RUSC1;ATAD1;CLSTN2;GSG1L;NTRK2
LE/IT,GO,GO_SYNAPTIC_MEMBRANE,2.914494444714173,0.0,0.0,GRIN1;GABRG3;DRD1;PRKCG;CACNG3;GABRA5;HTR5A;CHRM1;KCNC2;DLGAP2;GAD2;KCNJ3;LRRC7;CDH9;GABRA1;GABRG2;KCNJ4;GABRA4;DDN;GABRB2;UNC13C;SNAP25;LRFN5;SYT1;CHRNA2;SYNJ1;CAMK2A;DLG2;GABRG1;SNAP91;STXBP1;GABRA2;DNM1;STX1A;HTR2A;SCN2A;ERC2;GRM7;SYP;GRM5;GRM2;RIMS1;APBB1;ATP2B2;CACNG2;NRGN;MAGEE1;GRM1;NCS1;STX1B;ARRB1;KCNA1;GABRA3;STXBP5;RIMS2;CPEB3;GRIP1;ANKS1B;GABBR1;FAIM2;DLGAP1;NPTN;RGS7BP;ANK3;IQSEC3;KCNC1;GABRB1;PSD3;CBLN1;SHANK2;INPP4A;KCTD8;NRXN1;UNC13A;GRIN2A;SRCIN1;CNKSR2;KCNMA1;GABRB3;CDH8;GABBR2;KCNH1;ROGDI;APBA1;GLRB;SYT7;KCNB1;PRRT1;CNTNAP4;SLC1A2;SNPH;CNTN5;SLC1A6;RIMS3;GRIN2B;KCTD16;CPLX3;PDE2A;ARHGEF9;ATP2B1;GABRD;ACTN2;NETO1;KCNA2;GRIN3A;DLG4;CLSTN3;SH2D5;TIAM1;GRIA2;PRRT2;CALB2;CDK5;LIN7B;EPHA4;ADCY1;SLITRK1;SLC6A1;LRRTM3;SYNDIG1;GRIA4;CAMK2N1;RIMS4;CNTN1;ANK2;GPM6A;RPH3A;NTRK3;RNF112;CPEB1;LIN7C;LRRTM1;DRP2;GLRA3;CLTB;DNM3;BAIAP2;GRM3;CHRNB2;GRIA3;DTNBP1;GLRA2;SEMA4F;CACNA1C;KCNA3;ARHGAP32;CADPS2;ABHD6;HOMER1;CDH10;SHANK3;DNM1L;SORCS2;LRRTM4;ERBB4;ADAM23;MINK1;P2RX6;CNTNAP1;BCR;GRIA1;IGSF21;PALM;NTNG2;EXOC3;CTNNA2;EPHA7;CABP1;CLSTN1;CACNA1D;ADRA2C;CNTN2;LRRC4;SHISA7;CPEB4;ANK1;FXYD6;SYNE1;SYT11;KCND3;KCNJ9;CNIH2;PCDH8;GRIK1;GRIN2C;DAGLA;CSPG5;GRID1;SLC8A3;CACNG8;PI4K2A;ABI1;KCND2;SLC6A11;GRASP;PTPRO;ADAM22;SLC8A1;IL1RAPL1;LRRTM2;SHISA6;LRRC4C;PTPRA;CHRNA7;CNTN6;HOMER2;GPHN;CADM3;EFNB3;RUSC1;MPP2;ATAD1;CLSTN2;GSG1L;NTRK2
LE/IT,GO,GO_SYNAPTIC_VESICLE_MEMBRANE,2.8957631568303355,0.0,0.0,SLC32A1;SLC30A3;GAD2;SYT5;SLC17A7;SLC6A17;SNCA;SYN2;SYNPR;CALM3;UNC13C;SYT1;DOC2A;SH3GL2;GABRA2;RAB3A;STX1A;SV2B;SYT4;AMPH;BSN;SYP;SYN1;SYNGR3;ATP6V1G2;SCAMP5;SVOP;VAMP1;MCTP1;PTPRN2;VAMP2;UNC13A;SLC17A6;TPRG1L;SYT9;SYT7;SYNGR1;RAB27B;CPLX3;SV2A;PRRT2;LAMP5;RPH3A;RAB26;DNAJC5;CLTB;SYN3;DTNBP1;SYNGR4;DNM1L;RAB3B;SV2C;WFS1;DMXL2;RAB4A;SCAMP1;ICA1;C16orf70;RAB5B;RAB3C;SYT11;SYT2
LE/IT,GO,GO_GABA_ERGIC_SYNAPSE,2.878995631439944,0.0,0.0,GABRG3;DRD1;SLC32A1;GABRA5;GABRA1;GABRG2;SLC6A17;ATP2B3;GABRA4;GABRB2;LRFN5;ERC2;BSN;ATP2B2;GABRA3;GABBR1;NPTN;IQSEC3;GABRB1;NRXN1;CALB1;GABRB3;GLRB;SYT7;CNTN5;ATP2B1;GABRD;PLCB1;CLSTN3;SV2A;SLITRK1;SLC6A1;EFNA5;LRRTM1;ABHD6;CDH10;ERBB4;CDH13;CLSTN1;KCND3;NRG1;CSPG5;KCND2;SLC6A11;PTPRO;LRRTM2
LE/IT,GO,GO_NEUROTRANSMITTER_SECRETION,2.8547072805875646,0.0,0.0,DRD1;PRKCG;SLC32A1;CACNA1B;HRH3;GAD2;SYT5;SNCA;SYN2;NAPB;CALM3;UNC13C;SNAP25;SYT1;SYNJ1;PRKCB;CAMK2A;CPLX2;STXBP1;DOC2A;RAB3A;STX1A;HTR2A;ERC2;SYT4;PCLO;SYP;SYN1;RIMS1;NCS1;STX1B;SNCG;RIMS2;PREPL;VAMP1;STXBP5L;MCTP1;CPLX1;NRXN1;PTPRN2;VAMP2;UNC13A;GAD1;SYT9;PPFIA2;APBA1;SYT7;SNPH;RIMS3;CPLX3;GRIN3A;PPP1R9A;CADPS;SV2A;ATP2A2;PRRT2;CDK5;LIN7B;KCNC4;ADCY1;RIMS4;RPH3A;LIN7C;DNAJC5;BRSK1;CACNB2;CHRNB2;SYN3;APBA2;DTNBP1;CADPS2;MEF2C;DNM1L;CACNA1D;KCNMB4;PPFIA4;SYT11;SYT2;CSPG5;NRXN2;PNKD;BAIAP3;PFN2
LE/IT,GO,GO_CATION_CHANNEL_COMPLEX,2.854531499901731,0.0,0.0,GRIN1;KCNV1;CACNG3;KCNA4;CACNA1B;KCNB2;KCNC2;KCNG3;HCN1;KCNJ3;OLFM3;KCNJ4;KCNK1;RYR2;KCNS2;CALM3;SNAP25;CACNA1I;DLG2;STX1A;SCN2A;CACNG2;CACNB4;SCN2B;KCNS1;KCNA1;AKAP6;CACNA2D3;SCN3B;CNTNAP2;KCNQ3;KCNJ6;KCNC1;KCNA6;CACNA1E;CALM2;VAMP2;PTK2B;GRIN2A;KCNQ5;DPP10;CALM1;KCNMA1;KCNIP2;KCNH1;KCNAB2;KCNB1;GRIN2B;TRPC5;CACNB1;KCNA2;SCN8A;GRIN3A;KCNN1;DLG4;GRIA2;UNC80;KCNC4;DLG3;CPT1C;NOS1AP;GRIA4;KCNIP3;SCN1B;HCN2;CACNB2;GRIA3;KCNMB2;CACNA1C;KCNA3;ABCC8;ABHD6;AMIGO1;LRRC38;SCN4B;CACNA2D2;SCN1A;GRIA1;MICU1;CACNA1D;KCNMB4;KCNAB1;SHISA7;KCNJ16;CACNA1G;KCNK2;CACNA2D1;KCNIP4;KCND3;CNIH2;GRIK1;CACNA1A;GRIN2C;CACNG8;KCND2;CATSPER2;KCNA5;VWC2;SHISA6;HSPA2;DPP6;CACNB3;SUMO1;FKBP1B;RYR1;VWC2L;CACHD1;OLFM2;CNGB1;RYR3;SCN3A;SCN7A;KCNJ1
LE/IT,GO,GO_VOLTAGE_GATED_CATION_CHANNEL_ACTIVITY,2.823959043774769,0.0,0.0,GRIN1;KCNV1;CACNG3;KCNH5;KCNA4;CACNA1B;KCNB2;KCNC2;KCNG3;HCN1;KCNJ3;KCNJ4;KCNK1;KCNS2;SNAP25;CACNA1I;CACNG2;CACNB4;NCS1;KCNS1;KCNA1;CACNA2D3;KCNQ3;KCNJ6;KCNC1;KCNA6;CACNA1E;PTK2B;GRIN2A;KCNQ5;KCNMA1;KCNIP2;KCNH1;KCNAB2;KCNB1;GRIN2B;CACNB1;KCNA2;GRIN3A;KCNH3;CDK5;KCNK9;KCNC4;HCN2;CACNB2;CACNA1C;KCNA3;LRRC38;CACNA2D2;KCNJ10;CACNA1D;KCNAB1;KCNJ16;CACNA1G;KCNK2;CACNA2D1;KCND3;KCNJ9;CACNA1A;GRIN2C;CACNG8;KCND2;KCNK3;KCNH7;IL1RAPL1;KCNA5;CALHM1
LE/IT,GO,GO_INTRINSIC_COMPONENT_OF_SYNAPTIC_MEMBRANE,2.797396465793755,0.0,0.0,GRIN1;GABRG3;DRD1;CACNG3;GABRA5;HTR5A;CHRM1;KCNJ3;CDH9;GABRA1;GABRA4;GABRB2;LRFN5;STX1A;HTR2A;SCN2A;GRM2;CACNG2;KCNA1;GABRA3;NPTN;RGS7BP;KCNC1;NRXN1;GRIN2A;SYT7;PRRT1;SLC1A2;CNTN5;SLC1A6;CPLX3;ATP2B1;GABRD;NETO1;KCNA2;CLSTN3;PRRT2;EPHA4;ADCY1;SLITRK1;SLC6A1;LRRTM3;CNTN1;GPM6A;NTRK3;LRRTM1;GRM3;CHRNB2;KCNA3;ABHD6;CDH10;ERBB4;ADAM23;P2RX6;GRIA1;NTNG2;EPHA7;CLSTN1;CACNA1D;ADRA2C;CNTN2;LRRC4;SHISA7;FXYD6;SYT11;KCND3;KCNJ9;CNIH2;PCDH8;DAGLA;CSPG5;GRID1;SLC8A3;KCND2;SLC6A11;PTPRO;ADAM22;SLC8A1;LRRTM2;SHISA6;LRRC4C;PTPRA;CNTN6;CADM3;EFNB3;CLSTN2;GSG1L
LE/IT,GO,GO_SYNAPTIC_VESICLE_EXOCYTOSIS,2.7939547481747957,0.0,0.0,DRD1;PRKCG;SYT5;SNCA;NAPB;CALM3;UNC13C;SNAP25;SYT1;SYNJ1;PRKCB;CPLX2;STXBP1;DOC2A;RAB3A;STX1A;HTR2A;ERC2;SYT4;PCLO;SYP;SYN1;RIMS1;NCS1;STX1B;RIMS2;PREPL;VAMP1;STXBP5L;CPLX1;VAMP2;UNC13A;SYT9;PPFIA2;APBA1;SYT7;SNPH;RIMS3;CPLX3;GRIN3A;CADPS;SV2A;ATP2A2;PRRT2;CDK5;ADCY1;RIMS4;DNAJC5;CACNB2;CHRNB2;APBA2;DTNBP1;CADPS2;DNM1L
LE/IT,GO,GO_POSTSYNAPTIC_SPECIALIZATION_MEMBRANE,2.7868989410513576,0.0,0.0,GRIN1;CACNG3;GABRA5;HTR5A;CHRM1;GABRA1;GABRA4;GABRB2;LRFN5;DLG2;GRM5;ATP2B2;CACNG2;GRM1;GABRA3;NPTN;RGS7BP;GRIN2A;CNKSR2;GRIN2B;ACTN2;NETO1;GRIN3A;DLG4;CLSTN3;TIAM1;GRIA2;ADCY1;SLITRK1;LRRTM3;GRIA4;LRRTM1;CHRNB2;GRIA3;CDH10;ERBB4;P2RX6;GRIA1;EPHA7;CLSTN1;ADRA2C;LRRC4;SHISA7;KCND3;CNIH2;GRIK1;GRIN2C;GRID1;CACNG8;KCND2;PTPRO;ADAM22;LRRTM2;SHISA6;LRRC4C;GPHN;EFNB3;CLSTN2;GSG1L
LE/IT,GO,GO_PRESYNAPTIC_MEMBRANE,2.78247086399265,0.0,0.0,DRD1;GABRA5;CHRM1;KCNC2;GAD2;KCNJ3;CDH9;UNC13C;SNAP25;SYT1;SNAP91;STXBP1;DNM1;STX1A;HTR2A;SCN2A;ERC2;SYP;GRM2;RIMS1;APBB1;STX1B;KCNA1;STXBP5;RIMS2;GABBR1;NPTN;RGS7BP;KCNC1;KCTD8;NRXN1;UNC13A;GRIN2A;KCNH1;ROGDI;APBA1;SYT7;CNTNAP4;SLC1A2;SNPH;CNTN5;SLC1A6;RIMS3;KCTD16;CPLX3;PDE2A;ATP2B1;KCNA2;PRRT2;EPHA4;SLC6A1;RIMS4;CNTN1;GPM6A;CLTB;GRM3;CHRNB2;KCNA3;CADPS2;CDH10;DNM1L;ERBB4;ADAM23;CNTNAP1;IGSF21;NTNG2;EXOC3;CTNNA2;CACNA1D;FXYD6;SYT11;KCNJ9;PCDH8;GRIK1;PI4K2A;SLC6A11;CNTN6;CADM3;EFNB3
LE/IT,GO,GO_PRESYNAPSE,2.780042318410196,0.0,0.0,GRIN1;SYT10;DRD1;PRKCG;SLC32A1;CACNA1B;PACSIN1;GABRA5;CHRM1;HRH3;KCNC2;SLC30A3;GAD2;KCNJ3;SYT5;CDH9;SLC17A7;CCK;SLC6A17;ATP2B3;SNCA;SYN2;GOT1;SYNPR;CALM3;UNC13C;SNAP25;CRHBP;SYT1;SYNJ1;PRKCB;DNAJC6;CPLX2;SNAP91;STXBP1;DOC2A;SH3GL2;GABRA2;DNM1;PNOC;RAB3A;STX1A;SV2B;SNCB;HTR2A;SCN2A;ERC2;SYT4;PCLO;GRM7;AMPH;SLC4A10;BSN;SYP;SH3GL3;SYN1;GRM2;RIMS1;APBB1;ATP2B2;RAB40B;PDYN;NCS1;STX1B;NEFL;KCNA1;SYNGR3;STXBP5;RIMS2;GABBR1;ATP6V1G2;SCAMP5;NPTN;CDK5R1;RGS7BP;SVOP;KCNC1;VAMP1;KCNA6;LGI3;MCTP1;CPLX1;KCTD8;NRXN1;PTPRN2;CALB1;VAMP2;UNC13A;GRIN2A;SLC17A6;RAB6B;GAD1;TPRG1L;SPTBN2;SYT9;ARHGAP44;CLCN4;CDH8;PPFIA2;KCNH1;KCNAB2;ROGDI;APBA1;SYT7;CNTNAP4;SLC1A2;SNPH;CNTN5;SYNGR1;SLC1A6;RIMS3;SLC9A6;RAB27B;GNB5;WDR7;KCTD16;CPLX3;PDE2A;CYP46A1;ATP2B1;KCNA2;KIF1A;DLG4;CADPS;SV2A;PRRT2;CALB2;LAMP5;CDK5;LIN7B;ATP6V0D1;VTI1B;EPHA4;KCNK9;KCNC4;SLC6A1;SYNDIG1;RIMS4;CNTN1;RAB15;PTPRN;GPM6A;RPH3A;RNF112;RAB26;LIN7C;TBC1D24;DNAJC5;KCNIP3;CLTB;DNM3;BRSK1;CACNB2;BAIAP2;GRM3;CHRNB2;SYN3;APBA2;DTNBP1;SYNGR4;SCGN;KCNA3;CADPS2;CDH10;FXR2;ELK1;DNM1L;RTN4R;RAB3B;SV2C;WFS1;PENK;DMXL2;YWHAG;ERBB4;ADAM23;ITSN1;CNTNAP1;GRIA1;KCNJ10;IGSF21;NTNG2;EXOC3;CTNNA2;RAB4A;CACNA1D;ADRA2C;BIN1;SCAMP1;VPS35;FXYD6;ICA1;AAK1;C16orf70;KCNK2;PPFIA4;STX7;RAB5B;RAB3C;SYT11;KCNJ9;PCDH8;TNIK;GRIK1;SYT2;STON2;NRXN2;PI4K2A;SLC6A11;ADCYAP1;BAIAP3;NDEL1;SYNJ2;ZNF804A;BDNF;PFN2
LE/IT,GO,GO_NEUROTRANSMITTER_RECEPTOR_ACTIVITY,2.778164022640914,0.0,0.0,HTR1E;GRIN1;GABRG3;DRD1;HTR2C;HTR1A;GABRA5;HTR5A;CHRM1;HRH3;GABRA1;GABRG2;GABRA4;GABRB2;CHRNA2;GABRG1;GABRA2;HTR2A;GRM5;GRM1;GABRA3;GABBR1;GABRB1;PTK2B;GRIN2A;ADRB1;GABRB3;GABBR2;GLRB;HTR4;GRIN2B;GABRD;GRIN3A;GRIA2;GRIA4;DRD5;GLRA3;CHRNB2;GRIA3;GLRA2;HRH2;HTR7;GRIA1;GRIK1;GRIN2C;GRID1
LE/IT,GO,GO_NEUROTRANSMITTER_TRANSPORT,2.7737621002885224,0.0,0.0,DRD1;HTR2C;SLC6A7;HTR1A;PRKCG;SLC32A1;CACNA1B;HRH3;GAD2;SYT5;SLC17A7;CRH;SLC6A17;SNCA;SYN2;NAPB;CALM3;UNC13C;SNAP25;RGS4;SYT1;SYNJ1;PRKCB;CAMK2A;CPLX2;STXBP1;DOC2A;GABRA2;RAB3A;STX1A;SV2B;HTR2A;ERC2;SYT4;PCLO;SLC6A15;SYP;SYN1;RIMS1;NCS1;STX1B;SYNGR3;SNCG;RIMS2;PREPL;SLC25A18;VAMP1;SLC25A12;STXBP5L;MCTP1;CPLX1;NRXN1;PTPRN2;VAMP2;UNC13A;SLC17A6;GAD1;SYT9;PPFIA2;APBA1;SYT7;SLC1A2;SNPH;SLC1A6;RIMS3;CPLX3;GRIN3A;PPP1R9A;CADPS;SV2A;ATP2A2;PRRT2;CDK5;LIN7B;KCNC4;ADCY1;SLC6A1;RIMS4;RPH3A;LIN7C;DNAJC5;SLC1A1;BRSK1;CACNB2;SLC25A22;CHRNB2;SYN3;APBA2;DTNBP1;ATP1A2;CADPS2;SLC6A13;MEF2C;DNM1L;RAB3B;SV2C;ARL6IP5;KCNJ10;SLC1A3;CACNA1D;KCNMB4;ICA1;PPFIA4;SYT11;SLC6A12;SYT2;CSPG5;NRXN2;SLC6A11;ADCYAP1;PNKD;BAIAP3;ABAT;PFN2
LE/IT,GO,GO_PROTEIN_LOCALIZATION_TO_SYNAPSE,2.7702034479054456,0.0,0.0,GRIN1;CACNG3;ASIC2;LRRC7;SNAP25;PRKCZ;DLG2;LGI1;PCLO;BSN;CACNG2;STX1B;KIF5A;GRIP1;ANKS1B;MAPK10;NPTN;MAP1A;KIF5C;CPLX1;NRXN1;GRIN2A;ARHGAP44;RAB27B;KIF17;NETO1;DLG4;CLSTN3;RELN;CDK5;MAPK8IP3;DLG3;LRRTM1;BAIAP2;GRIPAP1;CLSTN1;MAPT;IQSEC2;TERF2;VPS35;STX7;CNIH2;GRIN2C;NRXN2;CACNG8;HRAS;GRASP;ADAM22;SHISA6;GPHN
PAN/PNZ,Hallmark,HALLMARK_TNFA_SIGNALING_VIA_NFKB,3.684662790422101,0.0,0.0,VEGFA;MAFF;SLC2A3;ATF3;PPP1R15A;NFIL3;MXD1;CCL20;JUN;BHLHE40;TNIP1;NAMPT;LIF;EIF1;ICAM1;PTGS2;SERPINE1;CEBPD;SQSTM1;FOSL2;ABCA1;IL1A;GADD45B;PTX3;IL1B;ID2;CXCL3;BCL2A1;MYC;TGIF1;CD44;CEBPB;TNC;TIPARP;GADD45A;BCL6;EGR2;BIRC3;TRIB1;SDC4;GFPT2;CLCF1;BTG1;KLF6;CCNL1;FOSL1;BTG3;PLAUR;SOCS3;BIRC2;CSF2;PFKFB3;EGR1;FOS;NFKBIA;IRS2;SOD2;CXCL2;TNFAIP3;IL6;SERPINB8;SAT1;JUNB;DUSP4;ZC3H12A;SPSB1;PNRC1;G0S2;IER3;DUSP1;RELA;CDKN1A;RELB;BMP2;RNF19B;IRF1;NFE2L2;GEM;HBEGF;CSF1;TRIP10;PANX1;BCL3;GPR183;TNFAIP2;NFKBIE;KLF10;ZFP36;ZBTB10;RIPK2;SIK1;CCL2;IL23A;LITAF;KDM6B;MCL1;CXCL6;TNFRSF9;DUSP5;DRAM1;NFKB2;CCL5;EFNA1;B4GALT1;PTGER4;NR4A3;REL;CD83;NFKB1;NFAT5;CD80;RCAN1;EGR3;TNIP2;KYNU;SPHK1;TNFAIP8
PAN/PNZ,Hallmark,HALLMARK_HYPOXIA,3.6478576771913196,0.0,0.0,GBE1;VEGFA;NDRG1;MAFF;SLC2A1;SLC2A3;ADM;ATF3;PPP1R15A;HK2;SLC6A6;PLIN2;DDIT3;NFIL3;BNIP3L;LDHA;AKAP12;ANGPTL4;PDK1;JMJD6;KDM3A;PGK1;CA12;P4HA1;JUN;TMEM45A;FAM162A;AK4;BHLHE40;SIAH2;STC2;LOX;WSB1;STBD1;SERPINE1;HMOX1;CAV1;GAPDH;TPI1;RRAGD;ENO2;HSPA5;FOSL2;SAP30;GYS1;RORA;MT2A;PIM1;ALDOA;DDIT4;MIF;TIPARP;P4HA2;SDC4;ENO1;BTG1;KLF6;PLAUR;MXI1;ISG20;ERRFI1;PFKFB3;PPP1R3C;FOS;EFNA3;PGM1;PFKP;IRS2;TNFAIP3;IL6;VLDLR;PNRC1;CITED2;KLF7;EDN2;RBPJ;IER3;DUSP1;CXCR4;CDKN1A;ANKZF1;ZNF292;AMPD3;CP;IGFBP3;GPI;PAM;ANXA2;ATP7A;ZFP36;TGFBI;GLRX;INHA;SLC2A5;HOXB9;STC1;PDK3;FBP1;PFKL;EFNA1;MT1E;PPFIA4
PAN/PNZ,Hallmark,HALLMARK_GLYCOLYSIS,2.5128700430049857,0.0,0.0,PLOD2;VEGFA;SPAG4;HK2;ANG;LDHA;ANGPTL4;NOL3;PGK1;EGLN3;P4HA1;FAM162A;AK4;PYGL;STC2;TPI1;RRAGD;ENO2;HSPA5;SAP30;GYS1;ALDOA;DDIT4;CD44;MIF;P4HA2;ENO1;PKM;CHPF;MXI1;ISG20;SLC16A3;EFNA3;PFKP;IRS2;VLDLR;MET;CITED2;LHX9;IER3;CXCR4;B4GALT4;ANKZF1;ZNF292;IGFBP3;NT5E;ELF3;PAM;MPI;GNE;TGFBI;HS2ST1;GLRX;ABCB6;GNPDA1;MDH2;STC1;PDK3;PLOD1;PGAM1;B4GALT1;PPFIA4;GFPT1;TGFA;GMPPA;TPST1;PAXIP1;GPC4;CTH;GUSB;NANP;CAPN5;HDLBP
PAN/PNZ,Hallmark,HALLMARK_INFLAMMATORY_RESPONSE,2.3833047764464412,0.0,0.0,ADM;MXD1;CCL20;IRAK2;NAMPT;LIF;CSF3;ICAM1;SERPINE1;ABCA1;IL1A;IL1B;PDPN;MYC;CLEC5A;CCL7;KLF6;PLAUR;AQP9;HAS2;NFKBIA;C5AR1;IL6;EMP3;MET;ITGB3;OSM;RGS1;RELA;OSMR;CDKN1A;CD70;IRF1;HBEGF;CSF1;RGS16;NOD2;SLC11A2;GPR183;HRH1;MSR1;MARCO;GNAI3;RIPK2;EREG;CCL2;GNA15;CXCL6;SGMS2;TNFRSF9;ITGA5;TIMP1;CCL5;PTGER4;FZD5;CCR7;MEFV;NFKB1;IFNAR1;CD48;CCL22;IL10;SLC28A2;SPHK1
PAN/PNZ,Hallmark,HALLMARK_UNFOLDED_PROTEIN_RESPONSE,2.3283556927541333,0.0,0.0,VEGFA;ATF3;DNAJB9;STC2;CEBPG;EIF4EBP1;HSPA5;HSPA9;DCP1A;DDIT4;CEBPB;XBP1;ATF4;XPOT;EIF2AK3;ASNS;EEF2;HERPUD1;NPM1;MTHFD2;HSP90B1;PDIA6;EDEM1;EXOSC5;BAG3;CNOT2;CCL2;ERN1;SDAD1;CNOT4;CALR;RPS14;TSPYL2;RRP9;GEMIN4;IMP3;DNAJC3;CHAC1;SEC31A
PAN/PNZ,Hallmark,HALLMARK_MTORC1_SIGNALING,2.265223849923314,0.0,0.0,GBE1;PLOD2;SLC2A1;SLC2A3;PPP1R15A;HK2;SLC6A6;DDIT3;NFIL3;LDHA;PDK1;PGK1;EGLN3;P4HA1;AK4;BHLHE40;TRIB3;NAMPT;SYTL2;NUPR1;GAPDH;TPI1;IGFBP5;SQSTM1;HSPA5;CANX;HSPA9;ALDOA;DDIT4;XBP1;SHMT2;TCEA1;IFRD1;ACLY;ENO1;CD9;PGM1;VLDLR;CXCR4;CDKN1A;LTA4H;ASNS;EIF2S2;SCD;TFRC;INSIG1;GPI;MTHFD2;HSP90B1;PNO1;EDEM1;SLC1A5;GLRX;NFKBIB;BCAT1;RPN1;UFM1;STC1;CYP51A1;YKT6;ETF1;PFKL;CALR
PAN/PNZ,Hallmark,HALLMARK_IL6_JAK_STAT3_SIGNALING,2.0691454033311643,0.0,0.0,JUN;HMOX1;IL1B;CXCL3;PIM1;CD44;CCL7;CD9;SOCS3;CSF2;STAT3;IL6;ITGB3;IL1R2;OSMR;TNFRSF12A;IRF1;PDGFC;CSF1;PLA2G2A;FAS;CCR1
PAN/PNZ,Hallmark,HALLMARK_P53_PATHWAY,2.030640311387673,0.0,0.0,NDRG1;ATF3;PPP1R15A;DDIT3;MXD1;JUN;FAM162A;OSGIN1;TRIB3;LIF;MKNK2;NUPR1;HMOX1;IL1A;SLC3A2;PVT1;S100A10;DDIT4;UPP1;GADD45A;ZFP36L1;BTG1;FOS;SLC19A2;SAT1;EPS8L2;RRAD;IER3;RPL36;STEAP3;POM121;CDKN1A;BMP2;RNF19B;HBEGF;RGS16;CTSD;VDR;RRP8;RAP2B;RPL18;IRAK1;RXRA;FAS;CDKN2AIP
PAN/PNZ,Hallmark,HALLMARK_EPITHELIAL_MESENCHYMAL_TRANSITION,2.029234730585809,0.0,0.0,PLOD2;VEGFA;JUN;LOX;SERPINE1;ENO2;GADD45B;LRRC15;PTX3;ID2;CD44;TNC;SLC6A8;GADD45A;IGFBP2;SDC4;GLIPR1;PCOLCE2;VIM;PLAUR;SPP1;TNFAIP3;IL6;EMP3;SAT1;FSTL3;NNMT;ITGB3;PMP22;TNFRSF12A;FBLN5;MMP1;OXTR;GEM;LOXL2;IGFBP3;NT5E;CALU;MMP3;FERMT2;SCG2;FAS;TFPI2;TGFBI;PLOD3;FLNA;CXCL6;TGFBR3;PLOD1;ITGA5;TIMP1;TPM4
PAN/PNZ,Hallmark,HALLMARK_APOPTOSIS,1.9918092436522998,0.0,0.0,ATF3;DDIT3;BNIP3L;JUN;HMOX1;CAV1;ENO2;SQSTM1;IL1A;GADD45B;WEE1;LGALS3;IL1B;CD44;GADD45A;BIRC3;BTG3;ISG20;SOD2;EMP1;IL6;SAT1;IER3;RELA;CDKN1A;TNFRSF12A;BMP2;IRF1;DPYD;RARA;DIABLO;BCL10;GPX3;FAS;EREG;NEDD9;GNA15;MCL1
PAN/PNZ,Hallmark,HALLMARK_UV_RESPONSE_UP,1.8494132115375108,0.0,0.0009340432061700226,ATF3;DNAJB1;ICAM1;HMOX1;CEBPG;ENO2;SQSTM1;ALDOA;SLC6A8;POLR2H;IGFBP2;BTG1;BTG3;FOS;NFKBIA;SOD2;CXCL2;PDLIM3;IL6;JUNB;RRAD;BMP2;IRF1;ASNS;GRPEL1;TMBIM6;ATP6V1F;TFRC;NKX2-5;GPX3;AMD1;FGF18;EIF2S3;RPN1;EIF5;HSPA13;GAL;E2F5
PAN/PNZ,Hallmark,HALLMARK_IL2_STAT5_SIGNALING,1.7355456698841163,0.0,0.002739860071432066,NDRG1;MAFF;SLC2A3;HK2;PLIN2;NFIL3;MXD1;P4HA1;BHLHE40;LIF;CDCP1;RRAGD;GADD45B;RORA;MYC;PIM1;CD44;XBP1;NFKBIZ;IGF1R;KLF6;CSF2;DHRS3;SPP1;EMP1;IL1R2;BMP2;MUC1;CSF1;RGS16;NT5E;IL1RL1;TWSG1;MYO1E;SLC1A5;RNH1
PAN/PNZ,Hallmark,HALLMARK_KRAS_SIGNALING_UP,1.4544772310616498,0.0,0.025392631733450757,PPP1R15A;ADAM8;AKAP12;ANGPTL4;CCL20;LIF;PTGS2;TMEM158;IL1B;ID2;BIRC3;TRIB1;GFPT2;GPNMB;PLAUR;CSF2;SLPI;AVL9;SPP1;TNFAIP3;EMP1;G0S2;MAFB;CXCR4;BMP2;HBEGF;RGS16;IGFBP3;ADAM17;RETN;EREG;TSPAN1;GLRX;WDR33;LY96;HKDC1;CBX8;KCNN4;CFB;HDAC9;LCP1;NRP1;F13A1;TRAF1;HOXD11;CDADC1;ZNF639;MMP10;KLF4
PAN/PNZ,Hallmark,HALLMARK_ESTROGEN_RESPONSE_EARLY,1.4415307974313267,0.004672897196261682,0.025429326287978865,SLC2A1;CA12;SLC16A1;BHLHE40;SIAH2;STC2;MYC;CD44;TIPARP;XBP1;IGF1R;NXT1;PTGES;BLVRB;DHRS3;FOS;SLC19A2;MREG;NAV2;PDLIM3;TSKU;FAM102A;UGCG;MUC1;SLC39A6;RARA;CELSR1;ELF3;ALDH3B1;KLF10;GAB2;CANT1
PAN/PNZ,Hallmark,HALLMARK_REACTIVE_OXYGEN_SPECIES_PATHWAY,1.4639458122399809,0.013333333333333334,0.02544908489426323,OXSR1;FTL;ABCC1;PFKP;SOD2;PRDX4;JUNB;SRXN1;LSP1;GPX3;GLRX;MSRA;SBNO2
PAN/PNZ,GO,GO_COTRANSLATIONAL_PROTEIN_TARGETING_TO_MEMBRANE,2.7553500273508065,0.0,0.0,SSR3;RPLP0;RPL36;RPS28;RPS19;RPL10;RPL18;RPL12;RPL8;RPL17;RPL13A;UBA52;RPL14;RPL29;RPS27A;RPL18A;SEC61A1;RPS5;RPL30;SSR2;RPS2;RPS18;SRP68;RPL32;RPS13;RPL41;RPS4X;RPL7;SEC63;RPS10;RPS15;RPL35A;RPS14;RPL37A;RPS11;RPS16;RPS25;RPL9;RPL27A;RPL39;RPS8;RPS15A;RPL11;RPL13;RPS3;RPS27;RPS20;RPL34;RPL7A;SEC61B;RPLP2;RPL36A;RPL24;SRP54;TRAM1;RPS9;RPS3A;RPS12;RPL22;RPL26;RPS29;RPL21
PAN/PNZ,GO,GO_NUCLEAR_TRANSCRIBED_MRNA_CATABOLIC_PROCESS_NONSENSE_MEDIATED_DECAY,2.7205243911945876,0.0,0.0,DCP1A;SMG7;RPLP0;RPL36;SMG1;RPS28;RPS19;RPL10;RPL18;RPL12;RPL8;RPL17;RPL13A;UBA52;GSPT2;RPL14;RPL29;RPS27A;NBAS;RPL18A;RPS5;RPL30;RPS2;RPS18;UPF3A;RPL32;RPS13;RPL41;RPS4X;ETF1;RPL7;RPS10;RPS15;RPL35A;RPS14;RPL37A;RPS11;RPS16;SMG6;RPS25;EIF3E;DHX34;RPL9;RPL27A;RPL39;RPS8;RPS15A;RPL11;RPL13;RPS3;RPS27;RPS20;RPL34;RPL7A;EIF4A3;RPLP2;SMG8;RPL36A;RPL24;RPS9;RPS3A;PABPC1;RPS12;RPL22;RPL26;RPS29;RPL21;UPF1
PAN/PNZ,GO,GO_CYTOSOLIC_LARGE_RIBOSOMAL_SUBUNIT,2.7007340945065756,0.0,0.0,RPLP0;RPL36;RPL10;RPL18;RPL12;RPL8;RPL17;RPL13A;UBA52;RPL14;RPL29;RPL18A;RSL24D1;RPL30;RPL32;RPL41;RPL7;RPL35A;RPL37A;RPL9;RPL27A;RPL39;RPL11;RPL13;RPL34;RPL7A;RPL10L;RPLP2;RPL36A;RPL7L1;RPL24;RPL22;RPL26;FXR2;RPL21;RPL3;RPL19
PAN/PNZ,GO,GO_MONOSACCHARIDE_BINDING,2.6851209709140407,0.0,0.0,PLOD2;SLC2A3;HK2;EGLN3;P4HA1;PYGL;GYS1;LMAN1;ALDOA;MANBA;P4HA2;EGLN1;PFKP;ALKBH3;GPI;PAM;PLOD3;SLC2A5;HKDC1;PLOD1;FBP1;PFKL;LMAN2
PAN/PNZ,GO,GO_CYTOSOLIC_RIBOSOME,2.6729468288850042,0.0,0.0,RPLP0;RPL36;RPS28;RPS19;RPL10;RPL18;RPL12;RPL8;RPL17;EIF2A;RPL13A;UBA52;RPL14;RPL29;RPS27A;RPL18A;RPS5;RSL24D1;RPL30;RPS2;RPS18;RPL32;RPS13;RPL41;RPS4X;RPL7;RPS10;RPS15;RPL35A;RPS14;RPL37A;RPS11;RPS16;RPS25;RPL9;RPL27A;RPL39;RPS8;RPS15A;RPL11;RPL13;RPS3;RPS27;RPS20;RPL34;RPL7A;RPL10L;RPLP2;NUFIP1;RPL36A;RPL7L1;RPL24;RPS9;RPS3A;RPS12;RPL22;RPL26;FXR2;RPS29;RPS4Y2;RPL21
PAN/PNZ,GO,GO_ESTABLISHMENT_OF_PROTEIN_LOCALIZATION_TO_ENDOPLASMIC_RETICULUM,2.670660010691513,0.0,0.0,HSPA5;SSR3;RPLP0;RPL36;RPS28;SEC61G;RAB3GAP2;RPS19;SPCS2;RPL10;RPL18;RPL12;RPL8;RPL17;RPL13A;UBA52;RPL14;RPL29;RPS27A;RPL18A;SEC61A1;RPS5;RPL30;RPS2;RPS18;SRP68;RPL32;RPS13;RPL41;RPS4X;RPL7;SEC63;RPS10;RPS15;RPL35A;RPS14;RPL37A;RPS11;RPS16;RPS25;RPL9;RPL27A;RPL39;RPS8;RPS15A;RPL11;RPL13;RPS3;RPS27;RPS20;RPL34;RPL7A;SEC61B;RPLP2;RPL36A;RPL24;PMM1;SRP54;TRAM1;RPS9;RPS3A;RPS12;RPL22;RPL26;RPS29;RPL21
PAN/PNZ,GO,GO_POSITIVE_REGULATION_OF_TRANSCRIPTION_FROM_RNA_POLYMERASE_II_PROMOTER_IN_RESPONSE_TO_STRESS,2.557422635699341,0.0,0.0,VEGFA;ATF3;DDIT3;SESN2;HSPA5;CEBPB;ATF4;MAPK7;RBPJ;MUC1;HSF4;NFE2L2
PAN/PNZ,GO,GO_GLYCOLYTIC_PROCESS_THROUGH_FRUCTOSE_6_PHOSPHATE,2.5261057943312264,0.0,0.0,HK2;PGK1;GAPDH;TPI1;ENO2;ALDOA;ENO1;PKM;PFKP;GPI;PGM2L1;FOXK1;PGAM1;PFKL
PAN/PNZ,GO,GO_L_ASCORBIC_ACID_BINDING,2.421581447211126,0.0,0.00010594679816340624,PLOD2;EGLN3;P4HA1;P4HA2;EGLN1;ALKBH3;PAM;PLOD3;PLOD1
PAN/PNZ,GO,GO_EOSINOPHIL_MIGRATION,2.422166822210553,0.0,0.00011654147797974685,ADAM8;LGALS3;CCL7;CD300A;CCL3L1;CCL3;HRH1;SCG2;CCL2;CCL18;CCL8;CCL5;PTGER4
PAN/PNZ,GO,GO_PROTEIN_LOCALIZATION_TO_ENDOPLASMIC_RETICULUM,2.491046880707083,0.0,0.00012949053108860762,PPP1R15A;HSPA5;SSR3;RPLP0;RPL36;RPS28;SEC61G;RAB3GAP2;RPS19;INSIG1;SPCS2;RPL10;RPL18;RPL12;RPL8;RPL17;RPL13A;UBA52;RPL14;RPL29;RPS27A;RPL18A;SEC61A1;RPS5;RPL30;RPS2;RPS18;SRP68;RPL32;RPS13;RPL41;RPS4X;RPL7;KDELR1;SEC63;RPS10;RPS15;RPL35A;RPS14;RPL37A;RPS11;RPS16;RPS25;RPL9;RPL27A;RPL39;RPS8;OS9;RPS15A;RPL11;RPL13;RPS3;RPS27;RPS20;RPL34;RPL7A;SEC61B;RPLP2;RPL36A;RPL24;PMM1;SRP54;TRAM1;RPS9;RPS3A;RPS12;RPL22;RPL26;RPS29;RPL21
PAN/PNZ,GO,GO_NUCLEAR_TRANSCRIBED_MRNA_CATABOLIC_PROCESS,2.3672827133046725,0.0,0.00019423579663291142,PATL1;DCP1A;ZFP36L1;SMG7;GTPBP2;ZC3H12A;RPLP0;RPL36;SAMD4A;SMG1;RPS28;ZFP36L2;RPS19;RPL10;RPL18;RPL12;RPL8;ZFP36;EXOSC5;CNOT2;RPL17;RPL13A;UBA52;GSPT2;THRAP3;RPL14;RPL29;RPS27A;NBAS;RPL18A;RPS5;RPL30;RPS2;RPS18;UPF3A;CNOT4;RPL32;RPS13;EXOSC7;RPL41;RPS4X;ETF1;RPL7;RPS10;RPS15;RPL35A;RPS14;RPL37A;RPS11;RPS16;SMG6;RPS25;EIF3E;SAMD4B;DHX34;RPL9;RPL27A;RPL39;RPS8;RPS15A;RPL11;LSM5;RPL13;RPS3;RPS27;RPS20;RPL34;RPL7A;EIF4A3;PDE12;PCID2;RPLP2;SMG8;RPL36A;RPL24;CNOT7;RPS9;DCPS;RPS3A;PABPC1;RPS12;RPL22;RPL26;RPS29;RPL21;UPF1;XRN1;RPL3;RPL19;CNOT1;CSDE1;PELO;CNOT3;EXOSC8;RPL28;BTG2;RPS17
PAN/PNZ,GO,GO_GLUCOSE_CATABOLIC_PROCESS,2.3497312351685116,0.0,0.0003585891630146057,HK2;PGK1;GAPDH;TPI1;ENO2;ALDOA;ENO1;PKM;PFKP;GPI;PGM2L1;FOXK1;PGAM1;PFKL
PAN/PNZ,GO,GO_CELLULAR_RESPONSE_TO_GLUCOSE_STARVATION,2.324677586217312,0.0,0.0006659513027414105,SLC2A1;SESN2;HSPA5;UPP1;XBP1;ATF4;TBL2;ATG14;ZC3H12A;EIF2AK3;ASNS;NFE2L2;NUAK2;RRP8;PRKAA2;C12orf66;SH3GLB1
PAN/PNZ,GO,GO_NAD_METABOLIC_PROCESS,2.319186561032083,0.0,0.0006992488678784812,HK2;LDHA;PGK1;GAPDH;TPI1;ENO2;ALDOA;ENO1;PKM;PFKP;NT5E;GPI;NMNAT3;PGM2L1;KMO;FOXK1;PGAM1;PFKL
