zone,collection,Name,Term,ES,NES,NOM p-val,FDR q-val,FWER p-val,Tag %,Gene %,Lead_genes
LE/IT,Hallmark,prerank,HALLMARK_E2F_TARGETS,-0.5379194888157616,-3.078933790012297,0.0,0.0,0.0,126/195,26.18%,PAICS;NUP107;WEE1;LBR;PRDX4;SMC1A;TP53;BRCA2;RFC1;SMC4;HELLS;GINS4;NAA38;HMGB2;MTHFD2;MYC;CKS2;BARD1;AK2;BRCA1;SMC6;CDK4;NUP205;MLH1;DONSON;DCLRE1B;DEK;POLD3;SNRPB;CHEK2;CENPE;CHEK1;TCF19;MMS22L;STAG1;DEPDC1;RAD51AP1;BUB1B;LMNB1;CKS1B;LYAR;CDK1;NASP;MELK;ILF3;DLGAP5;TOP2A;SYNCRIP;ATAD2;HMMR;MKI67;E2F8;MCM6;WDR90;SSRP1;USP1;PPM1D;TIPIN;KIF4A;TK1;RRM2;CCNB2;KIF2C;POLD1;SPC25;POLE;CTCF;RFC3;PLK4;RPA3;SMC3;CDKN3;CDCA8;DDX39A;CSE1L;GINS3;AURKA;MYBL2;PPP1R8;MCM2;MXD3;TRA2B;ASF1B;LIG1;PCNA;CDC20;XPO1;PNN;CDC25B;MCM3;CDKN2C;EZH2;NUP153;CENPM;LUC7L3;GINS1;DSCC1;AURKB;TBRG4;ESPL1;EXOSC8;ORC6;CDCA3;NCAPD2;PRIM2;PTTG1;PLK1;CDKN1A;TUBB;MCM4;NBN;SPC24;TIMELESS;PHF5A;TACC3;PSMC3IP;MCM7;BIRC5;SPAG5;ANP32E;GSPT1;KPNA2;TRIP13;UBE2S;RACGAP1;MAD2L1
LE/IT,Hallmark,prerank,HALLMARK_TNFA_SIGNALING_VIA_NFKB,-0.5345102395544512,-3.001459379778609,0.0,0.0,0.0,105/196,17.56%,RELA;CCNL1;SOCS3;MCL1;ZBTB10;BTG1;TNC;TGIF1;TNFAIP3;CFLAR;BTG3;GEM;DRAM1;NFE2L2;SPSB1;KLF6;IER2;JAG1;SERPINE1;BCL2A1;TNFAIP8;BCL6;EFNA1;RIPK2;ATF3;PLAUR;CEBPD;PHLDA1;B4GALT1;MYC;NFKBIE;ABCA1;IFNGR2;HBEGF;CD44;NFKB1;NAMPT;TNIP2;LIF;BCL3;MARCKS;KLF10;FOS;MAFF;IRF1;TNFAIP6;PLAU;TIPARP;REL;CLCF1;JUNB;EGR2;IL7R;CCL20;PANX1;TRIP10;NFKBIA;PTX3;NFIL3;ZC3H12A;PTGER4;EGR1;ZFP36;PNRC1;KYNU;NFKB2;RELB;CCL2;VEGFA;CD69;MAP2K3;ICAM1;CCL5;IL6;FOSL2;KDM6B;TNIP1;CD80;BMP2;TRAF1;JUN;BIRC2;DUSP1;SERPINB8;FUT4;SAT1;AREG;CSF1;RCAN1;G0S2;MAP3K8;TNFRSF9;GPR183;TLR2;GCH1;SLC16A6;PHLDA2;DUSP5;IER5;IFIH1;NR4A3;TRIB1;FJX1;CEBPB;FOSL1
LE/IT,Hallmark,prerank,HALLMARK_EPITHELIAL_MESENCHYMAL_TRANSITION,-0.5124337549634019,-2.8640047603286063,0.0,0.0,0.0,97/192,15.46%,CALD1;LAMC1;PLOD1;LOX;TPM4;VIM;MMP14;CALU;TGFBI;PRRX1;ADAM12;TNC;COL5A2;NOTCH2;FSTL1;WIPF1;IGFBP2;COL4A1;COL1A1;TNFAIP3;COL4A2;ITGB3;FN1;COL6A2;FLNA;SERPINH1;GEM;SNTB1;CDH11;LOXL2;FBN1;ITGB1;PCOLCE2;GPC1;COL3A1;SERPINE1;TNFRSF12A;FERMT2;MSX1;COL6A3;VCAM1;ITGA5;PLAUR;DAB2;BMP1;TAGLN;GLIPR1;TIMP1;ITGA2;COL5A1;PPIB;GPX7;PLOD2;CD44;NNMT;MXRA5;COL7A1;LOXL1;MEST;THBS2;IGFBP3;ECM2;QSOX1;SNAI2;PCOLCE;THBS1;PTX3;LGALS1;VCAN;IGFBP4;PLOD3;BGN;NID2;ACTA2;VEGFA;SPARC;FMOD;EFEMP2;EMP3;IL6;LRRC15;COL1A2;FAS;TPM2;JUN;CTHRC1;SFRP4;SDC1;MYL9;LUM;SAT1;FBN2;AREG;ELN;COL8A2;MATN2;SPP1
LE/IT,Hallmark,prerank,HALLMARK_G2M_CHECKPOINT,-0.516814487332718,-2.846088412629829,0.0,0.0,0.0,120/189,28.12%,LBR;SMC1A;HNRNPU;NOTCH2;WRN;BRCA2;SMARCC1;SMC4;ABL1;RBL1;MYC;SS18;CKS2;BARD1;NUP98;SMC2;DKC1;FANCC;CDK4;KIF23;CENPF;BCL3;KPNB1;MARCKS;FBXO5;CENPE;CHEK1;BUB1;STAG1;KIF20B;CCNA2;LMNB1;CKS1B;CDK1;NASP;TTK;KIF11;CENPA;ILF3;TOP2A;KATNA1;SYNCRIP;HMMR;KIF15;SRSF10;MKI67;NDC80;MCM6;TOP1;KIF4A;PRC1;CCNB2;DBF4;KIF2C;POLE;ATF5;CTCF;STIL;PLK4;SAP30;POLQ;CDKN3;DDX39A;MTF2;EXO1;UBE2C;CCNT1;AURKA;MYBL2;SFPQ;NEK2;TRAIP;E2F3;MCM2;TRA2B;CDC20;XPO1;PBK;HIF1A;GINS2;TPX2;HOXC10;CDC25B;MCM3;CDKN2C;EZH2;NUSAP1;AURKB;DTYMK;ESPL1;RAD54L;ORC6;ODF2;PRIM2;TROAP;PTTG1;CCND1;PLK1;PML;CDC45;NCL;NUP50;TGFB1;CDC6;TACC3;NUMA1;BIRC5;GSPT1;SLC7A1;KPNA2;UBE2S;RACGAP1;MAD2L1;EGF;CASP8AP2;CHAF1A;LIG3;ODC1;G3BP1;HMGN2
LE/IT,Hallmark,prerank,HALLMARK_INTERFERON_GAMMA_RESPONSE,-0.4540017462930813,-2.4964893971655213,0.0,0.0,0.0,103/194,24.86%,PTPN2;SOCS3;LATS2;BTG1;HLA-A;SPPL2A;TNFAIP3;CASP3;SLAMF7;CASP8;IFNAR2;PNPT1;CASP4;PARP14;RIPK2;VCAM1;STAT3;HLA-B;MTHFD2;NCOA3;MYD88;IFI30;PSMB8;B2M;NFKB1;NAMPT;ISG20;DDX60;PLA2G4A;SAMD9L;UPP1;IRF1;TNFAIP6;GPR18;TXNIP;RIPK1;IFI44;ST8SIA4;NMI;NFKBIA;PTPN1;EPSTI1;SP110;TOR1B;APOL6;NOD1;CCL2;CD69;C1R;ICAM1;VAMP8;CCL5;IL6;HLA-DQA1;CASP1;PSMA2;FAS;IRF7;IL2RB;PSMB9;C1S;PLSCR1;SOCS1;IL7;IDO1;FPR1;GCH1;HIF1A;NLRC5;CD86;IFIH1;CMKLR1;CSF2RB;IL10RA;RNF213;GZMA;PARP12;HLA-G;PELI1;MVP;CASP7;IRF2;PSMA3;PML;TNFAIP2;CIITA;PNP;PSME2;CDKN1A;TRIM14;FCGR1A;IL15RA;OAS2;IL4R;LGALS3BP;OAS3;TRIM25;KLRK1;TRIM21;SOD2;STAT2;PTGS2;CXCL10
LE/IT,Hallmark,prerank,HALLMARK_IL6_JAK_STAT3_SIGNALING,-0.5106379438349036,-2.4909120031899947,0.0,0.0,0.0,52/84,26.91%,PTPN2;SOCS3;ITGB3;IL10RB;ITGA4;TNFRSF12A;STAT3;MYD88;IFNGR2;CD44;PLA2G2A;IFNAR1;TNFRSF1A;IRF1;HMOX1;IL2RA;IL1R2;BAK1;PTPN1;TNFRSF1B;IL2RG;OSMR;CD14;IL6;CCR1;FAS;JUN;CD9;SOCS1;CSF1;IL13RA1;IL7;MAP3K8;TLR2;CSF2RB;CD36;TYK2;PDGFC;A2M;IL15RA;IL4R;TGFB1;LTBR;STAT2;PIK3R5;CXCL10;CXCL13;CXCL3;CSF2;PIM1;IL1B;IL17RA
LE/IT,Hallmark,prerank,HALLMARK_ANGIOGENESIS,-0.6137442176152951,-2.458285027448739,0.0,0.0,0.0,23/35,23.27%,S100A4;STC1;COL5A2;FSTL1;JAG1;COL3A1;MSX1;NRP1;TIMP1;THBD;VCAN;VEGFA;KCNJ8;PRG2;LUM;SERPINA5;SPP1;CCND2;PDGFA;LPL;POSTN;CXCL6;VAV2
LE/IT,Hallmark,prerank,HALLMARK_ALLOGRAFT_REJECTION,-0.430486535159047,-2.385816832034537,0.0,0.0,0.0,109/181,30.66%,FCGR2B;HLA-A;FLNA;DEGS1;IFNAR2;GPR65;ETS1;F2R;GBP2;GALNT1;DYRK3;STAB1;RIPK2;RPL39;TIMP1;IFNGR2;B2M;BRCA1;MMP9;LIF;BCL3;ABCE1;CD28;BCAT1;IL2RA;ST8SIA4;CD3G;CTSS;CD1D;NCK1;CCR2;IL2RG;KLRD1;TLR6;CCL2;TAP2;PTPRC;ITGAL;ICAM1;PRF1;CCL5;IL6;CCR1;HLA-DQA1;FAS;IRF7;CD80;HLA-DRA;ZAP70;IL2RB;SRGN;IL11;TLR1;SOCS1;CSF1;HLA-DOA;IL7;CD3D;LYN;INHBB;CCR5;CD96;ITK;TLR2;BCL10;HIF1A;IKBKB;MAP3K7;CD86;CD2;CCND2;FGR;GZMA;ELF4;HLA-G;NCF4;MRPL3;CAPG;ITGB2;SIT1;CCL22;IL10;IL4R;TGFB1;HLA-E;CXCL13;EIF5A;TRAT1;CFP;CD79A;IL1B;CD7;IFNG;EIF3D;LCK;TAP1;NPM1;CCL7;EREG;MAP4K1;C2;CCL13;TRAF2;HLA-DOB;RPS19;TLR3;TNF;CD3E;WAS
LE/IT,Hallmark,prerank,HALLMARK_OXIDATIVE_PHOSPHORYLATION,0.5479698565418869,2.341269291552493,0.0,0.0,0.0,128/183,32.27%,NDUFB8;ATP6V1H;ATP1B1;IDH3A;ISCU;SLC25A12;ATP6V1E1;OAT;GOT2;MDH1;PDP1;SLC25A4;COX6A1;COX4I1;ACO2;NDUFC2;ATP6V1C1;ECHS1;NDUFA8;ACADSB;COX5B;NDUFAB1;GLUD1;SLC25A11;NDUFA4;ETFB;ATP6V1D;ATP6V0C;MFN2;MGST3;SDHA;NDUFB6;UQCR10;NDUFB1;VDAC3;PDHA1;NDUFA5;NDUFS3;NDUFV1;LDHB;ISCA1;PHYH;NDUFV2;SLC25A3;ALDH6A1;SUCLA2;TOMM22;UQCRH;NDUFA3;PRDX3;NDUFS1;NDUFA9;CYCS;FH;MTX2;GRPEL1;ATP6V0B;COX17;NNT;COX7A2L;UQCRC2;NDUFA2;SDHB;MRPL34;OPA1;COX8A;GPX4;UQCRFS1;NDUFC1;COX5A;NDUFB4;MRPL35;NDUFS2;NDUFB5;ATP6V1F;CYC1;VDAC2;MTRR;MRPS11;PDHX;CS;NDUFS8;GPI;SUCLG1;COX7A2;IDH3B;NDUFS6;ACADM;ACAT1;UQCRB;ALAS1;VDAC1;NDUFA1;TIMM10;TIMM17A;HCCS;UQCRC1;MRPS15;DLAT;IDH3G;COX6B1;ATP6AP1;PDHB;DLD;SURF1;SDHC;PDK4;COX6C;MAOB;SLC25A5;ETFDH;AFG3L2;SDHD;DECR1;OXA1L;COX11;COX7C;TIMM50;SLC25A6;ACAA1;LRPPRC;FDX1;COX15;NQO2;NDUFB7;NDUFB2;NDUFS7;IMMT
LE/IT,Hallmark,prerank,HALLMARK_HYPOXIA,-0.41552480440565565,-2.1805577640466725,0.0,0.0,0.0,66/184,14.29%,WSB1;CXCR4;P4HA1;LOX;TMEM45A;ATP7A;S100A4;STC2;LDHA;TGFBI;BTG1;GBE1;STC1;HSPA5;TNFAIP3;HK2;CAV1;KLF6;ADM;ETS1;GPC1;SERPINE1;PLIN2;ANXA2;CA12;EFNA1;ATF3;PLAUR;GYS1;GPC4;COL5A1;ISG20;ZNF292;CASP6;FOS;MAFF;HMOX1;TIPARP;IGFBP3;MYH9;NFIL3;ZFP36;BGN;PNRC1;TES;PGM2;VHL;PGF;VEGFA;STBD1;CP;IL6;SIAH2;SRPX;ANGPTL4;FOSL2;SAP30;JUN;KDM3A;CHST2;DUSP1;MAP3K1;GALK1;PAM;EXT1;JMJD6
LE/IT,Hallmark,prerank,HALLMARK_INFLAMMATORY_RESPONSE,-0.37994059669997,-2.084743319536055,0.0,0.0004588659455916093,0.001001001001001001,100/190,26.21%,GNAI3;RELA;MMP14;MSR1;C5AR1;CD48;ITGB3;RGS16;KLF6;ADM;HAS2;SERPINE1;DCBLD2;RGS1;STAB1;RIPK2;ITGA5;FZD5;PLAUR;MYC;ABCA1;TIMP1;IFNGR2;HBEGF;NFKB1;NAMPT;LIF;PDPN;IFNAR1;IRF1;TNFAIP6;NMI;IL7R;CCL20;SLC31A1;NFKBIA;CLEC5A;PTGER4;TNFRSF1B;OSMR;CCL2;OSM;LAMP3;CD14;TNFSF15;CD69;NOD2;ICAM1;EMP3;CCL5;IL6;GPR132;HRH1;MARCO;IRF7;CD70;IL2RB;CHST2;TLR1;CSF1;SLAMF1;TNFRSF9;LYN;CYBB;GPR183;FPR1;TLR2;GCH1;HIF1A;NMUR1;FFAR2;CMKLR1;CCR7;IL10RA;CXCR6;SLC28A2;GNA15;CSF3;SGMS2;BDKRB1;SELE;CDKN1A;AHR;CCL22;IL15RA;IL10;IL4R;RAF1;CXCL6;MEFV;LDLR;PIK3R5;CXCL10;AXL;CCRL2;PTGIR;SLC7A1;PVR;PTPRE;RHOG
LE/IT,Hallmark,prerank,HALLMARK_INTERFERON_ALPHA_RESPONSE,-0.40949872612225297,-2.04604467437148,0.0,0.0008343017192574715,0.002002002002002002,46/92,24.98%,SAMD9;CASP8;TRIM5;PNPT1;GBP2;PARP14;RIPK2;IFI30;PSMB8;B2M;HLA-C;MOV10;ISG20;DDX60;SAMD9L;IRF1;PARP9;TXNIP;IFI44;NMI;TMEM140;LPAR6;EPSTI1;SP110;ELF1;LAMP3;CASP1;IRF7;PSMB9;C1S;PLSCR1;CSF1;IL7;IFIH1;PARP12;IRF2;PSMA3;PSME2;TRIM14;IL4R;LGALS3BP;TRIM25;TRIM21;STAT2;CXCL10;CCRL2
LE/IT,Hallmark,prerank,HALLMARK_APOPTOSIS,-0.3493773072653629,-1.8835335496919519,0.0,0.0026767180159510545,0.007007007007007007,58/153,16.54%,RELA;WEE1;MCL1;ANXA1;ROCK1;CFLAR;BTG3;CASP3;LMNA;CASP8;BCL2L11;DPYD;CAV1;F2R;TNFRSF12A;EMP1;CDK2;CASP4;ATF3;HMGB2;TIMP1;BMF;BRCA1;CD44;IGF2R;ISG20;CASP6;NEDD9;IRF1;HMOX1;ETF1;TXNIP;TOP2A;BAX;KRT18;DNAJC3;BGN;RARA;CD14;CD69;PLAT;PRF1;IL6;CASP1;FAS;TSPO;BMP2;JUN;LUM;DAP;SAT1;LEF1;AVPR1A;GCH1;BCL10;CASP2;CD2;CDC25B
LE/IT,Hallmark,prerank,HALLMARK_KRAS_SIGNALING_DN,0.43816582581585156,1.84206878380262,0.0,0.0007517426762039273,0.003,55/141,22.23%,SMPX;NGB;SLC30A3;ARHGDIG;RYR2;MAST3;ARPP21;SNCB;CPEB3;SPTBN2;THRB;KCNN1;CLSTN3;ABCG4;SNN;MFSD6;PNMT;PRODH;NUDT11;CAMK1D;PDK2;KLK7;P2RX6;MYOT;YPEL1;ADRA2C;DLK2;FGFR3;ACTC1;NRIP2;DTNB;SLC25A23;RGS11;TEX15;CNTFR;EFHD1;WNT16;CAPN9;CELSR2;EPHA5;RYR1;CCNA1;THNSL2;FGGY;PTGFR;SLC38A3;SOX10;ALOX12B;ZBTB16;TFCP2L1;SIDT1;GPR19;BMPR1B;DCC;MAGIX
LE/IT,Hallmark,prerank,HALLMARK_COAGULATION,-0.3520249673638367,-1.8177836153131959,0.0,0.0024708166301086656,0.007007007007007007,36/112,13.43%,MMP14;ANXA1;GNG12;ITGB3;FN1;PROS1;FBN1;SERPINE1;ADAM9;BMP1;WDR1;CAPN2;TIMP1;F2RL2;ITGA2;MMP7;ANG;MMP9;DUSP6;THBD;MAFF;PLAU;CAPN5;CFI;THBS1;P2RY1;PRSS23;ARF4;PLAT;C1R;SPARC;MMP11;ITIH1;C1S;GNB2;CD9
LE/IT,Hallmark,prerank,HALLMARK_MYC_TARGETS_V1,-0.32577732923928604,-1.804684454077517,0.0,0.002622091117666339,0.008008008008008008,85/194,28.73%,GNL3;LDHA;PRDX4;SERBP1;HNRNPU;SNRPG;SMARCC1;HSPD1;DDX21;FAM120A;CDK2;DDX18;HNRNPC;RPS2;MYC;LSM7;EIF4A1;CBX3;CDK4;PABPC1;KPNB1;CANX;ABCE1;DEK;ETF1;PABPC4;SET;CCNA2;EIF2S2;RRM1;SYNCRIP;FBL;HDGF;CAD;HDAC2;EIF4G2;IFRD1;MCM6;USP1;PSMA2;RPLP0;TYMS;SNRPB2;MCM2;TRA2B;PCNA;UBA2;CDC20;XPO1;RSL1D1;HNRNPA2B1;PSMA4;RFC4;EIF3B;IMPDH2;HSPE1;RPL6;CCT2;CDC45;MCM4;PGK1;ILF2;CCT5;NCBP1;UBE2E1;U2AF1;LSM2;MCM7;PPM1G;GSPT1;KPNA2;SSBP1;MAD2L1;SNRPD2;XPOT;PRPF31;SF3B3;EIF3D;EIF2S1;NPM1;RRP9;ODC1;G3BP1;DHX15;MRPL9
LE/IT,Hallmark,prerank,HALLMARK_GLYCOLYSIS,-0.32776423357823375,-1.7908613063539516,0.0,0.0024472850431552498,0.008008008008008008,66/187,17.85%,CXCR4;P4HA1;PLOD1;STC2;LDHA;TGFBI;STC1;HSPA5;HK2;GPC1;PMM2;GUSB;GYS1;B4GALT1;GPC4;SLC16A3;COL5A1;PLOD2;CD44;ANG;ISG20;NANP;ZNF292;CASP6;CHPF;CAPN5;DEPDC1;IGFBP3;SLC25A13;QSOX1;CDK1;B4GALT4;NASP;CENPA;PYGL;CHPF2;SPAG4;HMMR;LHX9;VCAN;PGM2;COPB2;CLN6;AGRN;VEGFA;ANGPTL4;PGLS;SAP30;BPNT1;HS2ST1;SDC1;CHST2;GALK1;KIF20A;PAM;EXT1;AURKA;IL13RA1;TXN;IDH1;CHST12;EXT2;KDELR3;B4GALT7;DDIT4;RPE
LE/IT,Hallmark,prerank,HALLMARK_IL2_STAT5_SIGNALING,-0.3087160587794793,-1.7337549291294163,0.0,0.002867912159947558,0.01001001001001001,75/186,23.48%,P4HA1;MAPKAPK2;CD48;CASP3;SLC1A5;RGS16;HK2;CKAP4;KLF6;PTRH2;GPR65;MYO1E;EMP1;COL6A1;PLIN2;NRP1;PHLDA1;MYC;NCOA3;F2RL2;CD44;IGF2R;LIF;TWSG1;XBP1;MAFF;NFKBIZ;CISH;CDCP1;IL2RA;SPRED2;IL1R2;NFIL3;TNFRSF1B;BATF3;MYO1C;SOCS2;ENPP1;BMP2;TRAF1;IL2RB;CST7;UMPS;PLSCR1;SOCS1;CSF1;POU2F1;MAP3K8;TNFRSF9;SPP1;BATF;CD86;MUC1;SPRY4;IL10RA;CCND2;GALM;RHOH;SERPINB6;GLIPR2;CAPG;TNFRSF4;PNP;SNX9;FLT3LG;AHR;IL10;SLC39A8;DCPS;IL4R;RNH1;TNFSF11;CDC6;FURIN;IKZF4
LE/IT,Hallmark,prerank,HALLMARK_UNFOLDED_PROTEIN_RESPONSE,-0.33924106079834204,-1.7185051778251634,0.0,0.003508974878053483,0.013013013013013013,38/107,18.01%,SEC31A;SSR1;HSP90B1;EIF4EBP1;FKBP14;STC2;HSPA5;CALR;ATF3;SHC1;MTHFD2;PDIA6;EIF4A1;DKC1;PDIA5;NABP1;XBP1;EIF4A3;NFYA;CEBPG;CNOT2;CKS1B;DCP1A;SEC11A;ATF4;DNAJC3;CCL2;EIF2AK3;VEGFA;SLC30A5;CNOT6;HSPA9;IGFBP1;KDELR3;WIPI1;CEBPB;DDIT4;EXOSC9
LE/IT,Hallmark,prerank,HALLMARK_MTORC1_SIGNALING,-0.307919110223019,-1.701957537053294,0.0,0.003823882879930077,0.015015015015015015,73/194,21.56%,CXCR4;P4HA1;SSR1;HSP90B1;ACLY;LDHA;GBE1;GMPS;RIT1;STC1;HSPA5;CCT6A;SLC1A5;CALR;HK2;SERPINH1;HSPD1;SHMT2;CTSC;TCEA1;MTHFD2;SDF2L1;TRIB3;IFI30;PLOD2;ACTR3;NUP205;NAMPT;HSPA4;CANX;XBP1;IGFBP5;ETF1;BCAT1;BUB1;EIF2S2;SEC11A;NFIL3;PNO1;IFRD1;TES;RRM2;ELOVL6;MAP2K3;YKT6;RPN1;CD9;DDX39A;AURKA;DHFR;PDAP1;MCM2;HSPA9;DAPP1;IDH1;TOMM40;NUFIP1;DDIT4;PSMA4;PDK1;UBE2D3;EDEM1;HSPE1;PSMA3;PLK1;GLA;PNP;CDKN1A;NUPR1;MCM4;PGK1;ITGB2;USO1
LE/IT,Hallmark,prerank,HALLMARK_MYC_TARGETS_V2,-0.3827475522780464,-1.6809964611598438,0.0091324200913242,0.004588659455916093,0.01901901901901902,26/58,27.79%,GNL3;HK2;UTP20;HSPD1;DDX18;MYC;WDR43;CBX3;CDK4;LAS1L;IPO4;NIP7;PLK4;PPAN;TBRG4;HSPE1;PLK1;TFB2M;MPHOSPH10;MCM4;PES1;BYSL;MAP3K6;GRWD1;NPM1;RRP9
LE/IT,Hallmark,prerank,HALLMARK_MITOTIC_SPINDLE,-0.2941084714078774,-1.6401282804758357,0.0,0.005965257292690921,0.026026026026026026,77/197,20.79%,VCL;SMC1A;CNTRL;NOTCH2;BRCA2;ROCK1;PXN;FLNA;BCL2L11;WASF2;PLEKHG2;MYO9B;RFC1;KNTC1;SMC4;PALLD;MYO1E;CD2AP;ABL1;SASS6;KIF23;CENPF;SOS1;MARCKS;UXT;FBXO5;NEDD9;CENPE;BUB1;KIF20B;AKAP13;MYH9;LMNB1;NIN;CDK1;TTK;KIF11;DLGAP5;TOP2A;KATNA1;ALMS1;MAPRE1;KIF15;ARAP3;NCK1;LATS1;NDC80;ARF6;KIF4A;PRC1;CCNB2;KIF2C;SMC3;HOOK3;CEP57;FLNB;AURKA;BCAR1;PKD2;NEK2;TRIO;ECT2;ARFGEF1;TPX2;CEP192;ACTN4;NUSAP1;CDC42EP1;MID1;TUBD1;ESPL1;CENPJ;PLK1;MAP3K11;PPP4R2;ARHGEF2;CEP250
LE/IT,Hallmark,prerank,HALLMARK_FATTY_ACID_METABOLISM,0.3899482194288764,1.6321812299767684,0.0,0.0155360153082145,0.089,75/146,30.54%,GAD2;GABARAPL1;YWHAH;MDH1;ME1;RAP1GDS1;ACO2;ECHS1;ALDH1A1;UROS;EPHX1;CA4;MAOA;SERINC1;AUH;CIDEA;SDHA;ACSS1;PDHA1;ACOT8;PCBD1;SUCLA2;IDI1;DHCR24;ACSL4;GPD2;FH;MGLL;ENO2;ALAD;GRHPR;GLUL;FABP1;BPHL;GCDH;AADAT;GPD1;HSD17B11;UROD;SUCLG1;IDH3B;BMPR1B;ACADM;HMGCS1;HSPH1;HSD17B4;METAP1;HCCS;NTHL1;CBR3;IDH3G;PTS;REEP6;UBE2L6;PDHB;DLD;NSDHL;APEX1;CBR1;ACSL5;SLC22A5;SDHC;ACOX1;GSTZ1;ACOT2;ETFDH;CA2;ACAT2;TP53INP2;SDHD;DECR1;CPOX;BCKDHB;MLYCD;ACAA1
LE/IT,Hallmark,prerank,HALLMARK_PEROXISOME,0.3877466070504567,1.5604686251020221,0.004744958481613286,0.02430634653059365,0.171,45/98,31.27%,CACNA1B;FABP6;YWHAH;SLC25A4;SOD1;DLG4;SLC27A2;ALDH1A1;ABCC8;SLC23A2;RXRG;FIS1;PRDX5;ABCD2;ACOT8;IDI1;DHCR24;HRAS;ACSL4;PEX11B;STS;ERCC3;EPHX2;PEX5;CRABP1;ABCB1;CTBP1;HSD17B11;CADM1;ABCB9;FDPS;ABCC5;HSD17B4;SEMA3C;ALB;PRDX1;UGT2B17;ACSL5;ACOX1;ISOC1;MLYCD;ACAA1;ITGB1BP1;PEX14;FADS1
LE/IT,Hallmark,prerank,HALLMARK_PANCREAS_BETA_CELLS,0.4782812271615563,1.5540243014630273,0.017264276228419653,0.021149027290537154,0.182,9/31,9.90%,SST;CHGA;STXBP1;PCSK2;SYT13;PAK3;SCGN;ABCC8;PAX6
LE/IT,Hallmark,prerank,HALLMARK_TGF_BETA_SIGNALING,-0.3471409853100667,-1.553576070956827,0.0,0.009177318911832186,0.042042042042042045,23/54,23.39%,TGIF1;SERPINE1;IFNGR2;KLF10;TGFBR1;WWTR1;JUNB;THBS1;HDAC1;FNTA;SMURF2;BMP2;SMAD1;MAP3K7;ENG;LTBP2;UBE2D3;PMEPA1;ARID4B;SKIL;TGFB1;RAB31;FURIN
LE/IT,Hallmark,prerank,HALLMARK_COMPLEMENT,-0.27784522631098246,-1.5217938368818715,0.0,0.010845922350347129,0.05205205205205205,87/182,26.76%,GNAI3;MMP14;HSPA5;CBLB;TNFAIP3;COL4A2;FN1;CASP3;GNB4;S100A9;APOBEC3F;SERPINE1;CTSC;CASP4;ADAM9;PLAUR;TIMP1;ANG;DUSP6;PLA2G4A;MAFF;IRF1;CTSS;FCER1G;KYNU;SH2B3;PLAT;C1R;CP;CCL5;IL6;PPP4C;LTF;ZEB1;ERAP2;CASP1;ITIH1;GATA3;IRF7;PSMB9;C1S;GNB2;PLSCR1;APOBEC3G;C1QA;LYN;SIRT6;CR1;DUSP5;SERPINA1;PIK3CA;CASP5;CEBPB;MMP13;CD36;GZMA;CTSB;CTSO;PFN1;ANXA5;FCN1;GNAI2;CASP7;IRF2;C3;DYRK2;LGALS3;PLEK;TIMP2;GZMK;C1QC;USP16;MMP12;F5;RAF1;RCE1;ITGAM;CD46;PIK3CG;MMP15;PIK3R5;USP8;TFPI2;S100A12;RHOG;LAP3;PIM1
LE/IT,Hallmark,prerank,HALLMARK_MYOGENESIS,0.3519965602045791,1.512115959270809,0.0010893246187363835,0.0272297902713867,0.274,76/181,25.83%,TNNT2;PVALB;ANKRD2;TPD52L1;MAPRE3;PFKM;GNAO1;TNNT1;FABP3;CAMK2B;MRAS;ACTA1;KCNH1;PDE4DIP;EIF4A2;VIPR1;PRNP;REEP1;ACTN2;GABARAPL2;ABLIM1;MYL6B;CASQ1;FXYD1;MYOM2;SPTAN1;MEF2C;APOD;TNNC2;CKB;CDH13;PYGM;AK1;BAG1;HSPB8;BIN1;PKIA;SGCD;COX7A1;PPFIA4;ACTC1;SCHIP1;LPIN1;PC;DTNA;LDB3;SORBS1;IGF1;PPP1R3C;FKBP1B;RYR1;MAPK12;DAPK2;MEF2A;NCAM1;PICK1;MYOM1;ACHE;DMD;SCD;TSC2;HSPB2;FDPS;APP;SH2B1;MYL3;KLF5;ADCY9;SIRT2;NQO1;NOS1;CKMT2;ERBB3;HDAC5;FGF2;ATP6AP1
LE/IT,Hallmark,prerank,HALLMARK_BILE_ACID_METABOLISM,0.3754844880487673,1.5110839666253217,0.00813953488372093,0.02362619839498057,0.277,45/100,31.54%,PFKM;OPTN;CYP46A1;SOD1;ABCG4;SLC27A2;ALDH1A1;DIO2;NR3C2;SLC23A2;SLCO1A2;RXRG;PRDX5;ABCA5;ABCD2;HSD17B6;PEX19;PHYH;IDI1;DHCR24;BCAR3;EPHX2;PAOX;ABCA2;BBOX1;ABCA3;SLC27A5;AMACR;HSD17B11;TFCP2L1;HSD17B4;NUDT12;PXMP2;FADS2;PEX16;GNMT;ACSL5;ABCA6;ISOC1;LIPE;MLYCD;CYP39A1;CYP7B1;FADS1;PIPOX
LE/IT,Hallmark,prerank,HALLMARK_ADIPOGENESIS,0.33734570356010235,1.4508806112419166,0.004314994606256742,0.03915326438562121,0.46,87/192,31.76%,SNCG;IDH3A;QDPR;NKIRAS1;RTN3;SOD1;ALDH2;COX6A1;RNF11;GHITM;ME1;ACO2;ECHS1;SPARCL1;CIDEA;NDUFAB1;REEP5;PTGER3;SULT1A1;GPAM;YWHAG;ITSN1;ETFB;ENPP2;PPM1B;COQ3;MGST3;UQCR10;HSPB8;CYP4B1;NDUFA5;NDUFS3;PHYH;TALDO1;NMT1;CHCHD10;PRDX3;GPD2;PDCD4;SORBS1;GPHN;GRPEL1;EPHX2;MGLL;SDHB;COX8A;GPX4;CMBL;SAMM50;OMD;MTCH2;G3BP2;CYC1;DHRS7;CS;TOB1;AGPAT3;SUCLG1;MCCC1;ACADM;UQCRC1;DBT;DLAT;IDH3G;CCNG2;REEP6;BCL2L13;FAH;DLD;TKT;SDHC;ACOX1;UBQLN1;STOM;DECR1;DHRS7B;ATL2;LIPE;TST;MRAP;PEX14;ALDOA;CMPK1;LIFR;NDUFB7;MAP4K3;ADIPOR2
LE/IT,Hallmark,prerank,HALLMARK_WNT_BETA_CATENIN_SIGNALING,-0.3495519375212846,-1.4371857877220355,0.03404255319148936,0.020948227950921296,0.1001001001001001,14/39,20.41%,ADAM17;TP53;JAG1;MAML1;MYC;DVL2;HDAC2;FZD1;NOTCH1;LEF1;CCND2;AXIN1;NCSTN;RBPJ
LE/IT,Hallmark,prerank,HALLMARK_APICAL_JUNCTION,-0.2614390603568143,-1.4302852807541595,0.0,0.021222549983611932,0.10510510510510511,47/179,13.02%,CTNNA1;CD276;VCL;TGFBI;CDH11;FBN1;ITGB1;CNN2;VASP;ACTG1;CTNND1;ADAM9;MSN;VCAM1;DMP1;SHC1;BMP1;B4GALT1;RSU1;LIMA1;ITGA2;NEXN;MMP9;THBS3;MYH9;ACTN1;ACTG2;PARD6G;VCAN;PCDH1;EXOC4;PBX2;ITGA3;FLNC;CLDN7;PTPRC;RRAS;ICAM1;ADAMTS5;ADAM15;ZYX;INPPL1;CD99;TRAF1;MDK;CD209;MYL9
LE/IT,Hallmark,prerank,HALLMARK_P53_PATHWAY,-0.25516852656378336,-1.4161200633999245,0.014492753623188406,0.02275975090134382,0.11711711711711711,69/189,21.26%,SP1;NOL8;ZFP36L1;S100A4;SEC61A1;BTG1;TP53;RGS16;ST14;DRAM1;F2R;PTPN14;ATF3;TRIB3;IFI30;HBEGF;RAP2B;STEAP3;LIF;FOS;UPP1;HMOX1;POLH;TXNIP;PLXNB2;BAX;MDM2;BAK1;GM2A;IRAK1;VDR;PPM1D;TM4SF1;VAMP8;S100A10;CASP1;FAS;CCNK;MKNK2;BMP2;JUN;SDC1;NOTCH1;AEN;SAT1;SOCS1;SERTAD3;INHBB;PCNA;DNTTIP2;RB1;POM121;SLC35D1;IER5;RPS27L;CCND2;DDIT4;EPHA2;PDGFA;TRIAP1;OSGIN1;PLK3;ADA;PVT1;CDKN1A;NUPR1;TAX1BP3;EI24;HDAC3
LE/IT,Hallmark,prerank,HALLMARK_REACTIVE_OXYGEN_SPECIES_PATHWAY,0.38796418591701365,1.4009669175501758,0.05721716514954486,0.05885866731463341,0.635,16/46,18.51%,IPCEF1;CDKN2D;PRNP;SOD1;MBP;PFKP;MPO;PRDX2;MGST1;HMOX2;STK25;GLRX2;GPX4;ATOX1;NDUFB4;NDUFS2
LE/IT,Hallmark,prerank,HALLMARK_SPERMATOGENESIS,0.3426910026958754,1.3825278510207484,0.03896103896103896,0.06485033486719212,0.701,42/102,28.47%,HTR5A;NEFH;SNAP91;PEBP1;CAMK4;GAD1;DDX25;SCG5;SCG3;MAP7;NPY5R;GSTM3;CLVS1;STRBP;ART3;VDAC3;CNIH2;LPIN1;IL12RB2;PCSK1N;ADCYAP1;TALDO1;PHKG2;HSPA2;MTOR;IP6K1;PACRG;CCNA1;HSPA4L;CLGN;PARP2;DDX4;DCC;NOS1;ZC2HC1C;HSPA1L;NF2;SHE;POMC;GRM8;OAZ3;TLE4
LE/IT,Hallmark,prerank,HALLMARK_ESTROGEN_RESPONSE_EARLY,0.31999091553188075,1.374258533692448,0.016059957173447537,0.06446762950476104,0.737,62/187,20.62%,TPD52L1;INPP5F;SLC1A4;SYBU;OLFM1;SYNGR1;REEP1;RAPGEFL1;TIAM1;TMPRSS3;CALB2;SLC27A2;EGR3;ADCY1;NPY1R;CYP26B1;ABLIM1;SLC1A1;ADD3;WFS1;SH3BP5;FDFT1;WWC1;PGR;MAPT;SLC24A3;ITPK1;BAG1;HSPB8;DEPTOR;BCL11B;CBFA2T3;IL17RB;RASGRP1;ABAT;RET;BCL2;HR;ARL3;ASB13;FKBP4;UNC119;GFRA1;SLC9A3R1;MPPED2;CELSR2;AQP3;TBC1D30;SYT12;SEC14L2;THSD4;ABCA3;RRP12;TFAP2C;GREB1;AMFR;P2RY2;KAZN;PMAIP1;TOB1;RPS6KA2;ABHD2
LE/IT,Hallmark,prerank,HALLMARK_ESTROGEN_RESPONSE_LATE,0.3072030704261388,1.3236277188649261,0.035637149028077755,0.09810241924461252,0.887,57/186,20.62%,TPD52L1;SLC1A4;OLFM1;PCP4;HPRT1;RAPGEFL1;TIAM1;CPE;TMPRSS3;PRKAR2B;SLC27A2;EGR3;NPY1R;CYP26B1;DNAJC12;ADD3;DUSP2;PTGER3;WFS1;CACNA2D2;ETFB;FDFT1;CKB;PGR;MAPT;SLC24A3;ITPK1;BAG1;HSPB8;FGFR3;IL17RB;CYP4F11;SNX10;MOCS2;RET;BCL2;DCXR;PDCD4;HR;HOMER2;ARL3;TSPAN13;FKBP4;SLC9A3R1;ASS1;CELSR2;CCNA1;PLXNB1;HSPA4L;ABCA3;IGSF1;TFAP2C;AMFR;CHST8;TOB1;RPS6KA2;ABHD2
LE/IT,Hallmark,prerank,HALLMARK_HEDGEHOG_SIGNALING,0.3887904895362783,1.2801917703605767,0.13760217983651227,0.13392584908371505,0.964,15/32,25.45%,RTN1;CDK5R1;AMOT;L1CAM;DPYSL2;SLIT1;CNTFR;CRMP1;LDB1;ETS2;UNC5C;ACHE;THY1;RASA1;SCG2
LE/IT,Hallmark,prerank,HALLMARK_HEME_METABOLISM,0.289928432218937,1.2451632737659164,0.08116883116883117,0.16713745500933985,0.986,52/182,23.69%,SNCA;SYNJ1;HBQ1;ACSL6;XK;HAGH;ATP6V0A1;OPTN;TSPAN5;RAP1GAP;BTRC;SELENBP1;SPTB;UROS;TMCC2;MPP1;LPIN2;PRDX2;FBXO34;MGST3;EZH1;ALDH1L1;ANK1;UBAC1;SLC30A10;GDE1;PC;DCAF11;ISCA1;FBXO9;ALDH6A1;ADD1;YPEL5;KAT2B;NNT;CCDC28A;CCND3;ALAD;ASNS;AQP3;ADD2;PPP2R5B;GYPA;UROD;FN3K;FECH;HBB;ABCG2;MXI1;AGPAT4;ENDOD1;GLRX5
LE/IT,Hallmark,prerank,HALLMARK_ANDROGEN_RESPONSE,-0.24196259366416248,-1.2152289188185939,0.07142857142857142,0.10465673297531704,0.44044044044044045,26/93,15.76%,GNAI3;LMAN1;SLC26A2;ZBTB10;ELK4;PGM3;IQGAP2;TNFAIP8;B4GALT1;B2M;SEC24D;ADAMTS1;ACTN1;MAK;CENPN;KRT8;UBE2J1;RPS6KA3;XRCC5;MYL12A;NGLY1;UBE2I;SAT1;CDK6;TMEM50A;SRF
LE/IT,Hallmark,prerank,HALLMARK_DNA_REPAIR,-0.23003882470613782,-1.2139188249108992,0.036036036036036036,0.10214016048168784,0.44344344344344344,38/142,18.88%,RALA;SEC61A1;TP53;CANT1;SDCBP;SMAD5;POLD3;POLH;ERCC4;POLA1;VPS37B;SSRP1;ZNRD1;POLD1;RAD52;RFC3;MRPL40;RPA3;ZWINT;APRT;TYMS;RAD51;REV3L;UMPS;CLP1;ITPA;POLR3C;LIG1;ELL;PCNA;POLR2H;POM121;NME4;RFC5;BOLA2;RFC4;TAF12;IMPDH2
LE/IT,Hallmark,prerank,HALLMARK_NOTCH_SIGNALING,-0.3068137486820645,-1.2058696787199827,0.1752988047808765,0.10553916748607015,0.4674674674674675,11/32,13.21%,MAML2;NOTCH2;JAG1;FZD5;NOTCH3;APH1A;FZD7;DTX2;SAP30;FZD1;NOTCH1
LE/IT,Hallmark,prerank,HALLMARK_UV_RESPONSE_UP,0.2864497802009169,1.2040097571245363,0.13736263736263737,0.21342809847069724,0.995,48/147,22.10%,CCK;TUBA4A;MAPK8IP2;OLFM1;GLS;KLHDC3;SLC25A4;DLG4;NPTXR;EPCAM;ATP6V1C1;NTRK3;PSMC3;LHX2;CLTB;EPHX1;TYRO3;MAOA;SULT1A1;HTR7;NPTX2;PTPRD;CNP;SLC6A12;RASGRP1;PLCL1;RXRB;RET;HSPA2;STK25;FKBP4;GRPEL1;CYB5B;CCND3;ENO2;ASNS;AQP3;CHKA;PRKCD;ATP6V1F;ABCB1;PPP1R2;UROD;PARP2;GRINA;EIF5;FOSB;ALAS1
LE/IT,Hallmark,prerank,HALLMARK_XENOBIOTIC_METABOLISM,0.2795660888588542,1.2028335663214194,0.1262135922330097,0.201561005057178,0.996,64/178,28.93%,SPINT2;RBP4;GABARAPL1;CYFIP2;CYP17A1;PINK1;GAD1;CYP2J2;HPRT1;ARPP19;RAP1GAP;ALDH2;CYP2E1;ATP2A2;AKR1C2;NDRG2;ACO2;EPHX1;MAOA;PTGDS;AKR1C3;ABHD6;LPIN2;TTPA;ABCD2;PC;SLC6A12;PGRMC1;PMM1;NMT1;DCXR;IGF1;MPP2;CNDP2;GSTO1;CYP26A1;FABP1;ETS2;NFS1;BPHL;GSTM4;HSD11B1;DHRS7;LCAT;AP4B1;ALAS1;CDO1;ACP1;NQO1;IRF8;PTS;FAH;F10;GNMT;MAN1A1;CBR1;ATOH8;CDA;PDK4;DHPS;GCLC;ACOX1;ETFDH;CA2
LE/IT,Hallmark,prerank,HALLMARK_KRAS_SIGNALING_UP,0.23157297781626776,1.0035674279796876,0.48767416934619506,0.609913891293453,1.0,35/190,12.63%,TNNT2;NAP1L2;SNAP25;RBP4;SNAP91;PTPRR;GABRA3;PEG3;FGF9;KIF5C;TSPAN7;PCP4;SCG5;CAB39L;RELN;CPE;PTBP2;GPRC5B;SCG3;SPARCL1;SCN1B;MAP7;CIDEA;BTBD3;EPB41L3;APOD;SATB1;PRKG2;MMD;SPON1;USP12;ST6GAL1;MTMR10;PCSK1N;USH1C
LE/IT,Hallmark,prerank,HALLMARK_UV_RESPONSE_DN,0.2265512837706498,0.9488515440388225,0.5723905723905723,0.7118167874010964,1.0,36/138,20.32%,RGS4;CAP2;AMPH;PRKCE;KCNMA1;KALRN;ARHGEF9;ATP2B1;SCN8A;WDR37;PRKAR2B;ADD3;CELF2;PRKCA;ICA1;SYNE1;DDAH1;SCHIP1;CACNA1A;SPOP;NR1D2;PRDM2;SYNJ2;BDNF;MAGI2;MAP1B;MGLL;MT1E;PTPRM;MGMT;PTGFR;SMAD3;SMAD7;PLCB4;KIT;SRI
LE/IT,Hallmark,prerank,HALLMARK_APICAL_SURFACE,0.26587424612948996,0.9099537800544539,0.6197368421052631,0.7656433214796982,1.0,14/38,24.75%,RTN4RL1;MAL;EFNA5;GSTM3;RHCG;CD160;AKAP7;TMEM8B;THY1;GHRL;APP;SLC2A4;CX3CL1;SHROOM2
LE/IT,Hallmark,prerank,HALLMARK_CHOLESTEROL_HOMEOSTASIS,0.23557071740601662,0.9043324189570398,0.6332138590203107,0.7392386896897354,1.0,34/72,29.92%,MAL2;ALDOC;FDFT1;HMGCR;GSTM2;IDI1;TM7SF2;CPEB2;PMVK;GNAI1;ABCA2;CHKA;ATXN2;CBS;SCD;ALCAM;PCYT2;FDPS;HMGCS1;PDK3;SREBF2;FADS2;EBP;MVK;STARD4;NSDHL;CYP51A1;CLU;LGMN;FBXO6;STX5;ACAT2;ACSS2;SEMA3B
LE/IT,Hallmark,prerank,HALLMARK_PROTEIN_SECRETION,0.2042998785936929,0.8156199935412293,0.8002296211251435,0.8656018605902428,1.0,27/95,23.68%,SH3GL2;ATP6V1H;SOD1;NAPG;STAM;DNM1L;AP2M1;SCAMP1;ICA1;STX7;SCRN1;AP2B1;MAPK1;GBF1;TPD52;OCRL;NAPA;CLTA;TSPAN8;STX12;SGMS1;RAB2A;GNAS;ARFGEF2;ATP1A1;VAMP4;TSG101
LE/IT,Hallmark,prerank,HALLMARK_PI3K_AKT_MTOR_SIGNALING,0.19998093334253275,0.8092140358270655,0.8105263157894737,0.8350722128570778,1.0,17/98,14.43%,PRKCB;MAPK9;MAPK10;CAMK4;ADCY2;PLCB1;TIAM1;CAB39L;GNA14;YWHAB;AP2M1;PRKAA2;ACACA;HRAS;PIN1;MAPK1;GRB2
